admission_id,patient_id,doctor_id,department_id,admission_date,discharge_date,admission_type,bed_number,admission_status,readmission_flag,length_of_stay
400001,106741,2029,102,15-02-2025,19-02-2025,Elective,102-03,Discharged,FALSE,4
400002,106693,2005,106,01-06-2025,05-06-2025,Elective,106-27,Discharged,FALSE,4
400003,102502,2033,105,06-02-2026,09-02-2026,Elective,105-41,Discharged,FALSE,3
400004,103112,2047,102,23-02-2025,26-02-2025,Elective,102-01,Discharged,FALSE,3
400005,110514,2022,101,16-06-2026,20-06-2026,Referral,101-24,Discharged,FALSE,4
400006,105360,2048,101,19-07-2025,21-07-2025,Referral,101-40,Under Treatment,FALSE,2
400007,102527,2009,105,11-12-2025,16-12-2025,Elective,105-36,Discharged,FALSE,5
400008,109229,2028,107,30-10-2025,03-11-2025,Elective,107-32,Under Treatment,TRUE,4
400009,107483,2005,106,29-11-2025,02-12-2025,Elective,106-45,Discharged,FALSE,3
400010,103820,2067,107,29-07-2025,04-08-2025,Elective,107-17,Discharged,TRUE,6
400011,109528,2007,106,26-01-2026,29-01-2026,Elective,106-22,Discharged,FALSE,3
400012,101385,2020,102,12-09-2025,19-09-2025,Elective,102-47,Discharged,FALSE,7
400013,107635,2062,101,26-09-2025,29-09-2025,Elective,101-47,Under Treatment,FALSE,3
400014,107064,2011,108,22-01-2026,26-01-2026,Elective,108-47,Discharged,FALSE,4
400015,106513,2073,101,09-03-2025,12-03-2025,Emergency,101-24,Discharged,FALSE,3
400016,101260,2070,106,08-07-2025,13-07-2025,Referral,106-24,Discharged,FALSE,5
400017,100686,2039,108,05-05-2026,12-05-2026,Elective,108-13,Transferred,FALSE,7
400018,111294,2046,107,10-06-2026,16-06-2026,Elective,107-26,Discharged,FALSE,6
400019,101713,2003,103,05-06-2025,11-06-2025,Elective,103-46,Discharged,FALSE,6
400020,101851,2073,101,31-01-2025,02-02-2025,Elective,101-26,Discharged,TRUE,2
400021,109960,2043,108,26-04-2026,29-04-2026,Elective,108-17,Discharged,FALSE,3
400022,110912,2011,108,16-01-2026,17-01-2026,Emergency,108-37,Discharged,FALSE,1
400023,109396,2018,104,29-07-2025,31-07-2025,Referral,104-47,Transferred,FALSE,2
400024,105115,2072,107,30-01-2025,04-02-2025,Elective,107-35,Discharged,FALSE,5
400025,105415,2021,108,07-03-2026,13-03-2026,Elective,108-34,Discharged,TRUE,6
400026,110499,2009,105,23-01-2026,28-01-2026,Elective,105-43,Discharged,FALSE,5
400027,106540,2050,101,26-04-2025,29-04-2025,Elective,101-36,Discharged,FALSE,3
400028,103072,2031,104,12-06-2026,15-06-2026,Emergency,104-21,Discharged,FALSE,3
400029,108268,2045,107,30-05-2025,03-06-2025,Elective,107-12,Discharged,TRUE,4
400030,110249,2002,107,17-03-2025,18-03-2025,Elective,107-19,Discharged,FALSE,1
400031,107689,2039,108,12-09-2025,13-09-2025,Elective,108-33,Discharged,FALSE,1
400032,101713,2037,105,14-03-2026,19-03-2026,Emergency,105-44,Discharged,FALSE,5
400033,108673,2062,101,10-01-2025,17-01-2025,Emergency,101-50,Transferred,FALSE,7
400034,102989,2057,101,26-04-2025,28-04-2025,Referral,101-12,Discharged,FALSE,2
400035,102372,2049,106,19-02-2025,26-02-2025,Emergency,106-17,Discharged,FALSE,7
400036,106137,2043,108,16-07-2025,20-07-2025,Emergency,108-33,Under Treatment,FALSE,4
400037,105284,2056,102,05-10-2025,10-10-2025,Elective,102-49,Discharged,FALSE,5
400038,101510,2053,105,19-06-2025,23-06-2025,Elective,105-17,Discharged,FALSE,4
400039,108870,2051,108,30-10-2025,31-10-2025,Elective,108-35,Discharged,TRUE,1
400040,104239,2074,108,21-02-2025,22-02-2025,Referral,108-13,Discharged,FALSE,1
400041,109785,2040,106,07-08-2025,08-08-2025,Elective,106-33,Discharged,FALSE,1
400042,111679,2010,104,27-10-2025,31-10-2025,Referral,104-38,Discharged,FALSE,4
400043,108724,2007,106,31-01-2025,04-02-2025,Emergency,106-42,Discharged,TRUE,4
400044,103998,2003,103,04-01-2026,08-01-2026,Emergency,103-49,Discharged,TRUE,4
400045,105389,2077,106,30-04-2025,01-05-2025,Elective,106-38,Discharged,FALSE,1
400046,107280,2056,102,08-03-2025,10-03-2025,Emergency,102-47,Discharged,FALSE,2
400047,102658,2013,105,26-08-2025,03-09-2025,Emergency,105-28,Discharged,FALSE,8
400048,111516,2066,102,20-12-2025,22-12-2025,Elective,102-32,Discharged,FALSE,2
400049,108443,2020,102,17-04-2025,18-04-2025,Elective,102-37,Discharged,FALSE,1
400050,110347,2074,108,26-05-2026,30-05-2026,Elective,108-03,Under Treatment,FALSE,4
400051,100167,2077,106,04-03-2025,08-03-2025,Elective,106-07,Discharged,FALSE,4
400052,105077,2012,106,17-05-2026,18-05-2026,Elective,106-38,Discharged,FALSE,1
400053,108713,2051,108,09-04-2026,12-04-2026,Emergency,108-40,Discharged,TRUE,3
400054,109556,2072,107,09-05-2026,10-05-2026,Elective,107-20,Discharged,FALSE,1
400055,100725,2029,102,20-07-2025,22-07-2025,Elective,102-16,Discharged,FALSE,2
400056,107479,2071,103,30-10-2025,04-11-2025,Emergency,103-15,Discharged,FALSE,5
400057,103704,2041,105,14-05-2026,24-05-2026,Referral,105-16,Discharged,FALSE,10
400058,110809,2036,102,05-08-2025,07-08-2025,Elective,102-23,Discharged,FALSE,2
400059,105810,2061,104,13-05-2025,18-05-2025,Elective,104-42,Under Treatment,FALSE,5
400060,106547,2021,108,08-03-2025,09-03-2025,Elective,108-22,Under Treatment,FALSE,1
400061,111636,2022,101,13-06-2026,22-06-2026,Emergency,101-43,Discharged,FALSE,9
400062,111379,2068,101,09-06-2026,11-06-2026,Referral,101-33,Discharged,FALSE,2
400063,109050,2033,105,28-09-2025,01-10-2025,Emergency,105-23,Discharged,FALSE,3
400064,110983,2057,101,21-12-2025,25-12-2025,Emergency,101-42,Discharged,FALSE,4
400065,110615,2018,104,30-08-2025,03-09-2025,Elective,104-32,Discharged,FALSE,4
400066,110665,2066,102,12-05-2026,15-05-2026,Referral,102-30,Discharged,FALSE,3
400067,109798,2040,106,18-07-2025,21-07-2025,Emergency,106-37,Discharged,FALSE,3
400068,108259,2010,104,31-05-2025,03-06-2025,Referral,104-08,Discharged,FALSE,3
400069,110729,2032,101,25-03-2026,31-03-2026,Elective,101-20,Discharged,FALSE,6
400070,102960,2013,105,13-04-2026,16-04-2026,Referral,105-32,Discharged,FALSE,3
400071,107944,2051,108,08-10-2025,09-10-2025,Elective,108-40,Discharged,FALSE,1
400072,110841,2055,106,04-09-2025,05-09-2025,Referral,106-42,Discharged,FALSE,1
400073,105335,2041,105,28-06-2025,01-07-2025,Elective,105-27,Discharged,FALSE,3
400074,110651,2077,106,07-04-2025,10-04-2025,Referral,106-32,Discharged,TRUE,3
400075,102399,2004,101,15-04-2026,22-04-2026,Elective,101-13,Discharged,FALSE,7
400076,108200,2067,107,14-04-2026,15-04-2026,Emergency,107-21,Discharged,FALSE,1
400077,100348,2038,108,15-05-2026,17-05-2026,Elective,108-46,Discharged,FALSE,2
400078,110841,2023,108,18-12-2025,24-12-2025,Elective,108-35,Discharged,FALSE,6
400079,106456,2005,106,23-12-2025,28-12-2025,Emergency,106-43,Discharged,FALSE,5
400080,100161,2069,106,30-04-2025,09-05-2025,Elective,106-28,Discharged,FALSE,9
400081,101587,2008,105,13-09-2025,16-09-2025,Elective,105-40,Discharged,FALSE,3
400082,109326,2016,107,02-06-2025,04-06-2025,Emergency,107-47,Discharged,FALSE,2
400083,109504,2067,107,07-08-2025,09-08-2025,Referral,107-50,Discharged,FALSE,2
400084,105045,2037,105,21-05-2025,27-05-2025,Elective,105-40,Transferred,TRUE,6
400085,104054,2033,105,18-02-2026,21-02-2026,Emergency,105-50,Discharged,FALSE,3
400086,103732,2011,108,28-12-2025,29-12-2025,Referral,108-16,Discharged,FALSE,1
400087,102894,2010,104,20-07-2025,21-07-2025,Referral,104-50,Under Treatment,FALSE,1
400088,109090,2056,102,17-03-2025,20-03-2025,Elective,102-33,Under Treatment,FALSE,3
400089,110845,2046,107,26-11-2025,28-11-2025,Elective,107-45,Discharged,FALSE,2
400090,102752,2014,105,27-01-2025,02-02-2025,Referral,105-10,Discharged,FALSE,6
400091,108751,2010,104,23-05-2026,27-05-2026,Emergency,104-10,Under Treatment,TRUE,4
400092,110985,2003,103,09-10-2025,11-10-2025,Elective,103-22,Transferred,FALSE,2
400093,103192,2059,104,28-02-2025,06-03-2025,Emergency,104-20,Discharged,FALSE,6
400094,104531,2047,102,09-09-2025,15-09-2025,Emergency,102-50,Discharged,FALSE,6
400095,104056,2018,104,17-02-2025,18-02-2025,Elective,104-26,Discharged,FALSE,1
400096,109368,2053,105,10-05-2025,11-05-2025,Elective,105-04,Discharged,TRUE,1
400097,108779,2003,103,21-04-2025,28-04-2025,Emergency,103-10,Discharged,FALSE,7
400098,100291,2019,101,01-05-2026,14-05-2026,Emergency,101-09,Transferred,FALSE,13
400099,101718,2010,104,09-04-2026,13-04-2026,Referral,104-10,Discharged,FALSE,4
400100,101857,2050,101,28-03-2025,30-03-2025,Emergency,101-38,Discharged,FALSE,2
400101,100781,2023,108,30-03-2026,02-04-2026,Referral,108-08,Discharged,FALSE,3
400102,106737,2041,105,24-08-2025,27-08-2025,Elective,105-36,Discharged,FALSE,3
400103,102513,2058,102,17-06-2025,20-06-2025,Elective,102-43,Discharged,FALSE,3
400104,111739,2046,107,09-02-2026,14-02-2026,Elective,107-08,Discharged,TRUE,5
400105,102503,2055,106,23-09-2025,25-09-2025,Elective,106-31,Discharged,FALSE,2
400106,104864,2058,102,08-08-2025,13-08-2025,Referral,102-33,Discharged,FALSE,5
400107,108278,2015,103,31-10-2025,05-11-2025,Referral,103-13,Under Treatment,FALSE,5
400108,102057,2055,106,14-07-2025,18-07-2025,Emergency,106-19,Discharged,FALSE,4
400109,108249,2002,107,20-10-2025,23-10-2025,Elective,107-39,Discharged,FALSE,3
400110,102673,2020,102,06-04-2025,10-04-2025,Referral,102-12,Discharged,FALSE,4
400111,110548,2027,101,20-01-2026,23-01-2026,Elective,101-43,Discharged,FALSE,3
400112,103715,2009,105,22-08-2025,24-08-2025,Elective,105-30,Discharged,TRUE,2
400113,100645,2016,107,16-05-2026,19-05-2026,Elective,107-17,Discharged,FALSE,3
400114,101497,2044,106,09-08-2025,11-08-2025,Elective,106-36,Discharged,FALSE,2
400115,111961,2013,105,05-09-2025,06-09-2025,Emergency,105-38,Discharged,FALSE,1
400116,109640,2028,107,07-12-2025,11-12-2025,Emergency,107-38,Discharged,FALSE,4
400117,105208,2028,107,04-02-2025,06-02-2025,Elective,107-10,Discharged,FALSE,2
400118,108077,2070,106,03-04-2026,05-04-2026,Emergency,106-12,Discharged,FALSE,2
400119,108257,2077,106,07-04-2025,08-04-2025,Emergency,106-26,Discharged,FALSE,1
400120,105136,2049,106,04-09-2025,06-09-2025,Elective,106-10,Discharged,FALSE,2
400121,100060,2067,107,29-05-2026,31-05-2026,Emergency,107-22,Transferred,FALSE,2
400122,109246,2037,105,03-05-2026,04-05-2026,Elective,105-38,Discharged,FALSE,1
400123,106445,2027,101,22-03-2025,30-03-2025,Referral,101-50,Discharged,FALSE,8
400124,103040,2051,108,13-02-2025,21-02-2025,Elective,108-12,Discharged,FALSE,8
400125,110058,2056,102,24-10-2025,29-10-2025,Elective,102-40,Discharged,FALSE,5
400126,102435,2047,102,04-02-2026,07-02-2026,Elective,102-46,Discharged,FALSE,3
400127,111248,2066,102,19-04-2025,23-04-2025,Elective,102-12,Transferred,FALSE,4
400128,101697,2050,101,21-01-2025,22-01-2025,Elective,101-03,Under Treatment,FALSE,1
400129,101927,2019,101,21-08-2025,27-08-2025,Elective,101-19,Discharged,FALSE,6
400130,105766,2013,105,23-07-2025,24-07-2025,Emergency,105-50,Discharged,FALSE,1
400131,102578,2010,104,26-01-2026,30-01-2026,Elective,104-40,Discharged,FALSE,4
400132,109300,2023,108,08-02-2025,09-02-2025,Referral,108-01,Discharged,FALSE,1
400133,104738,2080,107,27-05-2026,01-06-2026,Elective,107-04,Discharged,FALSE,5
400134,102581,2047,102,06-02-2026,08-02-2026,Elective,102-13,Discharged,FALSE,2
400135,106269,2066,102,24-11-2025,25-11-2025,Referral,102-31,Discharged,FALSE,1
400136,108228,2025,105,06-08-2025,09-08-2025,Referral,105-30,Transferred,FALSE,3
400137,100614,2027,101,06-11-2025,11-11-2025,Elective,101-44,Discharged,FALSE,5
400138,109477,2037,105,29-05-2025,03-06-2025,Elective,105-18,Discharged,FALSE,5
400139,107795,2006,106,10-05-2025,16-05-2025,Elective,106-06,Discharged,FALSE,6
400140,106671,2009,105,23-09-2025,30-09-2025,Elective,105-09,Discharged,FALSE,7
400141,106265,2061,104,05-01-2026,08-01-2026,Elective,104-18,Discharged,FALSE,3
400142,107575,2068,101,18-06-2025,29-06-2025,Emergency,101-10,Discharged,FALSE,11
400143,107175,2028,107,16-12-2025,20-12-2025,Elective,107-14,Discharged,FALSE,4
400144,100630,2047,102,18-03-2025,20-03-2025,Emergency,102-34,Discharged,TRUE,2
400145,100155,2005,106,27-01-2026,30-01-2026,Elective,106-20,Discharged,FALSE,3
400146,109022,2059,104,05-09-2025,12-09-2025,Elective,104-35,Discharged,FALSE,7
400147,102798,2044,106,06-05-2025,13-05-2025,Elective,106-08,Discharged,FALSE,7
400148,100328,2061,104,01-09-2025,02-09-2025,Elective,104-14,Discharged,FALSE,1
400149,109005,2061,104,18-01-2026,20-01-2026,Elective,104-39,Under Treatment,FALSE,2
400150,106217,2058,102,23-07-2025,27-07-2025,Emergency,102-16,Discharged,FALSE,4
400151,108721,2052,104,17-12-2025,19-12-2025,Emergency,104-19,Under Treatment,FALSE,2
400152,104186,2049,106,18-09-2025,22-09-2025,Elective,106-35,Discharged,FALSE,4
400153,107385,2032,101,16-11-2025,30-11-2025,Referral,101-22,Discharged,TRUE,14
400154,108840,2052,104,02-03-2025,08-03-2025,Elective,104-02,Discharged,FALSE,6
400155,100495,2048,101,10-02-2025,13-02-2025,Elective,101-06,Transferred,FALSE,3
400156,101159,2040,106,01-02-2025,06-02-2025,Emergency,106-01,Discharged,FALSE,5
400157,104407,2032,101,10-07-2025,16-07-2025,Emergency,101-20,Discharged,FALSE,6
400158,100447,2028,107,09-10-2025,10-10-2025,Emergency,107-05,Discharged,FALSE,1
400159,105566,2023,108,29-09-2025,01-10-2025,Elective,108-23,Discharged,FALSE,2
400160,108590,2072,107,25-05-2025,29-05-2025,Referral,107-50,Discharged,FALSE,4
400161,110152,2063,108,16-01-2026,21-01-2026,Elective,108-50,Discharged,FALSE,5
400162,107264,2021,108,22-01-2025,23-01-2025,Referral,108-24,Discharged,FALSE,1
400163,107768,2007,106,19-08-2025,24-08-2025,Elective,106-20,Discharged,TRUE,5
400164,109265,2035,103,10-01-2026,13-01-2026,Elective,103-39,Discharged,FALSE,3
400165,106853,2016,107,02-02-2025,04-02-2025,Referral,107-27,Discharged,FALSE,2
400166,104119,2012,106,13-08-2025,16-08-2025,Elective,106-46,Under Treatment,FALSE,3
400167,107847,2025,105,13-01-2026,30-01-2026,Emergency,105-47,Discharged,FALSE,17
400168,103030,2055,106,19-06-2026,27-06-2026,Emergency,106-42,Discharged,FALSE,8
400169,102323,2015,103,22-06-2025,24-06-2025,Elective,103-24,Discharged,FALSE,2
400170,105986,2007,106,04-03-2025,05-03-2025,Elective,106-21,Under Treatment,FALSE,1
400171,102412,2044,106,07-11-2025,13-11-2025,Emergency,106-08,Discharged,FALSE,6
400172,102427,2026,102,15-02-2025,16-02-2025,Elective,102-47,Transferred,FALSE,1
400173,105385,2065,104,15-03-2025,17-03-2025,Elective,104-50,Discharged,FALSE,2
400174,103006,2021,108,14-05-2026,18-05-2026,Referral,108-28,Transferred,FALSE,4
400175,110608,2006,106,29-04-2025,02-05-2025,Emergency,106-47,Discharged,FALSE,3
400176,109066,2060,103,22-02-2026,26-02-2026,Emergency,103-42,Discharged,TRUE,4
400177,104632,2033,105,14-06-2026,17-06-2026,Elective,105-26,Discharged,FALSE,3
400178,104490,2047,102,22-11-2025,26-11-2025,Elective,102-46,Discharged,FALSE,4
400179,103656,2056,102,28-05-2025,30-05-2025,Elective,102-10,Discharged,FALSE,2
400180,109247,2009,105,17-06-2025,19-06-2025,Emergency,105-03,Discharged,FALSE,2
400181,109681,2060,103,28-01-2026,29-01-2026,Elective,103-49,Under Treatment,FALSE,1
400182,100273,2026,102,03-07-2025,07-07-2025,Emergency,102-07,Discharged,FALSE,4
400183,103434,2047,102,05-03-2026,08-03-2026,Referral,102-17,Under Treatment,FALSE,3
400184,109308,2061,104,08-04-2026,12-04-2026,Emergency,104-41,Discharged,FALSE,4
400185,108788,2010,104,10-09-2025,12-09-2025,Elective,104-11,Discharged,FALSE,2
400186,100612,2004,101,31-01-2025,01-02-2025,Referral,101-25,Discharged,FALSE,1
400187,110656,2024,108,14-10-2025,20-10-2025,Emergency,108-26,Transferred,FALSE,6
400188,104635,2008,105,29-06-2025,30-06-2025,Referral,105-31,Discharged,FALSE,1
400189,108443,2003,103,07-04-2026,16-04-2026,Emergency,103-08,Discharged,FALSE,9
400190,111022,2065,104,17-07-2025,22-07-2025,Referral,104-29,Discharged,FALSE,5
400191,101984,2067,107,20-02-2026,24-02-2026,Elective,107-29,Discharged,FALSE,4
400192,107090,2021,108,07-05-2025,08-05-2025,Referral,108-34,Discharged,FALSE,1
400193,103351,2070,106,25-06-2025,26-06-2025,Referral,106-38,Discharged,FALSE,1
400194,103157,2004,101,16-03-2025,19-03-2025,Referral,101-08,Discharged,FALSE,3
400195,100074,2020,102,10-10-2025,11-10-2025,Elective,102-38,Discharged,FALSE,1
400196,110911,2076,104,09-01-2025,13-01-2025,Referral,104-50,Discharged,FALSE,4
400197,108438,2055,106,16-03-2026,20-03-2026,Elective,106-10,Discharged,FALSE,4
400198,100771,2070,106,17-07-2025,22-07-2025,Elective,106-19,Discharged,FALSE,5
400199,100019,2061,104,23-12-2025,24-12-2025,Emergency,104-45,Discharged,FALSE,1
400200,106887,2066,102,18-01-2025,23-01-2025,Elective,102-47,Discharged,FALSE,5
400201,105212,2077,106,20-10-2025,25-10-2025,Elective,106-28,Discharged,FALSE,5
400202,111447,2034,102,08-10-2025,15-10-2025,Referral,102-11,Discharged,FALSE,7
400203,111131,2033,105,11-08-2025,16-08-2025,Emergency,105-48,Discharged,FALSE,5
400204,101211,2060,103,06-03-2025,10-03-2025,Emergency,103-18,Discharged,FALSE,4
400205,110727,2026,102,21-06-2025,24-06-2025,Elective,102-33,Under Treatment,FALSE,3
400206,102394,2017,106,26-12-2025,29-12-2025,Elective,106-27,Discharged,FALSE,3
400207,103215,2011,108,16-04-2026,19-04-2026,Emergency,108-15,Discharged,TRUE,3
400208,111064,2070,106,19-06-2026,26-06-2026,Elective,106-25,Discharged,FALSE,7
400209,104673,2076,104,19-01-2025,24-01-2025,Referral,104-12,Discharged,FALSE,5
400210,107841,2007,106,14-04-2026,17-04-2026,Elective,106-48,Discharged,FALSE,3
400211,100519,2031,104,28-01-2026,04-02-2026,Elective,104-23,Discharged,FALSE,7
400212,110557,2026,102,10-07-2025,23-07-2025,Emergency,102-16,Discharged,TRUE,13
400213,107172,2019,101,15-03-2026,19-03-2026,Emergency,101-27,Discharged,FALSE,4
400214,110113,2012,106,16-05-2025,18-05-2025,Emergency,106-27,Discharged,FALSE,2
400215,102427,2034,102,11-06-2025,15-06-2025,Referral,102-10,Discharged,FALSE,4
400216,108245,2004,101,06-02-2026,07-02-2026,Referral,101-14,Discharged,FALSE,1
400217,100296,2042,102,06-06-2025,08-06-2025,Elective,102-17,Under Treatment,FALSE,2
400218,102981,2029,102,25-01-2025,28-01-2025,Emergency,102-26,Discharged,FALSE,3
400219,104783,2012,106,15-03-2026,17-03-2026,Elective,106-40,Discharged,FALSE,2
400220,103994,2080,107,28-07-2025,02-08-2025,Emergency,107-16,Discharged,FALSE,5
400221,103748,2040,106,26-12-2025,27-12-2025,Elective,106-32,Discharged,FALSE,1
400222,105328,2078,105,12-05-2026,14-05-2026,Elective,105-20,Discharged,FALSE,2
400223,103278,2073,101,28-12-2025,29-12-2025,Elective,101-30,Discharged,FALSE,1
400224,100820,2056,102,24-10-2025,27-10-2025,Elective,102-26,Discharged,FALSE,3
400225,108530,2076,104,29-01-2025,03-02-2025,Elective,104-10,Discharged,FALSE,5
400226,101616,2033,105,15-04-2026,20-04-2026,Emergency,105-38,Transferred,FALSE,5
400227,102311,2029,102,07-12-2025,10-12-2025,Elective,102-19,Discharged,FALSE,3
400228,107627,2052,104,28-05-2025,03-06-2025,Elective,104-36,Discharged,FALSE,6
400229,111053,2068,101,14-01-2026,18-01-2026,Emergency,101-30,Discharged,FALSE,4
400230,102678,2068,101,13-06-2025,25-06-2025,Emergency,101-36,Discharged,FALSE,12
400231,110355,2021,108,06-11-2025,08-11-2025,Elective,108-45,Discharged,FALSE,2
400232,109005,2018,104,08-02-2026,12-02-2026,Elective,104-01,Discharged,FALSE,4
400233,105858,2026,102,26-11-2025,28-11-2025,Elective,102-04,Transferred,TRUE,2
400234,103885,2034,102,23-02-2025,24-02-2025,Referral,102-19,Discharged,FALSE,1
400235,110546,2054,102,16-04-2026,19-04-2026,Elective,102-36,Discharged,FALSE,3
400236,106353,2021,108,09-06-2026,13-06-2026,Emergency,108-14,Discharged,TRUE,4
400237,108296,2019,101,10-03-2026,14-03-2026,Elective,101-47,Discharged,FALSE,4
400238,104994,2010,104,12-06-2025,21-06-2025,Emergency,104-25,Discharged,FALSE,9
400239,105795,2080,107,28-03-2025,31-03-2025,Emergency,107-29,Discharged,FALSE,3
400240,104816,2072,107,08-05-2025,13-05-2025,Elective,107-33,Discharged,FALSE,5
400241,101243,2010,104,14-04-2026,16-04-2026,Elective,104-12,Discharged,FALSE,2
400242,105994,2070,106,03-03-2026,09-03-2026,Elective,106-07,Discharged,FALSE,6
400243,103396,2043,108,23-05-2026,28-05-2026,Elective,108-38,Discharged,FALSE,5
400244,106906,2050,101,15-04-2026,22-04-2026,Emergency,101-02,Discharged,FALSE,7
400245,109954,2036,102,22-02-2025,26-02-2025,Elective,102-36,Discharged,TRUE,4
400246,100537,2067,107,13-06-2026,20-06-2026,Elective,107-35,Discharged,FALSE,7
400247,107485,2037,105,25-01-2025,27-01-2025,Elective,105-36,Under Treatment,FALSE,2
400248,110592,2005,106,28-03-2026,01-04-2026,Elective,106-17,Under Treatment,FALSE,4
400249,108784,2007,106,21-09-2025,01-10-2025,Elective,106-43,Under Treatment,FALSE,10
400250,111658,2016,107,04-05-2025,10-05-2025,Elective,107-17,Discharged,FALSE,6
400251,111339,2032,101,05-11-2025,06-11-2025,Emergency,101-08,Discharged,FALSE,1
400252,101908,2017,106,08-12-2025,13-12-2025,Elective,106-30,Discharged,TRUE,5
400253,105698,2013,105,31-08-2025,03-09-2025,Referral,105-09,Discharged,FALSE,3
400254,100342,2059,104,13-01-2026,15-01-2026,Elective,104-11,Discharged,FALSE,2
400255,100121,2076,104,15-11-2025,17-11-2025,Elective,104-15,Discharged,FALSE,2
400256,109974,2072,107,01-10-2025,03-10-2025,Elective,107-02,Discharged,FALSE,2
400257,111026,2001,102,14-09-2025,20-09-2025,Emergency,102-02,Discharged,FALSE,6
400258,106426,2005,106,08-11-2025,11-11-2025,Emergency,106-18,Discharged,FALSE,3
400259,108486,2016,107,29-10-2025,05-11-2025,Elective,107-39,Transferred,FALSE,7
400260,105485,2068,101,31-03-2025,01-04-2025,Elective,101-30,Discharged,FALSE,1
400261,111767,2026,102,09-01-2026,14-01-2026,Emergency,102-49,Discharged,FALSE,5
400262,111717,2028,107,29-08-2025,03-09-2025,Elective,107-35,Discharged,TRUE,5
400263,104728,2022,101,30-08-2025,01-09-2025,Referral,101-33,Discharged,FALSE,2
400264,100459,2069,106,28-03-2026,06-04-2026,Referral,106-09,Discharged,FALSE,9
400265,101723,2030,105,26-04-2026,28-04-2026,Referral,105-05,Discharged,FALSE,2
400266,104533,2068,101,18-02-2025,19-02-2025,Elective,101-43,Discharged,FALSE,1
400267,111078,2028,107,26-10-2025,27-10-2025,Elective,107-18,Discharged,FALSE,1
400268,101385,2008,105,01-03-2026,16-03-2026,Emergency,105-42,Discharged,FALSE,15
400269,109168,2031,104,09-02-2025,11-02-2025,Referral,104-41,Discharged,FALSE,2
400270,100291,2077,106,29-12-2025,01-01-2026,Referral,106-44,Transferred,FALSE,3
400271,105543,2034,102,04-08-2025,09-08-2025,Elective,102-27,Discharged,FALSE,5
400272,107761,2059,104,09-03-2025,10-03-2025,Elective,104-20,Discharged,FALSE,1
400273,107534,2050,101,25-05-2026,28-05-2026,Elective,101-16,Discharged,FALSE,3
400274,104414,2076,104,23-01-2026,31-01-2026,Emergency,104-48,Discharged,FALSE,8
400275,109331,2014,105,07-05-2025,15-05-2025,Elective,105-29,Discharged,FALSE,8
400276,106710,2060,103,10-11-2025,14-11-2025,Emergency,103-17,Discharged,FALSE,4
400277,101344,2026,102,30-08-2025,09-09-2025,Emergency,102-12,Discharged,FALSE,10
400278,101453,2030,105,22-05-2026,28-05-2026,Elective,105-32,Discharged,FALSE,6
400279,111963,2054,102,31-12-2025,06-01-2026,Elective,102-48,Under Treatment,FALSE,6
400280,107868,2057,101,26-05-2026,30-05-2026,Emergency,101-39,Discharged,FALSE,4
400281,110560,2051,108,29-03-2026,07-04-2026,Elective,108-17,Discharged,TRUE,9
400282,100468,2051,108,05-05-2026,12-05-2026,Referral,108-11,Transferred,FALSE,7
400283,107015,2009,105,04-02-2026,06-02-2026,Referral,105-08,Discharged,FALSE,2
400284,107387,2046,107,23-12-2025,24-12-2025,Elective,107-08,Discharged,FALSE,1
400285,106864,2031,104,27-03-2026,05-04-2026,Emergency,104-21,Discharged,FALSE,9
400286,105779,2037,105,05-10-2025,10-10-2025,Elective,105-41,Discharged,FALSE,5
400287,101552,2078,105,02-08-2025,04-08-2025,Elective,105-30,Discharged,TRUE,2
400288,111461,2038,108,29-05-2025,30-05-2025,Elective,108-42,Discharged,FALSE,1
400289,105747,2040,106,05-12-2025,08-12-2025,Elective,106-49,Discharged,FALSE,3
400290,100976,2024,108,31-08-2025,12-09-2025,Elective,108-38,Discharged,FALSE,12
400291,102429,2030,105,09-02-2025,11-02-2025,Referral,105-24,Discharged,FALSE,2
400292,109511,2079,104,02-07-2025,07-07-2025,Elective,104-18,Transferred,FALSE,5
400293,100426,2028,107,13-10-2025,15-10-2025,Referral,107-34,Discharged,FALSE,2
400294,100594,2030,105,25-03-2025,30-03-2025,Elective,105-31,Transferred,FALSE,5
400295,108012,2072,107,30-03-2025,08-04-2025,Elective,107-12,Discharged,FALSE,9
400296,111458,2056,102,05-09-2025,06-09-2025,Emergency,102-10,Discharged,FALSE,1
400297,108827,2075,104,26-02-2026,27-02-2026,Elective,104-27,Discharged,FALSE,1
400298,104593,2071,103,11-04-2026,18-04-2026,Elective,103-04,Discharged,FALSE,7
400299,104391,2073,101,17-06-2025,22-06-2025,Elective,101-13,Discharged,TRUE,5
400300,109422,2050,101,24-08-2025,28-08-2025,Emergency,101-05,Discharged,FALSE,4
400301,107033,2063,108,05-02-2026,06-02-2026,Elective,108-41,Discharged,FALSE,1
400302,107354,2017,106,27-05-2026,28-05-2026,Elective,106-46,Discharged,FALSE,1
400303,105650,2050,101,26-03-2026,30-03-2026,Emergency,101-20,Discharged,FALSE,4
400304,102757,2030,105,26-07-2025,02-08-2025,Elective,105-09,Discharged,FALSE,7
400305,105442,2067,107,08-09-2025,12-09-2025,Emergency,107-14,Discharged,FALSE,4
400306,100664,2079,104,17-10-2025,19-10-2025,Elective,104-49,Discharged,FALSE,2
400307,106671,2072,107,15-04-2026,18-04-2026,Elective,107-28,Discharged,FALSE,3
400308,106715,2049,106,28-10-2025,01-11-2025,Emergency,106-17,Discharged,FALSE,4
400309,105972,2059,104,30-11-2025,01-12-2025,Referral,104-10,Discharged,FALSE,1
400310,111543,2005,106,07-01-2025,11-01-2025,Emergency,106-49,Discharged,FALSE,4
400311,108132,2042,102,18-01-2025,21-01-2025,Referral,102-24,Discharged,TRUE,3
400312,111010,2008,105,01-01-2026,07-01-2026,Referral,105-46,Discharged,FALSE,6
400313,105753,2059,104,20-01-2025,23-01-2025,Emergency,104-28,Discharged,FALSE,3
400314,105738,2023,108,20-01-2026,21-01-2026,Elective,108-23,Discharged,TRUE,1
400315,107598,2011,108,08-01-2026,10-01-2026,Emergency,108-49,Discharged,FALSE,2
400316,111786,2038,108,29-05-2025,01-06-2025,Elective,108-06,Discharged,FALSE,3
400317,100308,2014,105,04-05-2026,08-05-2026,Emergency,105-11,Discharged,FALSE,4
400318,111090,2048,101,21-07-2025,25-07-2025,Elective,101-14,Discharged,FALSE,4
400319,106063,2022,101,09-12-2025,13-12-2025,Elective,101-44,Discharged,FALSE,4
400320,104035,2028,107,09-07-2025,10-07-2025,Elective,107-05,Discharged,FALSE,1
400321,109824,2003,103,10-04-2025,13-04-2025,Referral,103-37,Discharged,FALSE,3
400322,100966,2024,108,13-06-2026,15-06-2026,Referral,108-24,Discharged,FALSE,2
400323,107107,2052,104,20-08-2025,22-08-2025,Emergency,104-40,Discharged,FALSE,2
400324,103430,2033,105,28-02-2025,05-03-2025,Emergency,105-26,Discharged,FALSE,5
400325,107716,2035,103,08-03-2026,12-03-2026,Elective,103-14,Discharged,FALSE,4
400326,105254,2025,105,17-04-2026,20-04-2026,Emergency,105-24,Discharged,FALSE,3
400327,100795,2006,106,27-06-2025,01-07-2025,Referral,106-37,Discharged,TRUE,4
400328,101542,2023,108,05-08-2025,11-08-2025,Referral,108-19,Transferred,FALSE,6
400329,106606,2027,101,14-07-2025,19-07-2025,Elective,101-25,Discharged,FALSE,5
400330,110183,2002,107,13-06-2025,19-06-2025,Elective,107-42,Transferred,TRUE,6
400331,111845,2062,101,02-10-2025,10-10-2025,Elective,101-34,Discharged,FALSE,8
400332,111719,2046,107,29-05-2026,30-05-2026,Elective,107-14,Discharged,FALSE,1
400333,110809,2027,101,21-03-2026,24-03-2026,Emergency,101-30,Under Treatment,FALSE,3
400334,105301,2045,107,05-07-2025,07-07-2025,Elective,107-11,Discharged,FALSE,2
400335,100512,2005,106,22-04-2026,23-04-2026,Referral,106-04,Discharged,FALSE,1
400336,110591,2029,102,24-04-2025,26-04-2025,Elective,102-45,Transferred,FALSE,2
400337,107021,2029,102,26-04-2026,01-05-2026,Elective,102-45,Discharged,FALSE,5
400338,109161,2032,101,28-05-2025,31-05-2025,Emergency,101-17,Discharged,FALSE,3
400339,110398,2027,101,27-12-2025,30-12-2025,Referral,101-01,Transferred,FALSE,3
400340,109277,2002,107,15-06-2026,20-06-2026,Emergency,107-37,Discharged,FALSE,5
400341,109637,2016,107,12-01-2025,15-01-2025,Referral,107-49,Discharged,FALSE,3
400342,102021,2024,108,28-11-2025,30-11-2025,Elective,108-19,Discharged,FALSE,2
400343,101249,2049,106,21-12-2025,27-12-2025,Referral,106-15,Discharged,FALSE,6
400344,108886,2013,105,15-08-2025,18-08-2025,Elective,105-13,Discharged,FALSE,3
400345,109439,2027,101,26-12-2025,27-12-2025,Elective,101-26,Transferred,FALSE,1
400346,104470,2042,102,30-06-2025,09-07-2025,Emergency,102-34,Discharged,FALSE,9
400347,105288,2015,103,06-10-2025,07-10-2025,Emergency,103-40,Discharged,FALSE,1
400348,100477,2026,102,16-04-2025,17-04-2025,Elective,102-37,Discharged,FALSE,1
400349,110681,2062,101,30-01-2026,08-02-2026,Referral,101-16,Discharged,FALSE,9
400350,104819,2035,103,27-04-2026,03-05-2026,Emergency,103-19,Discharged,FALSE,6
400351,100981,2026,102,24-09-2025,02-10-2025,Elective,102-31,Discharged,FALSE,8
400352,100578,2071,103,17-11-2025,18-11-2025,Elective,103-46,Under Treatment,TRUE,1
400353,100569,2040,106,17-07-2025,20-07-2025,Elective,106-27,Discharged,FALSE,3
400354,102415,2044,106,11-07-2025,14-07-2025,Emergency,106-38,Discharged,FALSE,3
400355,104946,2037,105,08-04-2025,13-04-2025,Referral,105-14,Discharged,FALSE,5
400356,106561,2069,106,21-06-2025,23-06-2025,Emergency,106-17,Discharged,FALSE,2
400357,104072,2017,106,12-06-2026,20-06-2026,Elective,106-16,Discharged,FALSE,8
400358,110423,2071,103,08-08-2025,09-08-2025,Referral,103-38,Discharged,TRUE,1
400359,102813,2072,107,18-02-2025,19-02-2025,Emergency,107-34,Discharged,FALSE,1
400360,100909,2045,107,30-05-2025,01-06-2025,Emergency,107-10,Discharged,FALSE,2
400361,108984,2029,102,30-03-2025,01-04-2025,Elective,102-13,Discharged,FALSE,2
400362,110542,2033,105,23-09-2025,25-09-2025,Elective,105-28,Discharged,FALSE,2
400363,101766,2050,101,19-04-2026,22-04-2026,Emergency,101-42,Discharged,FALSE,3
400364,110591,2004,101,04-03-2026,07-03-2026,Elective,101-21,Discharged,FALSE,3
400365,110284,2068,101,01-04-2026,04-04-2026,Elective,101-20,Discharged,FALSE,3
400366,102651,2051,108,05-04-2026,08-04-2026,Elective,108-27,Discharged,FALSE,3
400367,110396,2033,105,01-04-2026,06-04-2026,Elective,105-36,Discharged,FALSE,5
400368,106779,2016,107,22-05-2025,30-05-2025,Emergency,107-08,Transferred,FALSE,8
400369,102839,2031,104,13-02-2026,15-02-2026,Referral,104-12,Discharged,FALSE,2
400370,104101,2044,106,26-11-2025,27-11-2025,Emergency,106-40,Discharged,FALSE,1
400371,103114,2033,105,15-03-2026,16-03-2026,Emergency,105-05,Discharged,TRUE,1
400372,107599,2029,102,03-09-2025,04-09-2025,Emergency,102-44,Discharged,FALSE,1
400373,104434,2075,104,30-03-2025,13-04-2025,Emergency,104-38,Discharged,FALSE,14
400374,100068,2012,106,14-02-2025,15-02-2025,Elective,106-04,Discharged,FALSE,1
400375,108405,2068,101,15-05-2026,18-05-2026,Emergency,101-03,Discharged,FALSE,3
400376,109701,2044,106,26-05-2025,28-05-2025,Referral,106-21,Discharged,FALSE,2
400377,100421,2011,108,09-06-2026,15-06-2026,Elective,108-50,Discharged,FALSE,6
400378,106986,2025,105,17-01-2026,22-01-2026,Elective,105-50,Discharged,FALSE,5
400379,105246,2064,108,29-08-2025,30-08-2025,Referral,108-09,Discharged,FALSE,1
400380,101140,2021,108,31-12-2025,07-01-2026,Elective,108-18,Transferred,FALSE,7
400381,110727,2019,101,11-01-2026,22-01-2026,Referral,101-20,Discharged,FALSE,11
400382,110071,2063,108,07-10-2025,11-10-2025,Elective,108-36,Discharged,FALSE,4
400383,109841,2056,102,07-06-2025,10-06-2025,Emergency,102-15,Discharged,FALSE,3
400384,100695,2009,105,13-06-2026,18-06-2026,Elective,105-30,Discharged,FALSE,5
400385,101976,2059,104,04-03-2026,06-03-2026,Elective,104-11,Discharged,TRUE,2
400386,110797,2014,105,20-02-2025,23-02-2025,Emergency,105-20,Discharged,FALSE,3
400387,111925,2064,108,28-10-2025,30-10-2025,Elective,108-15,Discharged,FALSE,2
400388,108307,2058,102,08-06-2025,10-06-2025,Elective,102-34,Discharged,FALSE,2
400389,103662,2001,102,18-06-2025,19-06-2025,Emergency,102-42,Discharged,FALSE,1
400390,106456,2009,105,18-04-2025,22-04-2025,Elective,105-17,Discharged,FALSE,4
400391,101153,2053,105,12-05-2025,22-05-2025,Referral,105-50,Discharged,FALSE,10
400392,110512,2050,101,22-03-2025,27-03-2025,Emergency,101-29,Discharged,FALSE,5
400393,103066,2019,101,01-04-2026,02-04-2026,Emergency,101-10,Under Treatment,FALSE,1
400394,111238,2074,108,05-05-2025,08-05-2025,Emergency,108-26,Discharged,FALSE,3
400395,110922,2076,104,02-11-2025,03-11-2025,Emergency,104-44,Discharged,FALSE,1
400396,102446,2059,104,04-10-2025,05-10-2025,Elective,104-50,Discharged,FALSE,1
400397,108718,2024,108,17-04-2026,19-04-2026,Emergency,108-32,Discharged,FALSE,2
400398,109310,2027,101,04-02-2025,09-02-2025,Elective,101-14,Discharged,FALSE,5
400399,106437,2047,102,18-12-2025,20-12-2025,Referral,102-17,Discharged,FALSE,2
400400,106494,2025,105,10-06-2026,15-06-2026,Referral,105-32,Discharged,FALSE,5
400401,107855,2035,103,03-12-2025,08-12-2025,Elective,103-34,Discharged,FALSE,5
400402,107126,2064,108,06-02-2025,08-02-2025,Referral,108-49,Discharged,FALSE,2
400403,111362,2020,102,12-09-2025,16-09-2025,Elective,102-07,Discharged,FALSE,4
400404,100533,2029,102,12-05-2026,16-05-2026,Elective,102-26,Discharged,FALSE,4
400405,100283,2031,104,02-06-2025,07-06-2025,Referral,104-45,Discharged,FALSE,5
400406,103181,2020,102,03-10-2025,08-10-2025,Elective,102-19,Discharged,FALSE,5
400407,105213,2074,108,08-11-2025,15-11-2025,Elective,108-01,Discharged,FALSE,7
400408,105605,2003,103,12-05-2026,18-05-2026,Elective,103-32,Discharged,FALSE,6
400409,104873,2054,102,29-04-2025,04-05-2025,Emergency,102-45,Discharged,FALSE,5
400410,109108,2033,105,30-03-2025,03-04-2025,Emergency,105-16,Under Treatment,FALSE,4
400411,110783,2076,104,25-03-2025,01-04-2025,Elective,104-39,Transferred,FALSE,7
400412,110195,2057,101,20-05-2026,23-05-2026,Emergency,101-30,Transferred,FALSE,3
400413,109082,2025,105,05-04-2026,09-04-2026,Elective,105-15,Discharged,FALSE,4
400414,111836,2009,105,09-03-2026,10-03-2026,Elective,105-14,Discharged,FALSE,1
400415,108894,2073,101,05-12-2025,13-12-2025,Elective,101-03,Discharged,FALSE,8
400416,109266,2069,106,03-03-2025,06-03-2025,Elective,106-03,Discharged,FALSE,3
400417,106697,2058,102,09-09-2025,10-09-2025,Emergency,102-50,Discharged,FALSE,1
400418,110505,2051,108,12-04-2026,16-04-2026,Emergency,108-13,Discharged,FALSE,4
400419,106529,2008,105,17-03-2026,27-03-2026,Emergency,105-36,Discharged,FALSE,10
400420,106602,2067,107,24-05-2026,27-05-2026,Referral,107-02,Under Treatment,FALSE,3
400421,105478,2071,103,13-05-2026,15-05-2026,Elective,103-32,Discharged,FALSE,2
400422,103613,2004,101,03-11-2025,05-11-2025,Elective,101-37,Discharged,FALSE,2
400423,101156,2064,108,22-10-2025,24-10-2025,Referral,108-10,Discharged,FALSE,2
400424,102799,2047,102,12-02-2025,20-02-2025,Elective,102-21,Under Treatment,FALSE,8
400425,104885,2041,105,11-01-2026,14-01-2026,Elective,105-07,Discharged,FALSE,3
400426,110557,2001,102,17-02-2026,20-02-2026,Elective,102-44,Discharged,FALSE,3
400427,107380,2014,105,17-03-2025,24-03-2025,Emergency,105-03,Discharged,FALSE,7
400428,111736,2074,108,18-03-2025,21-03-2025,Emergency,108-28,Discharged,FALSE,3
400429,105076,2059,104,05-12-2025,08-12-2025,Emergency,104-24,Discharged,FALSE,3
400430,106816,2008,105,17-04-2026,20-04-2026,Elective,105-34,Discharged,FALSE,3
400431,111580,2061,104,28-01-2025,13-02-2025,Referral,104-39,Discharged,FALSE,16
400432,104176,2047,102,09-06-2026,12-06-2026,Emergency,102-44,Discharged,FALSE,3
400433,109603,2018,104,09-04-2026,13-04-2026,Elective,104-35,Discharged,FALSE,4
400434,105396,2035,103,19-08-2025,22-08-2025,Elective,103-08,Discharged,FALSE,3
400435,106739,2024,108,28-09-2025,30-09-2025,Emergency,108-47,Discharged,FALSE,2
400436,110065,2034,102,12-05-2026,14-05-2026,Elective,102-45,Transferred,FALSE,2
400437,110975,2074,108,10-09-2025,12-09-2025,Elective,108-21,Discharged,FALSE,2
400438,110237,2039,108,18-02-2026,19-02-2026,Elective,108-02,Discharged,FALSE,1
400439,104108,2012,106,21-02-2025,02-03-2025,Elective,106-24,Discharged,FALSE,9
400440,110711,2059,104,22-03-2025,28-03-2025,Elective,104-49,Discharged,FALSE,6
400441,103040,2018,104,01-12-2025,04-12-2025,Elective,104-16,Discharged,FALSE,3
400442,110761,2002,107,09-11-2025,12-11-2025,Elective,107-26,Discharged,FALSE,3
400443,102516,2032,101,10-01-2026,11-01-2026,Elective,101-42,Discharged,FALSE,1
400444,108658,2005,106,28-05-2026,29-05-2026,Elective,106-14,Discharged,FALSE,1
400445,106636,2037,105,11-05-2026,15-05-2026,Emergency,105-02,Discharged,FALSE,4
400446,106988,2054,102,15-11-2025,20-11-2025,Referral,102-08,Discharged,FALSE,5
400447,105869,2067,107,25-03-2025,28-03-2025,Referral,107-44,Under Treatment,TRUE,3
400448,111598,2019,101,05-01-2026,12-01-2026,Elective,101-03,Transferred,FALSE,7
400449,103011,2009,105,23-05-2026,24-05-2026,Elective,105-39,Discharged,FALSE,1
400450,109680,2042,102,05-10-2025,09-10-2025,Emergency,102-50,Discharged,FALSE,4
400451,110271,2060,103,13-10-2025,15-10-2025,Elective,103-08,Discharged,FALSE,2
400452,101004,2050,101,04-12-2025,06-12-2025,Elective,101-42,Discharged,TRUE,2
400453,104349,2008,105,19-03-2026,21-03-2026,Emergency,105-47,Discharged,FALSE,2
400454,103322,2016,107,09-04-2026,13-04-2026,Emergency,107-26,Discharged,FALSE,4
400455,108054,2073,101,01-01-2026,10-01-2026,Emergency,101-32,Discharged,FALSE,9
400456,109963,2037,105,06-11-2025,07-11-2025,Elective,105-17,Discharged,FALSE,1
400457,109980,2075,104,11-04-2026,20-04-2026,Referral,104-14,Discharged,FALSE,9
400458,101830,2038,108,22-02-2026,25-02-2026,Elective,108-41,Under Treatment,FALSE,3
400459,105644,2008,105,18-01-2026,19-01-2026,Elective,105-06,Discharged,FALSE,1
400460,102099,2053,105,08-01-2026,09-01-2026,Referral,105-44,Discharged,FALSE,1
400461,103655,2030,105,04-10-2025,05-10-2025,Elective,105-03,Discharged,FALSE,1
400462,110890,2001,102,17-05-2026,22-05-2026,Elective,102-16,Discharged,FALSE,5
400463,103734,2012,106,17-05-2025,23-05-2025,Elective,106-16,Discharged,FALSE,6
400464,100443,2029,102,13-09-2025,16-09-2025,Emergency,102-46,Discharged,FALSE,3
400465,100685,2042,102,24-05-2026,29-05-2026,Elective,102-16,Discharged,FALSE,5
400466,110964,2022,101,14-09-2025,15-09-2025,Emergency,101-40,Discharged,FALSE,1
400467,104927,2043,108,11-07-2025,17-07-2025,Emergency,108-39,Discharged,FALSE,6
400468,101037,2041,105,26-03-2026,27-03-2026,Emergency,105-23,Discharged,FALSE,1
400469,109253,2040,106,27-04-2025,03-05-2025,Emergency,106-36,Discharged,FALSE,6
400470,102733,2055,106,17-01-2026,18-01-2026,Referral,106-32,Discharged,TRUE,1
400471,110937,2022,101,25-06-2025,30-06-2025,Elective,101-39,Discharged,FALSE,5
400472,108641,2025,105,17-06-2025,20-06-2025,Referral,105-09,Discharged,FALSE,3
400473,108777,2023,108,19-02-2025,03-03-2025,Emergency,108-18,Discharged,FALSE,12
400474,110492,2011,108,06-07-2025,13-07-2025,Referral,108-23,Discharged,FALSE,7
400475,110285,2057,101,23-05-2026,31-05-2026,Elective,101-26,Discharged,FALSE,8
400476,102004,2076,104,08-08-2025,11-08-2025,Referral,104-42,Discharged,TRUE,3
400477,106328,2002,107,24-04-2025,25-04-2025,Elective,107-29,Discharged,FALSE,1
400478,109128,2034,102,30-06-2025,02-07-2025,Elective,102-48,Under Treatment,FALSE,2
400479,100919,2059,104,17-05-2026,28-05-2026,Elective,104-38,Discharged,FALSE,11
400480,100563,2033,105,01-05-2026,02-05-2026,Elective,105-05,Discharged,FALSE,1
400481,104012,2021,108,11-03-2026,16-03-2026,Referral,108-06,Discharged,FALSE,5
400482,100190,2053,105,05-03-2026,07-03-2026,Elective,105-46,Discharged,FALSE,2
400483,110201,2042,102,04-10-2025,08-10-2025,Emergency,102-13,Discharged,FALSE,4
400484,104905,2022,101,12-11-2025,17-11-2025,Referral,101-27,Discharged,TRUE,5
400485,100696,2036,102,26-07-2025,27-07-2025,Emergency,102-16,Discharged,TRUE,1
400486,110438,2031,104,11-01-2025,16-01-2025,Referral,104-28,Under Treatment,FALSE,5
400487,105958,2029,102,04-03-2025,05-03-2025,Emergency,102-27,Discharged,FALSE,1
400488,102780,2057,101,01-08-2025,13-08-2025,Referral,101-46,Discharged,FALSE,12
400489,107672,2078,105,25-02-2025,01-03-2025,Referral,105-05,Discharged,TRUE,4
400490,107510,2030,105,27-09-2025,10-10-2025,Elective,105-26,Discharged,FALSE,13
400491,110197,2035,103,14-02-2026,21-02-2026,Emergency,103-44,Transferred,FALSE,7
400492,100543,2009,105,08-05-2025,10-05-2025,Emergency,105-24,Discharged,FALSE,2
400493,110943,2047,102,11-06-2026,19-06-2026,Elective,102-15,Transferred,FALSE,8
400494,106366,2054,102,31-05-2025,10-06-2025,Elective,102-14,Discharged,FALSE,10
400495,101536,2041,105,15-06-2026,17-06-2026,Referral,105-13,Discharged,FALSE,2
400496,106693,2041,105,02-02-2026,05-02-2026,Elective,105-18,Discharged,TRUE,3
400497,104856,2074,108,30-01-2026,03-02-2026,Elective,108-03,Discharged,FALSE,4
400498,105937,2011,108,05-03-2026,08-03-2026,Elective,108-01,Discharged,FALSE,3
400499,107198,2012,106,30-08-2025,31-08-2025,Elective,106-09,Discharged,FALSE,1
400500,100618,2058,102,14-11-2025,20-11-2025,Emergency,102-17,Discharged,FALSE,6
400501,106388,2072,107,28-07-2025,05-08-2025,Referral,107-13,Discharged,FALSE,8
400502,104511,2034,102,05-06-2025,08-06-2025,Elective,102-34,Discharged,FALSE,3
400503,110088,2064,108,19-01-2025,22-01-2025,Elective,108-41,Discharged,FALSE,3
400504,106808,2062,101,28-02-2026,06-03-2026,Emergency,101-49,Discharged,FALSE,6
400505,104595,2068,101,22-05-2026,27-05-2026,Elective,101-27,Discharged,FALSE,5
400506,106679,2003,103,02-06-2025,12-06-2025,Emergency,103-13,Discharged,FALSE,10
400507,110877,2042,102,11-12-2025,14-12-2025,Elective,102-01,Under Treatment,FALSE,3
400508,109995,2006,106,17-12-2025,20-12-2025,Emergency,106-32,Discharged,TRUE,3
400509,110132,2010,104,24-05-2025,31-05-2025,Elective,104-17,Discharged,FALSE,7
400510,108104,2043,108,21-02-2026,27-02-2026,Elective,108-47,Discharged,FALSE,6
400511,104886,2035,103,31-08-2025,02-09-2025,Emergency,103-28,Discharged,FALSE,2
400512,106162,2004,101,26-07-2025,27-07-2025,Referral,101-24,Discharged,FALSE,1
400513,103562,2045,107,01-05-2025,03-05-2025,Elective,107-01,Discharged,FALSE,2
400514,110804,2015,103,21-01-2025,27-01-2025,Elective,103-02,Discharged,FALSE,6
400515,109097,2047,102,01-03-2026,03-03-2026,Elective,102-08,Discharged,FALSE,2
400516,100207,2011,108,15-08-2025,16-08-2025,Emergency,108-06,Discharged,FALSE,1
400517,103898,2019,101,08-04-2026,10-04-2026,Referral,101-24,Discharged,TRUE,2
400518,102217,2069,106,01-08-2025,02-08-2025,Emergency,106-30,Discharged,FALSE,1
400519,110862,2045,107,02-03-2025,04-03-2025,Elective,107-18,Discharged,FALSE,2
400520,103751,2011,108,30-04-2026,03-05-2026,Emergency,108-31,Discharged,FALSE,3
400521,101984,2016,107,04-09-2025,07-09-2025,Elective,107-04,Discharged,FALSE,3
400522,104957,2030,105,20-01-2025,21-01-2025,Emergency,105-38,Transferred,FALSE,1
400523,106335,2008,105,30-03-2026,01-04-2026,Referral,105-48,Discharged,FALSE,2
400524,111189,2053,105,17-06-2025,18-06-2025,Emergency,105-50,Transferred,FALSE,1
400525,111574,2033,105,08-08-2025,12-08-2025,Emergency,105-27,Discharged,FALSE,4
400526,103242,2027,101,15-05-2025,17-05-2025,Elective,101-32,Discharged,TRUE,2
400527,110263,2079,104,29-04-2026,04-05-2026,Emergency,104-24,Discharged,FALSE,5
400528,101795,2005,106,25-12-2025,27-12-2025,Emergency,106-41,Discharged,TRUE,2
400529,104828,2079,104,15-09-2025,20-09-2025,Referral,104-05,Discharged,FALSE,5
400530,109477,2009,105,08-06-2025,13-06-2025,Emergency,105-42,Discharged,FALSE,5
400531,108309,2014,105,28-05-2026,01-06-2026,Emergency,105-29,Discharged,FALSE,4
400532,105622,2069,106,10-02-2026,11-02-2026,Elective,106-40,Discharged,FALSE,1
400533,109290,2024,108,11-01-2025,13-01-2025,Elective,108-25,Discharged,FALSE,2
400534,106309,2027,101,22-03-2026,27-03-2026,Referral,101-04,Under Treatment,TRUE,5
400535,107270,2067,107,14-10-2025,20-10-2025,Elective,107-44,Discharged,FALSE,6
400536,110684,2051,108,17-05-2025,21-05-2025,Elective,108-17,Transferred,FALSE,4
400537,110596,2035,103,22-07-2025,24-07-2025,Elective,103-44,Discharged,FALSE,2
400538,111383,2018,104,16-02-2026,28-02-2026,Elective,104-15,Discharged,FALSE,12
400539,108891,2015,103,16-09-2025,21-09-2025,Emergency,103-11,Discharged,FALSE,5
400540,107449,2074,108,26-04-2026,28-04-2026,Elective,108-48,Discharged,FALSE,2
400541,109218,2066,102,03-07-2025,14-07-2025,Referral,102-29,Discharged,FALSE,11
400542,109410,2009,105,15-07-2025,16-07-2025,Elective,105-13,Discharged,FALSE,1
400543,104770,2059,104,07-07-2025,08-07-2025,Referral,104-41,Discharged,FALSE,1
400544,103517,2018,104,24-05-2026,25-05-2026,Referral,104-45,Transferred,FALSE,1
400545,106299,2027,101,14-02-2026,18-02-2026,Emergency,101-25,Discharged,FALSE,4
400546,111411,2011,108,01-02-2025,04-02-2025,Emergency,108-21,Discharged,FALSE,3
400547,106266,2033,105,24-12-2025,25-12-2025,Elective,105-02,Discharged,TRUE,1
400548,105011,2005,106,14-07-2025,20-07-2025,Elective,106-24,Discharged,FALSE,6
400549,109393,2020,102,27-07-2025,31-07-2025,Elective,102-23,Discharged,FALSE,4
400550,102429,2026,102,17-02-2026,22-02-2026,Elective,102-18,Discharged,FALSE,5
400551,102889,2074,108,20-10-2025,23-10-2025,Elective,108-27,Discharged,FALSE,3
400552,111192,2028,107,26-10-2025,02-11-2025,Elective,107-01,Under Treatment,FALSE,7
400553,107721,2052,104,24-01-2025,02-02-2025,Elective,104-47,Discharged,FALSE,9
400554,102466,2058,102,02-04-2026,04-04-2026,Elective,102-32,Discharged,TRUE,2
400555,107759,2059,104,16-11-2025,19-11-2025,Referral,104-45,Discharged,FALSE,3
400556,104560,2017,106,09-12-2025,13-12-2025,Emergency,106-11,Discharged,FALSE,4
400557,108189,2056,102,28-03-2025,30-03-2025,Emergency,102-36,Under Treatment,FALSE,2
400558,111642,2069,106,14-05-2026,19-05-2026,Elective,106-48,Discharged,FALSE,5
400559,106009,2030,105,09-01-2026,10-01-2026,Elective,105-45,Discharged,FALSE,1
400560,103495,2025,105,27-05-2025,02-06-2025,Elective,105-05,Discharged,TRUE,6
400561,100227,2056,102,28-05-2025,04-06-2025,Elective,102-34,Transferred,FALSE,7
400562,100223,2014,105,22-05-2026,27-05-2026,Elective,105-20,Under Treatment,FALSE,5
400563,107108,2058,102,15-07-2025,21-07-2025,Emergency,102-18,Discharged,FALSE,6
400564,109455,2041,105,30-08-2025,31-08-2025,Elective,105-15,Under Treatment,FALSE,1
400565,110172,2055,106,05-07-2025,10-07-2025,Elective,106-20,Discharged,FALSE,5
400566,109784,2020,102,05-12-2025,09-12-2025,Referral,102-07,Under Treatment,FALSE,4
400567,109234,2014,105,07-05-2026,08-05-2026,Elective,105-41,Discharged,FALSE,1
400568,108427,2080,107,01-02-2026,02-02-2026,Emergency,107-20,Discharged,FALSE,1
400569,104163,2015,103,09-12-2025,19-12-2025,Elective,103-43,Discharged,FALSE,10
400570,100906,2058,102,02-08-2025,09-08-2025,Elective,102-01,Discharged,FALSE,7
400571,105978,2001,102,23-10-2025,24-10-2025,Emergency,102-48,Discharged,TRUE,1
400572,105306,2078,105,14-03-2025,15-03-2025,Emergency,105-32,Transferred,FALSE,1
400573,101076,2080,107,28-05-2025,29-05-2025,Emergency,107-43,Discharged,FALSE,1
400574,107984,2073,101,05-02-2026,09-02-2026,Emergency,101-38,Discharged,FALSE,4
400575,107909,2071,103,12-05-2025,20-05-2025,Elective,103-31,Discharged,FALSE,8
400576,109170,2066,102,06-11-2025,12-11-2025,Emergency,102-10,Discharged,FALSE,6
400577,105769,2012,106,13-06-2025,14-06-2025,Elective,106-42,Discharged,FALSE,1
400578,103706,2004,101,26-06-2025,04-07-2025,Elective,101-10,Transferred,FALSE,8
400579,106058,2065,104,11-06-2026,13-06-2026,Emergency,104-18,Discharged,FALSE,2
400580,101570,2019,101,11-11-2025,15-11-2025,Emergency,101-13,Discharged,FALSE,4
400581,101979,2016,107,15-07-2025,17-07-2025,Referral,107-26,Under Treatment,FALSE,2
400582,106977,2062,101,30-10-2025,02-11-2025,Referral,101-45,Discharged,FALSE,3
400583,107779,2005,106,18-03-2025,22-03-2025,Referral,106-50,Under Treatment,FALSE,4
400584,107557,2069,106,31-03-2026,04-04-2026,Emergency,106-43,Discharged,FALSE,4
400585,102987,2007,106,05-05-2025,09-05-2025,Emergency,106-14,Discharged,FALSE,4
400586,101068,2026,102,07-11-2025,08-11-2025,Elective,102-43,Discharged,FALSE,1
400587,101732,2069,106,23-11-2025,26-11-2025,Referral,106-24,Discharged,FALSE,3
400588,103379,2030,105,18-04-2026,20-04-2026,Emergency,105-27,Discharged,FALSE,2
400589,108918,2078,105,19-04-2026,26-04-2026,Emergency,105-32,Discharged,FALSE,7
400590,110911,2069,106,16-09-2025,18-09-2025,Emergency,106-28,Discharged,FALSE,2
400591,109303,2033,105,17-08-2025,20-08-2025,Emergency,105-43,Discharged,FALSE,3
400592,102414,2015,103,20-08-2025,25-08-2025,Emergency,103-34,Discharged,FALSE,5
400593,103814,2060,103,12-08-2025,16-08-2025,Elective,103-48,Discharged,FALSE,4
400594,111266,2010,104,06-09-2025,08-09-2025,Elective,104-09,Discharged,FALSE,2
400595,106426,2027,101,25-02-2026,03-03-2026,Referral,101-16,Discharged,FALSE,6
400596,106732,2076,104,13-01-2026,17-01-2026,Referral,104-36,Discharged,FALSE,4
400597,107400,2002,107,14-04-2025,22-04-2025,Emergency,107-42,Discharged,TRUE,8
400598,102895,2040,106,02-04-2025,09-04-2025,Elective,106-32,Discharged,FALSE,7
400599,100835,2043,108,15-02-2026,20-02-2026,Elective,108-49,Transferred,FALSE,5
400600,106158,2009,105,21-09-2025,24-09-2025,Elective,105-30,Under Treatment,FALSE,3
400601,106563,2007,106,16-08-2025,20-08-2025,Referral,106-07,Transferred,FALSE,4
400602,101783,2007,106,10-05-2026,13-05-2026,Emergency,106-37,Discharged,FALSE,3
400603,105581,2045,107,18-08-2025,20-08-2025,Elective,107-15,Discharged,FALSE,2
400604,111414,2070,106,13-06-2025,16-06-2025,Elective,106-25,Transferred,FALSE,3
400605,105714,2017,106,19-07-2025,21-07-2025,Referral,106-50,Discharged,FALSE,2
400606,104719,2078,105,14-05-2025,19-05-2025,Emergency,105-23,Under Treatment,FALSE,5
400607,107423,2001,102,09-03-2026,13-03-2026,Emergency,102-29,Discharged,FALSE,4
400608,101600,2067,107,30-08-2025,02-09-2025,Elective,107-37,Discharged,TRUE,3
400609,102432,2070,106,28-02-2026,03-03-2026,Emergency,106-31,Discharged,FALSE,3
400610,103900,2074,108,26-07-2025,02-08-2025,Emergency,108-24,Discharged,FALSE,7
400611,110104,2065,104,09-12-2025,13-12-2025,Elective,104-43,Discharged,TRUE,4
400612,105879,2053,105,23-02-2025,02-03-2025,Emergency,105-48,Discharged,FALSE,7
400613,102230,2035,103,15-03-2026,17-03-2026,Emergency,103-33,Discharged,TRUE,2
400614,108359,2076,104,02-03-2026,08-03-2026,Elective,104-27,Discharged,FALSE,6
400615,103853,2072,107,12-09-2025,19-09-2025,Referral,107-10,Discharged,FALSE,7
400616,103158,2028,107,04-08-2025,05-08-2025,Emergency,107-32,Discharged,FALSE,1
400617,107465,2040,106,29-12-2025,05-01-2026,Referral,106-25,Discharged,FALSE,7
400618,102396,2047,102,10-02-2025,17-02-2025,Referral,102-45,Discharged,FALSE,7
400619,100916,2068,101,08-11-2025,21-11-2025,Emergency,101-35,Transferred,FALSE,13
400620,105742,2010,104,23-10-2025,30-10-2025,Elective,104-11,Discharged,FALSE,7
400621,101089,2055,106,16-07-2025,19-07-2025,Referral,106-05,Discharged,FALSE,3
400622,102330,2048,101,11-07-2025,19-07-2025,Referral,101-31,Discharged,FALSE,8
400623,109288,2064,108,14-07-2025,17-07-2025,Elective,108-33,Discharged,FALSE,3
400624,109621,2053,105,07-09-2025,08-09-2025,Elective,105-41,Discharged,FALSE,1
400625,105254,2009,105,07-07-2025,11-07-2025,Emergency,105-50,Discharged,FALSE,4
400626,101556,2031,104,19-11-2025,05-12-2025,Referral,104-49,Discharged,FALSE,16
400627,106780,2003,103,13-11-2025,14-11-2025,Elective,103-50,Discharged,FALSE,1
400628,110284,2059,104,05-04-2025,11-04-2025,Emergency,104-33,Discharged,FALSE,6
400629,105263,2026,102,29-04-2025,06-05-2025,Elective,102-21,Discharged,FALSE,7
400630,105589,2046,107,12-06-2025,15-06-2025,Referral,107-27,Discharged,FALSE,3
400631,110678,2075,104,06-08-2025,13-08-2025,Emergency,104-01,Discharged,FALSE,7
400632,107683,2076,104,02-01-2026,09-01-2026,Elective,104-39,Discharged,FALSE,7
400633,100415,2047,102,24-03-2025,29-03-2025,Elective,102-29,Discharged,TRUE,5
400634,104603,2068,101,11-06-2026,16-06-2026,Elective,101-29,Discharged,TRUE,5
400635,109981,2016,107,15-06-2025,18-06-2025,Emergency,107-25,Discharged,FALSE,3
400636,110374,2038,108,18-07-2025,22-07-2025,Emergency,108-50,Discharged,FALSE,4
400637,107612,2071,103,21-04-2025,24-04-2025,Elective,103-18,Transferred,FALSE,3
400638,109098,2064,108,07-05-2026,15-05-2026,Emergency,108-34,Discharged,FALSE,8
400639,104998,2016,107,23-02-2026,26-02-2026,Elective,107-12,Discharged,FALSE,3
400640,106816,2037,105,07-08-2025,10-08-2025,Emergency,105-40,Discharged,FALSE,3
400641,101072,2015,103,09-09-2025,16-09-2025,Referral,103-01,Discharged,TRUE,7
400642,105913,2057,101,16-02-2025,18-02-2025,Emergency,101-15,Discharged,FALSE,2
400643,111286,2022,101,24-12-2025,04-01-2026,Elective,101-09,Discharged,FALSE,11
400644,101165,2005,106,30-06-2025,04-07-2025,Emergency,106-36,Discharged,FALSE,4
400645,111244,2020,102,10-10-2025,13-10-2025,Elective,102-37,Discharged,FALSE,3
400646,104450,2045,107,20-02-2025,02-03-2025,Elective,107-34,Discharged,FALSE,10
400647,111501,2071,103,06-09-2025,12-09-2025,Elective,103-50,Discharged,FALSE,6
400648,104711,2040,106,03-03-2025,09-03-2025,Referral,106-26,Discharged,FALSE,6
400649,110424,2021,108,20-04-2025,23-04-2025,Emergency,108-41,Discharged,FALSE,3
400650,104586,2029,102,19-01-2025,23-01-2025,Emergency,102-12,Discharged,FALSE,4
400651,102586,2062,101,17-09-2025,22-09-2025,Elective,101-26,Discharged,FALSE,5
400652,110838,2021,108,30-07-2025,01-08-2025,Emergency,108-06,Discharged,TRUE,2
400653,107092,2029,102,27-03-2025,30-03-2025,Referral,102-24,Discharged,FALSE,3
400654,106292,2064,108,11-05-2025,12-05-2025,Emergency,108-03,Discharged,TRUE,1
400655,101295,2047,102,01-06-2025,05-06-2025,Referral,102-40,Discharged,FALSE,4
400656,108616,2052,104,04-04-2026,08-04-2026,Elective,104-09,Discharged,TRUE,4
400657,102940,2001,102,01-03-2026,05-03-2026,Referral,102-39,Under Treatment,FALSE,4
400658,100739,2059,104,07-06-2025,13-06-2025,Elective,104-33,Discharged,FALSE,6
400659,107758,2036,102,31-10-2025,06-11-2025,Elective,102-16,Discharged,FALSE,6
400660,106466,2051,108,21-04-2026,24-04-2026,Elective,108-04,Discharged,FALSE,3
400661,103715,2022,101,25-03-2025,28-03-2025,Referral,101-36,Discharged,FALSE,3
400662,110193,2013,105,25-03-2026,28-03-2026,Emergency,105-42,Discharged,FALSE,3
400663,110014,2057,101,27-01-2026,28-01-2026,Elective,101-31,Discharged,FALSE,1
400664,110405,2074,108,29-05-2025,01-06-2025,Referral,108-08,Discharged,FALSE,3
400665,102568,2034,102,01-04-2026,02-04-2026,Referral,102-07,Discharged,FALSE,1
400666,108526,2034,102,01-08-2025,09-08-2025,Elective,102-29,Discharged,TRUE,8
400667,105338,2067,107,16-03-2025,21-03-2025,Elective,107-27,Discharged,FALSE,5
400668,102475,2034,102,15-03-2025,16-03-2025,Elective,102-43,Discharged,FALSE,1
400669,109260,2023,108,17-06-2026,19-06-2026,Referral,108-19,Transferred,FALSE,2
400670,105399,2017,106,05-08-2025,11-08-2025,Emergency,106-47,Discharged,TRUE,6
400671,103988,2049,106,21-11-2025,24-11-2025,Referral,106-37,Discharged,FALSE,3
400672,105509,2076,104,17-11-2025,24-11-2025,Elective,104-18,Discharged,FALSE,7
400673,111347,2066,102,21-04-2025,24-04-2025,Elective,102-46,Discharged,FALSE,3
400674,109457,2053,105,23-05-2025,25-05-2025,Referral,105-06,Discharged,FALSE,2
400675,101068,2034,102,18-08-2025,23-08-2025,Emergency,102-23,Discharged,FALSE,5
400676,105310,2012,106,18-09-2025,25-09-2025,Emergency,106-23,Discharged,FALSE,7
400677,109867,2067,107,15-07-2025,02-08-2025,Referral,107-17,Transferred,FALSE,18
400678,105986,2009,105,20-07-2025,22-07-2025,Emergency,105-21,Discharged,FALSE,2
400679,105559,2030,105,24-03-2025,27-03-2025,Elective,105-38,Discharged,FALSE,3
400680,108558,2074,108,24-04-2026,30-04-2026,Elective,108-33,Discharged,FALSE,6
400681,107870,2007,106,26-09-2025,01-10-2025,Elective,106-37,Under Treatment,FALSE,5
400682,103177,2066,102,18-11-2025,22-11-2025,Elective,102-17,Transferred,FALSE,4
400683,111714,2041,105,26-07-2025,29-07-2025,Elective,105-45,Discharged,FALSE,3
400684,106138,2002,107,23-05-2026,27-05-2026,Referral,107-44,Discharged,FALSE,4
400685,100628,2023,108,19-11-2025,22-11-2025,Referral,108-33,Under Treatment,FALSE,3
400686,111249,2006,106,13-07-2025,14-07-2025,Elective,106-18,Discharged,TRUE,1
400687,110622,2028,107,24-08-2025,27-08-2025,Emergency,107-15,Discharged,FALSE,3
400688,106423,2074,108,04-04-2025,08-04-2025,Elective,108-34,Discharged,FALSE,4
400689,110716,2074,108,22-01-2026,24-01-2026,Emergency,108-35,Under Treatment,FALSE,2
400690,108281,2002,107,04-03-2026,08-03-2026,Elective,107-37,Discharged,FALSE,4
400691,105689,2020,102,23-06-2025,28-06-2025,Elective,102-33,Transferred,FALSE,5
400692,111655,2001,102,16-05-2026,17-05-2026,Emergency,102-13,Discharged,FALSE,1
400693,102014,2057,101,14-02-2025,18-02-2025,Emergency,101-20,Discharged,FALSE,4
400694,104647,2045,107,02-03-2025,12-03-2025,Emergency,107-28,Discharged,FALSE,10
400695,107749,2048,101,21-12-2025,26-12-2025,Elective,101-07,Discharged,FALSE,5
400696,107742,2054,102,04-05-2026,07-05-2026,Elective,102-18,Discharged,FALSE,3
400697,101810,2052,104,05-05-2026,06-05-2026,Elective,104-39,Transferred,FALSE,1
400698,103130,2064,108,04-06-2026,16-06-2026,Elective,108-13,Discharged,FALSE,12
400699,102007,2076,104,24-02-2025,27-02-2025,Referral,104-49,Discharged,FALSE,3
400700,100876,2048,101,04-11-2025,09-11-2025,Referral,101-35,Transferred,FALSE,5
400701,107044,2045,107,24-08-2025,26-08-2025,Elective,107-49,Discharged,FALSE,2
400702,108051,2022,101,25-05-2026,29-05-2026,Elective,101-38,Discharged,FALSE,4
400703,109008,2002,107,22-05-2025,28-05-2025,Elective,107-31,Discharged,FALSE,6
400704,111544,2064,108,01-11-2025,02-11-2025,Elective,108-30,Discharged,FALSE,1
400705,105123,2015,103,20-01-2026,21-01-2026,Emergency,103-39,Discharged,FALSE,1
400706,109739,2068,101,19-05-2026,20-05-2026,Referral,101-45,Discharged,FALSE,1
400707,106225,2051,108,12-06-2025,13-06-2025,Emergency,108-27,Discharged,FALSE,1
400708,104314,2077,106,22-03-2026,24-03-2026,Elective,106-06,Discharged,FALSE,2
400709,108736,2017,106,22-01-2025,24-01-2025,Emergency,106-44,Discharged,FALSE,2
400710,107267,2068,101,18-08-2025,20-08-2025,Emergency,101-36,Discharged,FALSE,2
400711,106004,2052,104,10-01-2025,12-01-2025,Elective,104-50,Discharged,FALSE,2
400712,104203,2061,104,17-03-2025,18-03-2025,Emergency,104-10,Discharged,FALSE,1
400713,109204,2013,105,27-04-2025,03-05-2025,Emergency,105-49,Discharged,TRUE,6
400714,108446,2002,107,21-09-2025,24-09-2025,Emergency,107-10,Transferred,FALSE,3
400715,104266,2004,101,30-05-2026,01-06-2026,Emergency,101-49,Discharged,FALSE,2
400716,102539,2046,107,27-01-2025,01-02-2025,Elective,107-01,Transferred,FALSE,5
400717,103224,2034,102,26-04-2025,29-04-2025,Referral,102-49,Discharged,FALSE,3
400718,102685,2030,105,28-04-2026,29-04-2026,Elective,105-02,Discharged,TRUE,1
400719,104517,2075,104,23-08-2025,28-08-2025,Emergency,104-17,Discharged,FALSE,5
400720,108935,2015,103,29-05-2026,02-06-2026,Emergency,103-25,Discharged,FALSE,4
400721,111829,2024,108,09-02-2026,12-02-2026,Elective,108-49,Discharged,FALSE,3
400722,104683,2079,104,03-08-2025,09-08-2025,Referral,104-26,Discharged,FALSE,6
400723,103070,2064,108,18-05-2025,02-06-2025,Elective,108-09,Discharged,FALSE,15
400724,103935,2060,103,19-02-2025,23-02-2025,Elective,103-31,Discharged,FALSE,4
400725,101778,2025,105,25-05-2025,27-05-2025,Elective,105-04,Discharged,FALSE,2
400726,109194,2018,104,25-03-2026,26-03-2026,Elective,104-16,Discharged,FALSE,1
400727,106408,2002,107,13-06-2025,26-06-2025,Elective,107-50,Discharged,FALSE,13
400728,104483,2003,103,19-08-2025,24-08-2025,Elective,103-44,Discharged,FALSE,5
400729,102848,2021,108,08-04-2026,11-04-2026,Referral,108-22,Discharged,FALSE,3
400730,106395,2038,108,01-01-2025,05-01-2025,Elective,108-13,Discharged,FALSE,4
400731,105776,2037,105,16-07-2025,21-07-2025,Emergency,105-09,Under Treatment,FALSE,5
400732,103858,2014,105,19-05-2025,20-05-2025,Elective,105-48,Discharged,TRUE,1
400733,105608,2035,103,12-03-2025,13-03-2025,Emergency,103-06,Discharged,FALSE,1
400734,105201,2025,105,21-02-2026,22-02-2026,Emergency,105-45,Discharged,TRUE,1
400735,102936,2051,108,23-09-2025,30-09-2025,Emergency,108-30,Discharged,FALSE,7
400736,100627,2012,106,24-11-2025,27-11-2025,Elective,106-23,Discharged,FALSE,3
400737,101381,2007,106,11-01-2025,13-01-2025,Elective,106-15,Under Treatment,FALSE,2
400738,104622,2063,108,09-11-2025,12-11-2025,Referral,108-22,Discharged,FALSE,3
400739,101957,2076,104,18-05-2026,20-05-2026,Referral,104-41,Discharged,TRUE,2
400740,104312,2053,105,11-02-2025,18-02-2025,Elective,105-39,Discharged,FALSE,7
400741,111936,2074,108,12-05-2026,14-05-2026,Emergency,108-11,Discharged,FALSE,2
400742,103511,2023,108,05-03-2025,06-03-2025,Elective,108-18,Discharged,FALSE,1
400743,106282,2072,107,24-05-2026,25-05-2026,Referral,107-46,Discharged,FALSE,1
400744,109415,2058,102,22-09-2025,26-09-2025,Elective,102-09,Discharged,FALSE,4
400745,108791,2034,102,18-10-2025,22-10-2025,Elective,102-08,Discharged,FALSE,4
400746,108198,2025,105,15-01-2026,21-01-2026,Referral,105-27,Transferred,FALSE,6
400747,103895,2023,108,03-12-2025,04-12-2025,Elective,108-32,Discharged,FALSE,1
400748,105099,2067,107,24-04-2026,26-04-2026,Elective,107-37,Discharged,FALSE,2
400749,111571,2075,104,19-03-2025,21-03-2025,Elective,104-43,Discharged,FALSE,2
400750,111865,2021,108,10-11-2025,17-11-2025,Emergency,108-08,Discharged,FALSE,7
400751,111975,2011,108,05-02-2025,11-02-2025,Referral,108-32,Discharged,FALSE,6
400752,106612,2059,104,23-04-2025,26-04-2025,Emergency,104-49,Discharged,FALSE,3
400753,101893,2069,106,09-10-2025,12-10-2025,Referral,106-34,Discharged,FALSE,3
400754,110405,2033,105,19-06-2025,24-06-2025,Referral,105-48,Discharged,FALSE,5
400755,102303,2052,104,20-06-2026,24-06-2026,Elective,104-27,Discharged,FALSE,4
400756,104864,2011,108,11-05-2026,14-05-2026,Elective,108-09,Under Treatment,FALSE,3
400757,106834,2071,103,03-07-2025,10-07-2025,Elective,103-35,Discharged,TRUE,7
400758,110346,2004,101,06-08-2025,11-08-2025,Elective,101-26,Discharged,FALSE,5
400759,111392,2011,108,23-05-2026,24-05-2026,Elective,108-37,Discharged,FALSE,1
400760,102410,2013,105,05-06-2025,06-06-2025,Elective,105-40,Discharged,FALSE,1
400761,108739,2012,106,19-01-2026,25-01-2026,Elective,106-40,Discharged,FALSE,6
400762,109477,2003,103,02-07-2025,07-07-2025,Elective,103-36,Discharged,FALSE,5
400763,111513,2008,105,24-01-2026,27-01-2026,Emergency,105-27,Transferred,FALSE,3
400764,101823,2027,101,27-04-2026,01-05-2026,Elective,101-35,Under Treatment,FALSE,4
400765,103968,2014,105,23-02-2026,24-02-2026,Emergency,105-20,Discharged,FALSE,1
400766,108686,2019,101,16-08-2025,19-08-2025,Emergency,101-04,Discharged,TRUE,3
400767,101461,2057,101,13-11-2025,15-11-2025,Emergency,101-47,Discharged,FALSE,2
400768,110221,2079,104,10-04-2026,11-04-2026,Elective,104-41,Discharged,FALSE,1
400769,104692,2010,104,09-06-2025,14-06-2025,Emergency,104-46,Discharged,FALSE,5
400770,103451,2071,103,29-03-2025,30-03-2025,Referral,103-16,Transferred,FALSE,1
400771,105470,2054,102,24-11-2025,25-11-2025,Emergency,102-14,Discharged,FALSE,1
400772,101419,2001,102,08-09-2025,14-09-2025,Emergency,102-44,Discharged,FALSE,6
400773,110309,2016,107,06-01-2025,12-01-2025,Elective,107-03,Discharged,FALSE,6
400774,104960,2041,105,13-01-2025,16-01-2025,Emergency,105-43,Discharged,FALSE,3
400775,102398,2056,102,10-08-2025,13-08-2025,Referral,102-42,Discharged,FALSE,3
400776,106898,2030,105,22-02-2025,25-02-2025,Emergency,105-06,Discharged,FALSE,3
400777,110276,2035,103,28-09-2025,03-10-2025,Elective,103-50,Discharged,TRUE,5
400778,109866,2015,103,19-02-2025,22-02-2025,Elective,103-47,Under Treatment,FALSE,3
400779,108398,2008,105,03-11-2025,06-11-2025,Emergency,105-17,Discharged,FALSE,3
400780,101795,2013,105,01-03-2026,02-03-2026,Elective,105-26,Discharged,FALSE,1
400781,107596,2014,105,20-06-2026,24-06-2026,Elective,105-23,Discharged,TRUE,4
400782,109219,2060,103,14-01-2026,17-01-2026,Elective,103-41,Transferred,FALSE,3
400783,110901,2016,107,26-12-2025,04-01-2026,Emergency,107-14,Discharged,FALSE,9
400784,108207,2055,106,30-05-2026,03-06-2026,Referral,106-44,Discharged,FALSE,4
400785,103134,2022,101,02-12-2025,06-12-2025,Elective,101-50,Discharged,FALSE,4
400786,101330,2053,105,30-12-2025,03-01-2026,Elective,105-07,Discharged,FALSE,4
400787,103767,2059,104,02-04-2026,06-04-2026,Emergency,104-30,Discharged,FALSE,4
400788,106304,2044,106,11-04-2025,16-04-2025,Emergency,106-14,Discharged,TRUE,5
400789,101093,2025,105,11-02-2025,14-02-2025,Elective,105-46,Discharged,FALSE,3
400790,101409,2041,105,11-03-2026,13-03-2026,Referral,105-20,Discharged,FALSE,2
400791,104407,2043,108,29-03-2026,30-03-2026,Elective,108-43,Discharged,FALSE,1
400792,101348,2026,102,04-01-2025,09-01-2025,Emergency,102-43,Discharged,FALSE,5
400793,105677,2026,102,05-01-2026,08-01-2026,Emergency,102-12,Discharged,FALSE,3
400794,103996,2011,108,28-04-2025,30-04-2025,Emergency,108-03,Transferred,TRUE,2
400795,109157,2002,107,22-12-2025,23-12-2025,Emergency,107-03,Discharged,FALSE,1
400796,109848,2057,101,01-09-2025,02-09-2025,Emergency,101-32,Discharged,FALSE,1
400797,108859,2005,106,09-12-2025,12-12-2025,Elective,106-16,Discharged,FALSE,3
400798,110223,2068,101,05-05-2025,11-05-2025,Referral,101-20,Discharged,FALSE,6
400799,108474,2029,102,22-05-2025,28-05-2025,Referral,102-27,Discharged,FALSE,6
400800,111865,2068,101,16-02-2025,23-02-2025,Emergency,101-27,Discharged,FALSE,7
400801,102939,2008,105,22-12-2025,28-12-2025,Elective,105-26,Discharged,FALSE,6
400802,106300,2064,108,08-04-2025,09-04-2025,Referral,108-14,Discharged,FALSE,1
400803,103694,2004,101,24-11-2025,25-11-2025,Emergency,101-09,Discharged,FALSE,1
400804,104971,2051,108,19-08-2025,21-08-2025,Elective,108-43,Discharged,FALSE,2
400805,104435,2079,104,16-06-2025,19-06-2025,Elective,104-47,Discharged,TRUE,3
400806,102922,2026,102,01-04-2025,02-04-2025,Emergency,102-49,Discharged,FALSE,1
400807,103374,2003,103,20-01-2025,23-01-2025,Elective,103-06,Discharged,FALSE,3
400808,103801,2058,102,24-04-2026,30-04-2026,Emergency,102-39,Discharged,FALSE,6
400809,107528,2072,107,07-04-2025,11-04-2025,Elective,107-37,Discharged,FALSE,4
400810,111650,2048,101,22-03-2025,26-03-2025,Emergency,101-33,Discharged,TRUE,4
400811,105863,2026,102,22-03-2025,25-03-2025,Emergency,102-17,Discharged,FALSE,3
400812,102638,2025,105,16-03-2025,25-03-2025,Elective,105-38,Under Treatment,FALSE,9
400813,100551,2032,101,13-06-2025,19-06-2025,Elective,101-48,Discharged,FALSE,6
400814,110787,2038,108,21-05-2026,23-05-2026,Elective,108-39,Discharged,FALSE,2
400815,111026,2032,101,15-10-2025,18-10-2025,Referral,101-20,Discharged,FALSE,3
400816,109236,2014,105,18-03-2026,23-03-2026,Elective,105-29,Discharged,FALSE,5
400817,107164,2029,102,23-06-2025,25-06-2025,Referral,102-34,Discharged,FALSE,2
400818,100074,2052,104,21-11-2025,23-11-2025,Emergency,104-25,Transferred,FALSE,2
400819,100544,2076,104,04-12-2025,05-12-2025,Elective,104-13,Discharged,FALSE,1
400820,107844,2044,106,02-03-2026,05-03-2026,Elective,106-12,Discharged,FALSE,3
400821,109471,2027,101,24-12-2025,25-12-2025,Elective,101-27,Discharged,FALSE,1
400822,106116,2073,101,02-03-2025,07-03-2025,Referral,101-37,Transferred,FALSE,5
400823,107813,2043,108,25-05-2026,29-05-2026,Emergency,108-26,Discharged,FALSE,4
400824,110493,2021,108,30-10-2025,04-11-2025,Referral,108-08,Discharged,FALSE,5
400825,105486,2003,103,27-03-2026,29-03-2026,Emergency,103-31,Discharged,FALSE,2
400826,101108,2057,101,28-03-2026,31-03-2026,Emergency,101-12,Discharged,FALSE,3
400827,102391,2050,101,06-06-2025,09-06-2025,Elective,101-09,Discharged,FALSE,3
400828,104847,2016,107,06-02-2026,09-02-2026,Emergency,107-36,Discharged,FALSE,3
400829,101335,2034,102,13-02-2026,18-02-2026,Elective,102-15,Discharged,FALSE,5
400830,110569,2043,108,26-04-2025,28-04-2025,Elective,108-09,Discharged,FALSE,2
400831,100304,2033,105,23-01-2026,28-01-2026,Referral,105-24,Discharged,FALSE,5
400832,108048,2027,101,08-05-2025,09-05-2025,Elective,101-25,Discharged,FALSE,1
400833,109261,2051,108,14-12-2025,18-12-2025,Emergency,108-05,Transferred,FALSE,4
400834,105185,2067,107,25-09-2025,07-10-2025,Emergency,107-42,Transferred,FALSE,12
400835,108730,2032,101,13-03-2026,15-03-2026,Elective,101-04,Discharged,FALSE,2
400836,110664,2003,103,21-09-2025,22-09-2025,Emergency,103-48,Discharged,FALSE,1
400837,106825,2079,104,21-01-2025,23-01-2025,Elective,104-14,Under Treatment,FALSE,2
400838,108193,2009,105,16-03-2026,20-03-2026,Elective,105-01,Discharged,FALSE,4
400839,105469,2049,106,03-03-2025,09-03-2025,Elective,106-22,Transferred,FALSE,6
400840,107377,2059,104,04-03-2026,07-03-2026,Emergency,104-36,Discharged,FALSE,3
400841,111484,2017,106,19-05-2026,23-05-2026,Referral,106-05,Under Treatment,FALSE,4
400842,108773,2006,106,10-01-2026,14-01-2026,Elective,106-47,Transferred,FALSE,4
400843,103996,2034,102,20-05-2025,28-05-2025,Elective,102-39,Discharged,FALSE,8
400844,102259,2004,101,03-11-2025,09-11-2025,Emergency,101-33,Discharged,FALSE,6
400845,106948,2024,108,16-05-2026,21-05-2026,Elective,108-37,Discharged,FALSE,5
400846,106566,2068,101,10-02-2026,13-02-2026,Emergency,101-26,Discharged,FALSE,3
400847,104556,2016,107,27-02-2026,10-03-2026,Elective,107-22,Discharged,FALSE,11
400848,111351,2050,101,30-05-2026,04-06-2026,Emergency,101-12,Discharged,FALSE,5
400849,109083,2071,103,28-01-2026,03-02-2026,Elective,103-30,Discharged,FALSE,6
400850,106722,2003,103,06-12-2025,07-12-2025,Emergency,103-06,Discharged,FALSE,1
400851,107911,2010,104,31-08-2025,03-09-2025,Referral,104-41,Discharged,FALSE,3
400852,102604,2034,102,30-05-2026,01-06-2026,Elective,102-33,Discharged,FALSE,2
400853,101207,2080,107,01-04-2026,06-04-2026,Emergency,107-20,Discharged,FALSE,5
400854,106120,2058,102,25-12-2025,28-12-2025,Referral,102-35,Discharged,FALSE,3
400855,109680,2015,103,18-11-2025,19-11-2025,Referral,103-38,Discharged,FALSE,1
400856,102805,2071,103,22-12-2025,02-01-2026,Elective,103-30,Discharged,FALSE,11
400857,101601,2080,107,20-06-2026,27-06-2026,Referral,107-21,Discharged,FALSE,7
400858,107705,2054,102,14-03-2026,18-03-2026,Emergency,102-19,Transferred,TRUE,4
400859,106649,2023,108,29-01-2026,05-02-2026,Referral,108-31,Discharged,FALSE,7
400860,107427,2008,105,27-09-2025,30-09-2025,Elective,105-37,Discharged,FALSE,3
400861,105955,2049,106,25-04-2026,01-05-2026,Emergency,106-47,Discharged,FALSE,6
400862,104904,2051,108,03-05-2026,11-05-2026,Elective,108-09,Discharged,FALSE,8
400863,110166,2029,102,10-09-2025,11-09-2025,Emergency,102-25,Discharged,FALSE,1
400864,101615,2005,106,17-05-2026,20-05-2026,Referral,106-07,Discharged,FALSE,3
400865,108160,2017,106,17-06-2026,20-06-2026,Emergency,106-09,Discharged,FALSE,3
400866,103802,2076,104,14-04-2025,18-04-2025,Elective,104-39,Discharged,FALSE,4
400867,110129,2010,104,28-10-2025,01-11-2025,Emergency,104-44,Discharged,FALSE,4
400868,107111,2003,103,31-10-2025,07-11-2025,Emergency,103-37,Discharged,FALSE,7
400869,104667,2013,105,08-10-2025,09-10-2025,Emergency,105-02,Discharged,FALSE,1
400870,104834,2070,106,02-04-2025,05-04-2025,Elective,106-38,Under Treatment,FALSE,3
400871,102954,2022,101,21-01-2025,22-01-2025,Elective,101-02,Discharged,FALSE,1
400872,102181,2056,102,23-01-2026,24-01-2026,Elective,102-39,Discharged,FALSE,1
400873,101065,2058,102,25-03-2026,26-03-2026,Elective,102-11,Discharged,FALSE,1
400874,105238,2076,104,24-11-2025,25-11-2025,Elective,104-35,Discharged,FALSE,1
400875,109822,2079,104,13-02-2025,14-02-2025,Elective,104-36,Discharged,FALSE,1
400876,107059,2054,102,20-06-2025,22-06-2025,Emergency,102-32,Discharged,FALSE,2
400877,111091,2062,101,12-06-2025,15-06-2025,Referral,101-42,Discharged,FALSE,3
400878,103769,2054,102,28-06-2025,01-07-2025,Elective,102-22,Transferred,FALSE,3
400879,107417,2005,106,09-06-2025,20-06-2025,Emergency,106-38,Discharged,FALSE,11
400880,110780,2027,101,07-02-2025,12-02-2025,Elective,101-10,Discharged,FALSE,5
400881,103083,2070,106,26-07-2025,29-07-2025,Elective,106-25,Discharged,FALSE,3
400882,103593,2037,105,01-08-2025,07-08-2025,Elective,105-38,Discharged,FALSE,6
400883,111146,2070,106,24-08-2025,26-08-2025,Elective,106-28,Under Treatment,FALSE,2
400884,110655,2021,108,06-05-2025,10-05-2025,Referral,108-02,Discharged,FALSE,4
400885,105540,2046,107,15-06-2025,24-06-2025,Elective,107-01,Discharged,FALSE,9
400886,101217,2021,108,13-08-2025,17-08-2025,Elective,108-39,Discharged,FALSE,4
400887,110724,2029,102,03-03-2025,04-03-2025,Elective,102-34,Discharged,FALSE,1
400888,101280,2079,104,15-07-2025,18-07-2025,Emergency,104-07,Discharged,FALSE,3
400889,102540,2019,101,05-09-2025,10-09-2025,Emergency,101-44,Discharged,FALSE,5
400890,109127,2025,105,18-11-2025,21-11-2025,Elective,105-46,Discharged,TRUE,3
400891,111656,2037,105,01-07-2025,05-07-2025,Elective,105-50,Discharged,FALSE,4
400892,111140,2051,108,17-02-2025,23-02-2025,Elective,108-44,Discharged,FALSE,6
400893,101856,2011,108,05-10-2025,06-10-2025,Referral,108-10,Discharged,FALSE,1
400894,102543,2061,104,02-11-2025,07-11-2025,Emergency,104-34,Discharged,FALSE,5
400895,111333,2020,102,04-11-2025,05-11-2025,Emergency,102-45,Discharged,FALSE,1
400896,107571,2006,106,31-10-2025,07-11-2025,Emergency,106-46,Discharged,FALSE,7
400897,100307,2074,108,16-06-2025,19-06-2025,Referral,108-40,Discharged,FALSE,3
400898,107720,2039,108,11-06-2026,16-06-2026,Elective,108-23,Discharged,FALSE,5
400899,103055,2057,101,19-02-2025,20-02-2025,Elective,101-17,Discharged,FALSE,1
400900,105070,2064,108,17-01-2025,23-01-2025,Elective,108-33,Transferred,FALSE,6
400901,107685,2039,108,08-02-2025,10-02-2025,Emergency,108-17,Discharged,FALSE,2
400902,107636,2007,106,25-07-2025,27-07-2025,Elective,106-08,Discharged,FALSE,2
400903,100011,2013,105,03-08-2025,06-08-2025,Elective,105-42,Discharged,FALSE,3
400904,108568,2043,108,24-02-2025,25-02-2025,Elective,108-50,Under Treatment,FALSE,1
400905,101831,2038,108,16-02-2025,18-02-2025,Referral,108-12,Discharged,FALSE,2
400906,103225,2055,106,05-04-2026,11-04-2026,Elective,106-21,Discharged,FALSE,6
400907,110442,2034,102,21-04-2025,10-05-2025,Elective,102-09,Discharged,FALSE,19
400908,106602,2064,108,09-02-2025,12-02-2025,Emergency,108-25,Discharged,FALSE,3
400909,107534,2060,103,07-07-2025,11-07-2025,Emergency,103-03,Discharged,FALSE,4
400910,110117,2053,105,07-03-2026,17-03-2026,Elective,105-17,Discharged,FALSE,10
400911,103566,2063,108,10-07-2025,11-07-2025,Emergency,108-50,Discharged,FALSE,1
400912,106978,2008,105,04-02-2025,06-02-2025,Emergency,105-27,Discharged,FALSE,2
400913,107203,2068,101,04-05-2025,13-05-2025,Elective,101-43,Discharged,FALSE,9
400914,107511,2058,102,19-01-2025,24-01-2025,Elective,102-32,Discharged,FALSE,5
400915,111248,2064,108,05-01-2025,10-01-2025,Elective,108-02,Discharged,FALSE,5
400916,108696,2024,108,06-12-2025,08-12-2025,Elective,108-20,Discharged,FALSE,2
400917,101991,2074,108,27-07-2025,30-07-2025,Elective,108-05,Discharged,FALSE,3
400918,107601,2034,102,06-04-2026,10-04-2026,Elective,102-05,Discharged,FALSE,4
400919,102725,2034,102,06-11-2025,14-11-2025,Referral,102-32,Discharged,FALSE,8
400920,110697,2027,101,02-01-2026,07-01-2026,Elective,101-26,Discharged,FALSE,5
400921,102562,2071,103,27-07-2025,28-07-2025,Elective,103-49,Discharged,FALSE,1
400922,110722,2016,107,05-12-2025,06-12-2025,Elective,107-25,Discharged,FALSE,1
400923,111901,2043,108,27-12-2025,03-01-2026,Elective,108-47,Transferred,FALSE,7
400924,110145,2013,105,06-06-2025,11-06-2025,Elective,105-44,Discharged,FALSE,5
400925,104469,2048,101,18-05-2025,23-05-2025,Emergency,101-28,Discharged,FALSE,5
400926,104800,2045,107,11-08-2025,18-08-2025,Emergency,107-46,Discharged,FALSE,7
400927,108120,2071,103,12-06-2025,16-06-2025,Elective,103-20,Discharged,FALSE,4
400928,103854,2029,102,14-04-2026,21-04-2026,Referral,102-34,Discharged,FALSE,7
400929,109454,2070,106,11-04-2026,12-04-2026,Elective,106-13,Discharged,FALSE,1
400930,101073,2064,108,14-08-2025,19-08-2025,Elective,108-49,Discharged,FALSE,5
400931,107490,2001,102,23-07-2025,29-07-2025,Elective,102-40,Discharged,FALSE,6
400932,102805,2069,106,06-08-2025,11-08-2025,Elective,106-09,Discharged,FALSE,5
400933,111037,2055,106,11-06-2025,16-06-2025,Emergency,106-20,Under Treatment,FALSE,5
400934,102307,2060,103,27-12-2025,05-01-2026,Referral,103-05,Discharged,FALSE,9
400935,101540,2026,102,11-11-2025,19-11-2025,Elective,102-40,Discharged,FALSE,8
400936,100313,2024,108,05-07-2025,06-07-2025,Emergency,108-35,Discharged,FALSE,1
400937,101918,2026,102,22-03-2025,28-03-2025,Elective,102-12,Discharged,FALSE,6
400938,100214,2029,102,01-04-2026,08-04-2026,Elective,102-09,Discharged,FALSE,7
400939,110288,2025,105,01-03-2025,02-03-2025,Elective,105-17,Discharged,FALSE,1
400940,106000,2034,102,31-03-2025,06-04-2025,Elective,102-48,Discharged,FALSE,6
400941,102720,2036,102,24-08-2025,29-08-2025,Elective,102-25,Discharged,FALSE,5
400942,101625,2022,101,06-11-2025,11-11-2025,Elective,101-36,Discharged,FALSE,5
400943,101164,2049,106,29-05-2026,05-06-2026,Elective,106-45,Discharged,TRUE,7
400944,104948,2008,105,19-04-2026,23-04-2026,Elective,105-06,Discharged,FALSE,4
400945,109794,2026,102,08-05-2026,12-05-2026,Elective,102-44,Discharged,TRUE,4
400946,110225,2062,101,21-03-2026,27-03-2026,Referral,101-34,Discharged,FALSE,6
400947,107321,2012,106,16-03-2026,20-03-2026,Elective,106-50,Discharged,FALSE,4
400948,104043,2038,108,11-02-2025,15-02-2025,Elective,108-03,Discharged,FALSE,4
400949,102487,2049,106,30-03-2025,03-04-2025,Emergency,106-19,Transferred,FALSE,4
400950,104602,2014,105,21-05-2025,25-05-2025,Elective,105-30,Discharged,FALSE,4
400951,106089,2074,108,05-12-2025,08-12-2025,Elective,108-05,Discharged,FALSE,3
400952,105782,2012,106,13-06-2026,20-06-2026,Elective,106-49,Discharged,TRUE,7
400953,107563,2023,108,18-10-2025,19-10-2025,Elective,108-39,Transferred,FALSE,1
400954,100628,2040,106,10-05-2026,12-05-2026,Emergency,106-02,Transferred,FALSE,2
400955,110941,2033,105,01-03-2026,02-03-2026,Elective,105-17,Discharged,FALSE,1
400956,105034,2075,104,15-12-2025,17-12-2025,Elective,104-26,Discharged,FALSE,2
400957,109109,2071,103,11-10-2025,16-10-2025,Referral,103-11,Discharged,FALSE,5
400958,106150,2002,107,30-04-2025,08-05-2025,Emergency,107-17,Discharged,FALSE,8
400959,108413,2010,104,04-02-2025,09-02-2025,Elective,104-23,Discharged,TRUE,5
400960,103661,2077,106,10-04-2025,13-04-2025,Elective,106-32,Discharged,FALSE,3
400961,102526,2067,107,01-04-2026,05-04-2026,Emergency,107-43,Discharged,FALSE,4
400962,103560,2051,108,21-07-2025,25-07-2025,Referral,108-21,Discharged,FALSE,4
400963,111054,2038,108,02-01-2026,03-01-2026,Emergency,108-35,Discharged,FALSE,1
400964,111252,2031,104,03-02-2026,05-02-2026,Referral,104-46,Discharged,FALSE,2
400965,100606,2050,101,09-05-2025,10-05-2025,Referral,101-37,Discharged,FALSE,1
400966,107937,2005,106,03-01-2026,04-01-2026,Emergency,106-25,Discharged,FALSE,1
400967,110371,2057,101,30-09-2025,04-10-2025,Emergency,101-23,Discharged,FALSE,4
400968,105439,2078,105,26-01-2026,30-01-2026,Elective,105-25,Discharged,FALSE,4
400969,104753,2042,102,04-09-2025,05-09-2025,Emergency,102-41,Discharged,FALSE,1
400970,101644,2027,101,15-05-2026,18-05-2026,Referral,101-32,Discharged,FALSE,3
400971,105413,2045,107,03-05-2025,05-05-2025,Elective,107-07,Discharged,FALSE,2
400972,108350,2061,104,27-05-2026,30-05-2026,Emergency,104-26,Discharged,FALSE,3
400973,104374,2055,106,25-04-2025,26-04-2025,Elective,106-05,Discharged,FALSE,1
400974,101760,2035,103,02-05-2025,03-05-2025,Elective,103-45,Discharged,FALSE,1
400975,108265,2068,101,01-08-2025,02-08-2025,Elective,101-15,Discharged,FALSE,1
400976,107798,2010,104,08-05-2025,09-05-2025,Elective,104-07,Discharged,FALSE,1
400977,100854,2010,104,04-01-2025,05-01-2025,Elective,104-27,Discharged,FALSE,1
400978,110100,2033,105,23-02-2025,25-02-2025,Elective,105-24,Discharged,FALSE,2
400979,103330,2074,108,02-08-2025,03-08-2025,Elective,108-07,Discharged,FALSE,1
400980,101165,2025,105,14-11-2025,16-11-2025,Elective,105-16,Discharged,FALSE,2
400981,111442,2058,102,01-06-2025,13-06-2025,Emergency,102-49,Under Treatment,FALSE,12
400982,103768,2048,101,01-04-2026,03-04-2026,Elective,101-22,Discharged,FALSE,2
400983,106604,2009,105,11-02-2026,14-02-2026,Elective,105-22,Discharged,FALSE,3
400984,101281,2071,103,19-06-2026,25-06-2026,Emergency,103-04,Discharged,FALSE,6
400985,103790,2080,107,31-05-2025,02-06-2025,Emergency,107-23,Discharged,FALSE,2
400986,102415,2025,105,20-07-2025,21-07-2025,Emergency,105-32,Discharged,FALSE,1
400987,103774,2045,107,20-04-2026,23-04-2026,Elective,107-42,Discharged,TRUE,3
400988,110530,2015,103,09-03-2025,12-03-2025,Elective,103-14,Transferred,FALSE,3
400989,110084,2048,101,10-06-2026,28-06-2026,Elective,101-38,Discharged,FALSE,18
400990,110934,2018,104,18-03-2025,19-03-2025,Elective,104-14,Discharged,FALSE,1
400991,111437,2078,105,08-02-2025,14-02-2025,Elective,105-02,Discharged,FALSE,6
400992,108087,2063,108,25-01-2025,03-02-2025,Referral,108-11,Discharged,FALSE,9
400993,102494,2035,103,17-08-2025,18-08-2025,Emergency,103-31,Discharged,FALSE,1
400994,102967,2067,107,01-06-2025,03-06-2025,Elective,107-27,Under Treatment,FALSE,2
400995,105317,2074,108,08-10-2025,12-10-2025,Elective,108-40,Discharged,FALSE,4
400996,110554,2004,101,02-04-2025,06-04-2025,Emergency,101-42,Discharged,FALSE,4
400997,111626,2013,105,26-04-2025,28-04-2025,Elective,105-29,Discharged,FALSE,2
400998,100487,2067,107,16-05-2025,18-05-2025,Emergency,107-29,Discharged,FALSE,2
400999,111182,2026,102,15-04-2026,19-04-2026,Emergency,102-12,Discharged,FALSE,4
401000,107291,2004,101,10-02-2026,14-02-2026,Emergency,101-47,Discharged,FALSE,4
401001,102373,2063,108,10-12-2025,14-12-2025,Elective,108-27,Discharged,FALSE,4
401002,104924,2078,105,21-07-2025,25-07-2025,Emergency,105-50,Discharged,FALSE,4
401003,107281,2059,104,09-09-2025,10-09-2025,Elective,104-49,Discharged,FALSE,1
401004,106499,2024,108,30-06-2025,02-07-2025,Emergency,108-45,Discharged,FALSE,2
401005,106633,2016,107,11-12-2025,17-12-2025,Elective,107-41,Discharged,FALSE,6
401006,108856,2020,102,13-04-2026,16-04-2026,Emergency,102-04,Discharged,FALSE,3
401007,108926,2006,106,25-11-2025,27-11-2025,Elective,106-01,Discharged,FALSE,2
401008,108991,2068,101,18-03-2026,20-03-2026,Emergency,101-29,Discharged,FALSE,2
401009,108938,2008,105,23-09-2025,26-09-2025,Referral,105-36,Discharged,FALSE,3
401010,102471,2060,103,23-11-2025,25-11-2025,Elective,103-12,Discharged,FALSE,2
401011,103213,2029,102,17-03-2025,21-03-2025,Elective,102-09,Discharged,FALSE,4
401012,102866,2024,108,29-01-2026,30-01-2026,Referral,108-40,Transferred,FALSE,1
401013,106476,2055,106,10-12-2025,11-12-2025,Referral,106-19,Discharged,FALSE,1
401014,109658,2032,101,22-06-2025,23-06-2025,Referral,101-42,Discharged,FALSE,1
401015,104220,2034,102,16-03-2026,21-03-2026,Elective,102-26,Discharged,FALSE,5
401016,107195,2012,106,23-08-2025,24-08-2025,Elective,106-02,Discharged,FALSE,1
401017,104497,2027,101,01-03-2026,03-03-2026,Elective,101-29,Transferred,FALSE,2
401018,109776,2080,107,28-05-2026,31-05-2026,Elective,107-40,Discharged,FALSE,3
401019,107082,2011,108,22-12-2025,23-12-2025,Emergency,108-37,Discharged,FALSE,1
401020,107033,2027,101,24-02-2026,02-03-2026,Emergency,101-08,Discharged,TRUE,6
401021,100420,2077,106,05-10-2025,07-10-2025,Elective,106-49,Discharged,FALSE,2
401022,111222,2015,103,19-08-2025,25-08-2025,Elective,103-03,Discharged,FALSE,6
401023,101430,2019,101,26-04-2026,28-04-2026,Emergency,101-33,Discharged,TRUE,2
401024,111071,2010,104,31-12-2025,04-01-2026,Elective,104-03,Transferred,FALSE,4
401025,102039,2028,107,18-04-2025,26-04-2025,Elective,107-41,Discharged,FALSE,8
401026,111761,2002,107,08-03-2025,15-03-2025,Elective,107-26,Discharged,FALSE,7
401027,103708,2056,102,03-10-2025,04-10-2025,Elective,102-10,Discharged,TRUE,1
401028,110201,2055,106,08-01-2025,14-01-2025,Elective,106-39,Discharged,FALSE,6
401029,104026,2006,106,13-10-2025,15-10-2025,Elective,106-20,Under Treatment,TRUE,2
401030,101517,2048,101,15-01-2026,20-01-2026,Referral,101-11,Discharged,FALSE,5
401031,102646,2077,106,01-12-2025,07-12-2025,Elective,106-02,Under Treatment,FALSE,6
401032,106874,2045,107,18-01-2025,27-01-2025,Elective,107-30,Discharged,TRUE,9
401033,105503,2032,101,14-05-2025,18-05-2025,Elective,101-24,Transferred,FALSE,4
401034,103539,2002,107,08-09-2025,10-09-2025,Elective,107-12,Discharged,FALSE,2
401035,111471,2036,102,04-06-2026,05-06-2026,Elective,102-28,Discharged,FALSE,1
401036,103855,2038,108,24-01-2025,26-01-2025,Elective,108-25,Discharged,FALSE,2
401037,102165,2043,108,04-07-2025,08-07-2025,Emergency,108-29,Discharged,FALSE,4
401038,100737,2029,102,24-03-2025,25-03-2025,Emergency,102-05,Discharged,FALSE,1
401039,101706,2034,102,29-01-2026,30-01-2026,Emergency,102-39,Discharged,FALSE,1
401040,104155,2065,104,11-06-2026,12-06-2026,Elective,104-23,Discharged,TRUE,1
401041,111786,2079,104,06-06-2025,10-06-2025,Elective,104-49,Discharged,FALSE,4
401042,109305,2071,103,19-04-2026,27-04-2026,Emergency,103-44,Transferred,FALSE,8
401043,106440,2027,101,23-10-2025,25-10-2025,Referral,101-08,Discharged,FALSE,2
401044,103515,2039,108,16-10-2025,23-10-2025,Elective,108-48,Under Treatment,FALSE,7
401045,104501,2053,105,30-01-2026,04-02-2026,Emergency,105-29,Discharged,FALSE,5
401046,103818,2021,108,01-10-2025,02-10-2025,Emergency,108-32,Discharged,FALSE,1
401047,103626,2039,108,09-07-2025,14-07-2025,Referral,108-38,Discharged,FALSE,5
401048,104629,2035,103,05-11-2025,08-11-2025,Elective,103-42,Discharged,FALSE,3
401049,104186,2029,102,03-03-2026,05-03-2026,Referral,102-37,Under Treatment,FALSE,2
401050,109685,2072,107,06-02-2026,11-02-2026,Elective,107-32,Discharged,FALSE,5
401051,101892,2046,107,04-04-2026,06-04-2026,Emergency,107-12,Discharged,FALSE,2
401052,110524,2036,102,06-09-2025,11-09-2025,Elective,102-43,Discharged,FALSE,5
401053,107184,2037,105,23-12-2025,26-12-2025,Elective,105-36,Discharged,FALSE,3
401054,105430,2019,101,19-01-2025,22-01-2025,Elective,101-09,Transferred,FALSE,3
401055,101661,2070,106,17-04-2025,22-04-2025,Emergency,106-07,Transferred,FALSE,5
401056,110028,2057,101,06-04-2025,07-04-2025,Elective,101-40,Discharged,FALSE,1
401057,108174,2069,106,03-03-2025,10-03-2025,Elective,106-09,Discharged,TRUE,7
401058,104675,2016,107,09-05-2026,14-05-2026,Elective,107-34,Transferred,FALSE,5
401059,105665,2025,105,25-01-2026,01-02-2026,Referral,105-36,Discharged,FALSE,7
401060,101060,2061,104,14-11-2025,15-11-2025,Emergency,104-05,Discharged,FALSE,1
401061,108389,2029,102,31-05-2026,04-06-2026,Emergency,102-29,Discharged,FALSE,4
401062,102888,2018,104,25-10-2025,03-11-2025,Elective,104-35,Discharged,FALSE,9
401063,103966,2024,108,19-03-2026,22-03-2026,Elective,108-25,Discharged,FALSE,3
401064,108168,2002,107,10-08-2025,16-08-2025,Elective,107-36,Discharged,FALSE,6
401065,107109,2026,102,24-07-2025,25-07-2025,Elective,102-37,Discharged,TRUE,1
401066,106539,2057,101,06-06-2025,08-06-2025,Elective,101-42,Under Treatment,FALSE,2
401067,100218,2029,102,06-06-2025,11-06-2025,Elective,102-02,Discharged,FALSE,5
401068,109269,2003,103,03-06-2026,08-06-2026,Emergency,103-33,Discharged,FALSE,5
401069,101214,2060,103,15-05-2025,27-05-2025,Elective,103-03,Discharged,FALSE,12
401070,110610,2074,108,09-09-2025,19-09-2025,Elective,108-21,Discharged,FALSE,10
401071,110760,2061,104,21-03-2026,08-04-2026,Emergency,104-19,Discharged,FALSE,18
401072,101408,2036,102,30-09-2025,03-10-2025,Emergency,102-05,Discharged,FALSE,3
401073,100633,2071,103,28-11-2025,03-12-2025,Elective,103-06,Discharged,FALSE,5
401074,111054,2062,101,04-01-2025,09-01-2025,Elective,101-41,Discharged,FALSE,5
401075,101579,2060,103,11-03-2025,17-03-2025,Referral,103-21,Discharged,FALSE,6
401076,110837,2004,101,28-06-2025,02-07-2025,Elective,101-20,Discharged,FALSE,4
401077,100325,2006,106,05-11-2025,10-11-2025,Referral,106-45,Discharged,TRUE,5
401078,101506,2052,104,01-03-2025,05-03-2025,Elective,104-46,Discharged,FALSE,4
401079,102569,2055,106,28-01-2025,03-02-2025,Elective,106-37,Discharged,FALSE,6
401080,109591,2054,102,23-10-2025,27-10-2025,Emergency,102-27,Discharged,FALSE,4
401081,100192,2045,107,17-02-2026,20-02-2026,Elective,107-04,Discharged,FALSE,3
401082,102647,2044,106,12-01-2026,15-01-2026,Elective,106-49,Discharged,TRUE,3
401083,108267,2039,108,06-03-2026,10-03-2026,Elective,108-18,Discharged,FALSE,4
401084,108631,2016,107,06-06-2025,09-06-2025,Referral,107-25,Discharged,TRUE,3
401085,105889,2048,101,02-02-2025,03-02-2025,Elective,101-02,Discharged,FALSE,1
401086,108372,2004,101,21-08-2025,22-08-2025,Emergency,101-42,Discharged,FALSE,1
401087,105065,2048,101,03-02-2026,06-02-2026,Emergency,101-13,Discharged,FALSE,3
401088,101182,2042,102,23-11-2025,26-11-2025,Emergency,102-12,Discharged,FALSE,3
401089,104817,2053,105,01-11-2025,08-11-2025,Emergency,105-47,Discharged,FALSE,7
401090,109174,2057,101,14-08-2025,15-08-2025,Elective,101-15,Discharged,FALSE,1
401091,107599,2017,106,09-01-2025,10-01-2025,Elective,106-10,Discharged,FALSE,1
401092,100057,2006,106,12-01-2025,14-01-2025,Elective,106-41,Discharged,FALSE,2
401093,103892,2062,101,17-01-2025,19-01-2025,Elective,101-07,Discharged,FALSE,2
401094,109978,2079,104,29-05-2026,02-06-2026,Referral,104-44,Transferred,FALSE,4
401095,107788,2011,108,14-01-2026,17-01-2026,Emergency,108-36,Discharged,FALSE,3
401096,105283,2023,108,11-02-2025,12-02-2025,Elective,108-30,Discharged,FALSE,1
401097,105448,2036,102,17-02-2026,21-02-2026,Emergency,102-46,Discharged,TRUE,4
401098,110249,2005,106,07-02-2025,19-02-2025,Referral,106-21,Discharged,FALSE,12
401099,103357,2027,101,28-12-2025,01-01-2026,Emergency,101-05,Discharged,FALSE,4
401100,105312,2013,105,04-05-2026,15-05-2026,Elective,105-05,Discharged,FALSE,11
401101,111391,2036,102,21-04-2025,25-04-2025,Emergency,102-24,Discharged,TRUE,4
401102,102236,2018,104,02-10-2025,07-10-2025,Elective,104-05,Discharged,FALSE,5
401103,101618,2041,105,04-06-2026,06-06-2026,Referral,105-09,Discharged,FALSE,2
401104,100716,2043,108,01-02-2025,05-02-2025,Elective,108-08,Discharged,FALSE,4
401105,104206,2067,107,15-06-2025,28-06-2025,Elective,107-35,Discharged,FALSE,13
401106,101348,2014,105,18-06-2025,20-06-2025,Elective,105-39,Discharged,FALSE,2
401107,110339,2002,107,16-05-2026,20-05-2026,Emergency,107-08,Discharged,FALSE,4
401108,106141,2006,106,05-01-2026,10-01-2026,Elective,106-44,Discharged,FALSE,5
401109,102883,2039,108,28-02-2026,02-03-2026,Referral,108-29,Discharged,FALSE,2
401110,110352,2065,104,23-09-2025,04-10-2025,Elective,104-31,Transferred,FALSE,11
401111,109664,2011,108,21-02-2025,24-02-2025,Elective,108-33,Discharged,FALSE,3
401112,106068,2030,105,11-01-2026,20-01-2026,Elective,105-06,Discharged,FALSE,9
401113,100742,2011,108,27-07-2025,01-08-2025,Referral,108-48,Discharged,TRUE,5
401114,103910,2060,103,01-01-2025,05-01-2025,Elective,103-48,Discharged,FALSE,4
401115,106683,2080,107,08-08-2025,15-08-2025,Elective,107-23,Discharged,FALSE,7
401116,104276,2080,107,09-04-2026,13-04-2026,Elective,107-41,Discharged,FALSE,4
401117,101263,2014,105,12-09-2025,13-09-2025,Emergency,105-16,Discharged,FALSE,1
401118,108367,2063,108,06-06-2025,07-06-2025,Elective,108-34,Discharged,FALSE,1
401119,105575,2036,102,29-03-2026,03-04-2026,Elective,102-07,Discharged,FALSE,5
401120,100424,2011,108,21-06-2025,24-06-2025,Referral,108-06,Discharged,FALSE,3
401121,101356,2020,102,06-09-2025,09-09-2025,Elective,102-01,Discharged,FALSE,3
401122,109874,2029,102,15-02-2025,23-02-2025,Elective,102-33,Discharged,FALSE,8
401123,110169,2010,104,30-05-2025,03-06-2025,Referral,104-12,Discharged,FALSE,4
401124,103550,2042,102,10-04-2025,13-04-2025,Elective,102-24,Transferred,FALSE,3
401125,111382,2003,103,18-07-2025,19-07-2025,Elective,103-28,Discharged,FALSE,1
401126,108033,2035,103,06-01-2025,08-01-2025,Elective,103-03,Discharged,FALSE,2
401127,105719,2058,102,15-02-2026,19-02-2026,Elective,102-18,Discharged,FALSE,4
401128,111751,2057,101,26-02-2025,03-03-2025,Elective,101-31,Transferred,FALSE,5
401129,104526,2062,101,18-12-2025,26-12-2025,Emergency,101-18,Discharged,FALSE,8
401130,107543,2023,108,28-12-2025,02-01-2026,Emergency,108-22,Discharged,FALSE,5
401131,103267,2002,107,10-04-2026,11-04-2026,Emergency,107-02,Discharged,FALSE,1
401132,106727,2038,108,07-06-2025,08-06-2025,Elective,108-44,Discharged,FALSE,1
401133,100893,2012,106,01-11-2025,12-11-2025,Elective,106-26,Discharged,FALSE,11
401134,101020,2079,104,08-06-2026,10-06-2026,Elective,104-37,Discharged,FALSE,2
401135,103988,2003,103,03-08-2025,08-08-2025,Emergency,103-09,Discharged,FALSE,5
401136,101722,2046,107,21-09-2025,28-09-2025,Elective,107-24,Discharged,FALSE,7
401137,104065,2040,106,04-05-2026,07-05-2026,Elective,106-50,Transferred,FALSE,3
401138,105160,2028,107,02-04-2025,07-04-2025,Referral,107-05,Discharged,FALSE,5
401139,109795,2070,106,25-04-2026,27-04-2026,Elective,106-27,Discharged,FALSE,2
401140,104975,2044,106,27-01-2026,03-02-2026,Elective,106-06,Discharged,FALSE,7
401141,108097,2075,104,29-09-2025,11-10-2025,Elective,104-03,Transferred,FALSE,12
401142,107505,2062,101,13-02-2026,16-02-2026,Emergency,101-38,Discharged,FALSE,3
401143,103512,2074,108,31-12-2025,01-01-2026,Elective,108-22,Discharged,TRUE,1
401144,110161,2054,102,28-04-2025,30-04-2025,Emergency,102-43,Discharged,FALSE,2
401145,104714,2053,105,10-03-2026,13-03-2026,Elective,105-05,Discharged,FALSE,3
401146,100642,2073,101,24-07-2025,30-07-2025,Elective,101-28,Transferred,FALSE,6
401147,105368,2020,102,20-01-2025,30-01-2025,Emergency,102-11,Discharged,FALSE,10
401148,100828,2061,104,19-12-2025,25-12-2025,Elective,104-04,Discharged,FALSE,6
401149,107479,2042,102,13-08-2025,26-08-2025,Emergency,102-14,Discharged,FALSE,13
401150,104088,2016,107,18-04-2026,23-04-2026,Elective,107-49,Discharged,TRUE,5
401151,103021,2027,101,10-11-2025,21-11-2025,Emergency,101-13,Discharged,FALSE,11
401152,108343,2026,102,11-03-2026,20-03-2026,Elective,102-16,Discharged,FALSE,9
401153,108148,2074,108,29-12-2025,30-12-2025,Elective,108-26,Discharged,FALSE,1
401154,108356,2051,108,16-06-2026,20-06-2026,Referral,108-46,Discharged,FALSE,4
401155,103883,2053,105,26-05-2026,30-05-2026,Elective,105-44,Discharged,FALSE,4
401156,106829,2059,104,04-04-2025,06-04-2025,Elective,104-04,Discharged,FALSE,2
401157,111104,2051,108,26-05-2026,02-06-2026,Elective,108-06,Discharged,FALSE,7
401158,110328,2080,107,17-03-2025,18-03-2025,Emergency,107-18,Discharged,FALSE,1
401159,109173,2005,106,17-06-2025,20-06-2025,Emergency,106-44,Discharged,FALSE,3
401160,108759,2048,101,17-03-2025,25-03-2025,Referral,101-45,Discharged,FALSE,8
401161,109616,2004,101,10-03-2026,11-03-2026,Elective,101-01,Discharged,TRUE,1
401162,110294,2024,108,17-06-2026,21-06-2026,Elective,108-30,Discharged,FALSE,4
401163,101316,2019,101,17-10-2025,21-10-2025,Elective,101-49,Discharged,FALSE,4
401164,103889,2004,101,07-12-2025,08-12-2025,Elective,101-27,Discharged,TRUE,1
401165,107233,2011,108,13-05-2026,17-05-2026,Elective,108-47,Discharged,FALSE,4
401166,103675,2056,102,10-11-2025,15-11-2025,Elective,102-25,Discharged,FALSE,5
401167,111393,2051,108,18-04-2025,19-04-2025,Emergency,108-45,Discharged,FALSE,1
401168,108459,2071,103,04-12-2025,11-12-2025,Emergency,103-10,Discharged,FALSE,7
401169,105692,2059,104,25-01-2026,27-01-2026,Referral,104-05,Discharged,FALSE,2
401170,100138,2043,108,14-04-2025,16-04-2025,Elective,108-24,Discharged,FALSE,2
401171,102934,2041,105,25-04-2026,29-04-2026,Emergency,105-12,Under Treatment,FALSE,4
401172,101509,2032,101,15-09-2025,19-09-2025,Emergency,101-30,Discharged,FALSE,4
401173,100643,2070,106,17-07-2025,23-07-2025,Referral,106-23,Discharged,FALSE,6
401174,105958,2012,106,03-07-2025,08-07-2025,Elective,106-18,Discharged,FALSE,5
401175,100714,2061,104,26-04-2025,01-05-2025,Elective,104-09,Discharged,FALSE,5
401176,102470,2031,104,12-03-2025,16-03-2025,Elective,104-22,Discharged,FALSE,4
401177,107226,2080,107,07-09-2025,09-09-2025,Elective,107-33,Discharged,FALSE,2
401178,105539,2079,104,19-06-2026,21-06-2026,Elective,104-14,Discharged,FALSE,2
401179,103475,2062,101,30-03-2025,02-04-2025,Elective,101-34,Under Treatment,FALSE,3
401180,108063,2053,105,02-07-2025,05-07-2025,Emergency,105-02,Discharged,FALSE,3
401181,109945,2018,104,24-08-2025,31-08-2025,Elective,104-05,Discharged,TRUE,7
401182,107501,2009,105,03-04-2026,07-04-2026,Elective,105-43,Discharged,FALSE,4
401183,103876,2016,107,01-09-2025,11-09-2025,Elective,107-44,Discharged,FALSE,10
401184,108329,2034,102,15-03-2026,21-03-2026,Emergency,102-46,Discharged,TRUE,6
401185,102540,2022,101,20-07-2025,22-07-2025,Elective,101-09,Discharged,FALSE,2
401186,109639,2027,101,16-02-2026,18-02-2026,Elective,101-08,Discharged,FALSE,2
401187,103537,2049,106,15-04-2026,18-04-2026,Elective,106-50,Discharged,FALSE,3
401188,108624,2025,105,20-01-2026,24-01-2026,Emergency,105-46,Discharged,TRUE,4
401189,110902,2067,107,01-05-2026,02-05-2026,Elective,107-20,Discharged,FALSE,1
401190,104633,2036,102,14-10-2025,15-10-2025,Emergency,102-30,Discharged,TRUE,1
401191,111574,2019,101,30-04-2025,02-05-2025,Emergency,101-27,Discharged,FALSE,2
401192,105607,2041,105,11-01-2025,15-01-2025,Referral,105-30,Discharged,FALSE,4
401193,102398,2006,106,29-11-2025,03-12-2025,Elective,106-43,Discharged,FALSE,4
401194,109540,2080,107,08-05-2025,11-05-2025,Elective,107-50,Discharged,TRUE,3
401195,104979,2034,102,11-05-2025,16-05-2025,Elective,102-09,Discharged,FALSE,5
401196,109294,2011,108,05-06-2026,09-06-2026,Referral,108-10,Transferred,FALSE,4
401197,108427,2047,102,12-01-2026,20-01-2026,Elective,102-01,Transferred,FALSE,8
401198,106988,2064,108,25-07-2025,27-07-2025,Emergency,108-26,Transferred,FALSE,2
401199,110058,2010,104,01-05-2026,03-05-2026,Emergency,104-30,Discharged,FALSE,2
401200,101212,2005,106,21-08-2025,01-09-2025,Referral,106-10,Discharged,FALSE,11
401201,105288,2055,106,02-08-2025,12-08-2025,Elective,106-37,Discharged,FALSE,10
401202,101187,2048,101,15-04-2026,17-04-2026,Elective,101-12,Discharged,FALSE,2
401203,100116,2075,104,02-09-2025,04-09-2025,Elective,104-17,Under Treatment,FALSE,2
401204,104274,2035,103,14-01-2026,17-01-2026,Emergency,103-19,Discharged,FALSE,3
401205,102459,2017,106,04-06-2026,09-06-2026,Referral,106-29,Discharged,FALSE,5
401206,110867,2056,102,07-02-2025,13-02-2025,Elective,102-41,Under Treatment,FALSE,6
401207,105686,2057,101,05-08-2025,11-08-2025,Elective,101-23,Discharged,FALSE,6
401208,109327,2072,107,13-03-2026,28-03-2026,Emergency,107-14,Discharged,FALSE,15
401209,110562,2070,106,11-09-2025,16-09-2025,Elective,106-30,Discharged,FALSE,5
401210,103303,2045,107,16-11-2025,17-11-2025,Emergency,107-22,Discharged,TRUE,1
401211,111838,2055,106,05-08-2025,08-08-2025,Emergency,106-33,Under Treatment,FALSE,3
401212,100357,2027,101,25-09-2025,30-09-2025,Emergency,101-36,Discharged,FALSE,5
401213,105937,2072,107,01-11-2025,02-11-2025,Elective,107-41,Transferred,FALSE,1
401214,100668,2011,108,08-02-2025,11-02-2025,Elective,108-42,Discharged,FALSE,3
401215,106089,2050,101,21-03-2026,28-03-2026,Emergency,101-30,Discharged,FALSE,7
401216,111905,2078,105,19-04-2026,22-04-2026,Emergency,105-21,Discharged,FALSE,3
401217,107137,2069,106,25-08-2025,26-08-2025,Elective,106-37,Discharged,FALSE,1
401218,107624,2017,106,07-02-2026,08-02-2026,Elective,106-37,Discharged,FALSE,1
401219,101176,2033,105,05-01-2025,25-01-2025,Elective,105-15,Discharged,FALSE,20
401220,101398,2043,108,21-09-2025,25-09-2025,Emergency,108-25,Discharged,FALSE,4
401221,104673,2009,105,13-06-2025,17-06-2025,Elective,105-40,Transferred,FALSE,4
401222,104102,2070,106,26-03-2026,01-04-2026,Referral,106-26,Discharged,TRUE,6
401223,101753,2048,101,03-05-2025,08-05-2025,Elective,101-06,Discharged,FALSE,5
401224,102281,2007,106,22-03-2026,28-03-2026,Elective,106-33,Discharged,FALSE,6
401225,101998,2049,106,06-08-2025,09-08-2025,Emergency,106-42,Transferred,FALSE,3
401226,102797,2043,108,11-06-2025,13-06-2025,Emergency,108-50,Discharged,FALSE,2
401227,110811,2066,102,11-04-2025,16-04-2025,Emergency,102-15,Under Treatment,FALSE,5
401228,110712,2054,102,30-04-2026,05-05-2026,Elective,102-44,Discharged,FALSE,5
401229,109880,2005,106,07-05-2025,12-05-2025,Elective,106-31,Discharged,FALSE,5
401230,108263,2031,104,25-05-2026,27-05-2026,Elective,104-35,Discharged,FALSE,2
401231,103669,2022,101,16-04-2026,18-04-2026,Emergency,101-41,Under Treatment,FALSE,2
401232,108827,2076,104,08-07-2025,10-07-2025,Referral,104-04,Discharged,FALSE,2
401233,100593,2067,107,10-04-2025,15-04-2025,Emergency,107-38,Discharged,FALSE,5
401234,102224,2019,101,20-06-2026,22-06-2026,Elective,101-13,Discharged,FALSE,2
401235,103535,2002,107,14-12-2025,16-12-2025,Emergency,107-04,Discharged,TRUE,2
401236,110435,2048,101,08-02-2025,09-02-2025,Elective,101-12,Discharged,FALSE,1
401237,101436,2070,106,07-05-2025,09-05-2025,Emergency,106-24,Discharged,FALSE,2
401238,102297,2041,105,08-02-2026,13-02-2026,Elective,105-30,Discharged,FALSE,5
401239,109784,2054,102,26-12-2025,27-12-2025,Elective,102-49,Discharged,FALSE,1
401240,103559,2005,106,06-06-2025,08-06-2025,Emergency,106-04,Discharged,FALSE,2
401241,111659,2041,105,30-12-2025,04-01-2026,Elective,105-39,Discharged,FALSE,5
401242,103000,2032,101,14-01-2025,18-01-2025,Elective,101-31,Discharged,FALSE,4
401243,110247,2022,101,25-07-2025,29-07-2025,Elective,101-09,Discharged,TRUE,4
401244,106662,2040,106,17-02-2026,22-02-2026,Elective,106-33,Discharged,FALSE,5
401245,101971,2067,107,07-01-2025,11-01-2025,Elective,107-24,Discharged,FALSE,4
401246,100651,2028,107,09-11-2025,17-11-2025,Elective,107-19,Discharged,FALSE,8
401247,110330,2061,104,15-12-2025,17-12-2025,Emergency,104-42,Discharged,FALSE,2
401248,109159,2035,103,24-03-2026,26-03-2026,Elective,103-12,Discharged,FALSE,2
401249,101777,2012,106,06-04-2026,08-04-2026,Elective,106-13,Discharged,TRUE,2
401250,103318,2035,103,15-08-2025,17-08-2025,Emergency,103-49,Discharged,FALSE,2
401251,100948,2013,105,09-07-2025,13-07-2025,Emergency,105-08,Discharged,FALSE,4
401252,111085,2046,107,09-05-2025,10-05-2025,Emergency,107-38,Discharged,FALSE,1
401253,109668,2080,107,07-02-2025,17-02-2025,Elective,107-45,Transferred,FALSE,10
401254,106818,2043,108,31-01-2026,03-02-2026,Emergency,108-34,Discharged,FALSE,3
401255,111540,2010,104,14-04-2025,16-04-2025,Elective,104-23,Discharged,FALSE,2
401256,101377,2042,102,12-02-2026,17-02-2026,Referral,102-49,Discharged,TRUE,5
401257,107581,2041,105,17-07-2025,19-07-2025,Elective,105-08,Discharged,FALSE,2
401258,101022,2027,101,21-10-2025,04-11-2025,Referral,101-21,Discharged,FALSE,14
401259,101598,2080,107,17-01-2026,23-01-2026,Elective,107-44,Discharged,FALSE,6
401260,111936,2063,108,19-07-2025,23-07-2025,Elective,108-26,Discharged,FALSE,4
401261,102514,2006,106,18-04-2025,22-04-2025,Emergency,106-03,Discharged,FALSE,4
401262,106717,2050,101,09-05-2025,11-05-2025,Emergency,101-34,Under Treatment,FALSE,2
401263,106440,2061,104,19-03-2026,20-03-2026,Elective,104-10,Discharged,FALSE,1
401264,105597,2056,102,10-06-2026,12-06-2026,Elective,102-16,Discharged,FALSE,2
401265,111871,2066,102,24-01-2026,27-01-2026,Emergency,102-33,Discharged,FALSE,3
401266,111750,2006,106,03-04-2025,04-04-2025,Elective,106-31,Discharged,FALSE,1
401267,106991,2080,107,14-01-2026,25-01-2026,Elective,107-49,Discharged,FALSE,11
401268,103982,2025,105,12-11-2025,21-11-2025,Emergency,105-11,Discharged,FALSE,9
401269,101581,2014,105,25-10-2025,29-10-2025,Elective,105-29,Discharged,FALSE,4
401270,100126,2025,105,11-01-2025,22-01-2025,Emergency,105-12,Under Treatment,FALSE,11
401271,103384,2050,101,15-07-2025,17-07-2025,Emergency,101-27,Discharged,FALSE,2
401272,103489,2062,101,16-01-2025,20-01-2025,Emergency,101-21,Discharged,FALSE,4
401273,102168,2022,101,24-11-2025,28-11-2025,Elective,101-17,Transferred,FALSE,4
401274,102367,2067,107,07-06-2026,08-06-2026,Elective,107-15,Discharged,FALSE,1
401275,100326,2075,104,17-11-2025,22-11-2025,Elective,104-01,Discharged,FALSE,5
401276,108310,2064,108,21-02-2025,24-02-2025,Referral,108-20,Discharged,FALSE,3
401277,100346,2037,105,02-01-2025,03-01-2025,Elective,105-17,Discharged,FALSE,1
401278,102760,2016,107,28-12-2025,03-01-2026,Elective,107-02,Discharged,FALSE,6
401279,101714,2007,106,27-06-2025,29-06-2025,Referral,106-36,Discharged,FALSE,2
401280,108272,2002,107,27-02-2026,04-03-2026,Referral,107-41,Under Treatment,FALSE,5
401281,109086,2075,104,13-07-2025,15-07-2025,Emergency,104-05,Discharged,FALSE,2
401282,101712,2002,107,05-09-2025,08-09-2025,Elective,107-42,Discharged,FALSE,3
401283,108084,2010,104,18-01-2025,22-01-2025,Elective,104-28,Discharged,FALSE,4
401284,106187,2069,106,28-04-2025,30-04-2025,Emergency,106-04,Discharged,FALSE,2
401285,102012,2009,105,01-11-2025,03-11-2025,Elective,105-36,Transferred,FALSE,2
401286,106213,2072,107,06-06-2025,08-06-2025,Elective,107-35,Discharged,FALSE,2
401287,104087,2078,105,30-10-2025,02-11-2025,Elective,105-10,Transferred,FALSE,3
401288,110748,2049,106,23-04-2025,25-04-2025,Emergency,106-02,Discharged,FALSE,2
401289,110909,2069,106,30-06-2025,05-07-2025,Emergency,106-36,Transferred,FALSE,5
401290,110334,2053,105,01-09-2025,06-09-2025,Elective,105-07,Discharged,FALSE,5
401291,106305,2060,103,14-06-2025,15-06-2025,Emergency,103-02,Discharged,FALSE,1
401292,102312,2027,101,22-11-2025,24-11-2025,Emergency,101-42,Discharged,FALSE,2
401293,106588,2075,104,12-11-2025,14-11-2025,Elective,104-27,Discharged,FALSE,2
401294,107363,2043,108,15-11-2025,23-11-2025,Elective,108-06,Discharged,FALSE,8
401295,110754,2078,105,03-02-2025,04-02-2025,Elective,105-09,Transferred,FALSE,1
401296,111930,2041,105,25-05-2026,26-05-2026,Elective,105-44,Discharged,FALSE,1
401297,100236,2046,107,13-05-2025,21-05-2025,Elective,107-44,Discharged,TRUE,8
401298,109127,2064,108,07-04-2026,09-04-2026,Elective,108-30,Discharged,FALSE,2
401299,101894,2065,104,18-06-2025,22-06-2025,Emergency,104-04,Discharged,FALSE,4
401300,106305,2019,101,16-09-2025,17-09-2025,Emergency,101-35,Discharged,FALSE,1
401301,108782,2048,101,09-07-2025,13-07-2025,Emergency,101-33,Discharged,FALSE,4
401302,101556,2010,104,20-03-2025,23-03-2025,Referral,104-32,Discharged,TRUE,3
401303,104180,2061,104,14-03-2025,18-03-2025,Elective,104-03,Discharged,FALSE,4
401304,107760,2014,105,25-10-2025,29-10-2025,Referral,105-08,Discharged,FALSE,4
401305,105608,2015,103,04-10-2025,09-10-2025,Emergency,103-24,Discharged,FALSE,5
401306,107263,2041,105,05-03-2026,10-03-2026,Emergency,105-25,Discharged,FALSE,5
401307,104870,2080,107,06-10-2025,09-10-2025,Elective,107-31,Discharged,FALSE,3
401308,104518,2059,104,10-08-2025,13-08-2025,Referral,104-50,Discharged,FALSE,3
401309,103058,2079,104,19-06-2025,20-06-2025,Emergency,104-35,Under Treatment,FALSE,1
401310,102161,2029,102,24-04-2026,27-04-2026,Emergency,102-06,Discharged,TRUE,3
401311,111323,2080,107,06-03-2025,10-03-2025,Emergency,107-02,Discharged,FALSE,4
401312,104388,2059,104,29-01-2026,02-02-2026,Emergency,104-44,Discharged,FALSE,4
401313,110257,2050,101,10-01-2025,17-01-2025,Elective,101-20,Discharged,FALSE,7
401314,107043,2045,107,08-12-2025,11-12-2025,Elective,107-15,Discharged,FALSE,3
401315,103393,2055,106,25-05-2026,26-05-2026,Elective,106-30,Discharged,FALSE,1
401316,103489,2053,105,19-02-2025,20-02-2025,Elective,105-20,Discharged,FALSE,1
401317,100464,2061,104,12-02-2025,14-02-2025,Elective,104-26,Discharged,FALSE,2
401318,110780,2061,104,14-11-2025,18-11-2025,Emergency,104-24,Transferred,FALSE,4
401319,105570,2064,108,18-07-2025,20-07-2025,Elective,108-47,Discharged,FALSE,2
401320,100606,2005,106,06-04-2026,08-04-2026,Referral,106-39,Discharged,FALSE,2
401321,106668,2057,101,23-02-2026,26-02-2026,Referral,101-42,Discharged,FALSE,3
401322,107999,2065,104,06-08-2025,09-08-2025,Referral,104-01,Discharged,FALSE,3
401323,100189,2032,101,15-08-2025,16-08-2025,Elective,101-44,Discharged,FALSE,1
401324,109126,2003,103,21-03-2026,26-03-2026,Referral,103-19,Discharged,FALSE,5
401325,110865,2025,105,02-06-2025,06-06-2025,Emergency,105-33,Discharged,FALSE,4
401326,109588,2064,108,15-07-2025,16-07-2025,Elective,108-07,Discharged,TRUE,1
401327,107548,2049,106,10-05-2026,14-05-2026,Emergency,106-05,Discharged,FALSE,4
401328,108766,2032,101,16-09-2025,20-09-2025,Elective,101-28,Discharged,FALSE,4
401329,109551,2013,105,20-04-2025,24-04-2025,Emergency,105-23,Discharged,FALSE,4
401330,102279,2009,105,24-11-2025,29-11-2025,Emergency,105-41,Discharged,FALSE,5
401331,107458,2069,106,15-07-2025,16-07-2025,Elective,106-06,Discharged,FALSE,1
401332,109173,2013,105,24-03-2025,01-04-2025,Referral,105-07,Discharged,FALSE,8
401333,100437,2006,106,17-09-2025,19-09-2025,Elective,106-37,Discharged,FALSE,2
401334,106921,2009,105,05-02-2025,16-02-2025,Emergency,105-22,Discharged,FALSE,11
401335,108120,2050,101,26-08-2025,30-08-2025,Elective,101-46,Discharged,FALSE,4
401336,110208,2034,102,06-07-2025,08-07-2025,Emergency,102-15,Discharged,FALSE,2
401337,105825,2017,106,22-06-2025,04-07-2025,Emergency,106-04,Discharged,FALSE,12
401338,100579,2068,101,11-11-2025,17-11-2025,Emergency,101-30,Discharged,FALSE,6
401339,110990,2004,101,09-12-2025,12-12-2025,Emergency,101-12,Transferred,FALSE,3
401340,109330,2019,101,26-06-2025,02-07-2025,Referral,101-14,Discharged,FALSE,6
401341,111777,2059,104,05-10-2025,07-10-2025,Emergency,104-47,Discharged,FALSE,2
401342,107688,2049,106,16-03-2026,23-03-2026,Elective,106-01,Discharged,FALSE,7
401343,111372,2061,104,09-08-2025,16-08-2025,Referral,104-46,Discharged,FALSE,7
401344,109482,2076,104,26-04-2026,28-04-2026,Emergency,104-32,Discharged,TRUE,2
401345,104251,2006,106,24-03-2025,27-03-2025,Emergency,106-31,Discharged,FALSE,3
401346,107563,2034,102,15-11-2025,20-11-2025,Elective,102-21,Under Treatment,FALSE,5
401347,109971,2045,107,31-10-2025,05-11-2025,Elective,107-07,Transferred,FALSE,5
401348,110349,2028,107,14-04-2025,18-04-2025,Emergency,107-10,Discharged,FALSE,4
401349,105423,2022,101,04-01-2026,05-01-2026,Elective,101-33,Discharged,TRUE,1
401350,105954,2073,101,27-09-2025,28-09-2025,Emergency,101-42,Discharged,FALSE,1
401351,107684,2022,101,13-01-2026,17-01-2026,Referral,101-38,Discharged,FALSE,4
401352,110090,2057,101,10-02-2026,11-02-2026,Elective,101-22,Discharged,FALSE,1
401353,101434,2071,103,08-02-2026,12-02-2026,Elective,103-14,Discharged,FALSE,4
401354,109035,2008,105,09-10-2025,13-10-2025,Emergency,105-29,Discharged,FALSE,4
401355,106071,2027,101,30-04-2025,03-05-2025,Elective,101-49,Discharged,FALSE,3
401356,105201,2037,105,10-05-2026,12-05-2026,Elective,105-38,Transferred,FALSE,2
401357,103467,2071,103,11-02-2026,17-02-2026,Referral,103-23,Discharged,FALSE,6
401358,110075,2010,104,26-08-2025,30-08-2025,Elective,104-15,Discharged,FALSE,4
401359,100248,2047,102,12-02-2026,14-02-2026,Referral,102-38,Discharged,FALSE,2
401360,105119,2047,102,15-02-2026,20-02-2026,Elective,102-15,Discharged,FALSE,5
401361,104420,2079,104,08-01-2025,11-01-2025,Elective,104-48,Discharged,FALSE,3
401362,105062,2018,104,15-12-2025,16-12-2025,Elective,104-27,Discharged,FALSE,1
401363,104549,2051,108,18-06-2025,20-06-2025,Elective,108-34,Discharged,FALSE,2
401364,106977,2043,108,17-05-2026,18-05-2026,Referral,108-03,Discharged,FALSE,1
401365,107481,2003,103,15-02-2025,16-02-2025,Referral,103-37,Discharged,FALSE,1
401366,106805,2063,108,12-04-2025,21-04-2025,Elective,108-39,Discharged,FALSE,9
401367,101595,2075,104,12-04-2026,17-04-2026,Elective,104-36,Discharged,FALSE,5
401368,102248,2054,102,01-06-2026,05-06-2026,Referral,102-15,Discharged,FALSE,4
401369,109470,2050,101,26-09-2025,28-09-2025,Elective,101-45,Discharged,FALSE,2
401370,106008,2039,108,03-02-2026,12-02-2026,Elective,108-15,Discharged,FALSE,9
401371,107089,2002,107,22-09-2025,29-09-2025,Emergency,107-22,Discharged,FALSE,7
401372,100652,2067,107,06-02-2026,10-02-2026,Elective,107-13,Discharged,FALSE,4
401373,106965,2001,102,21-03-2026,24-03-2026,Emergency,102-04,Discharged,FALSE,3
401374,110197,2053,105,10-08-2025,11-08-2025,Referral,105-46,Transferred,FALSE,1
401375,111692,2022,101,21-10-2025,28-10-2025,Elective,101-32,Discharged,FALSE,7
401376,101673,2075,104,31-05-2025,04-06-2025,Emergency,104-30,Under Treatment,FALSE,4
401377,111884,2019,101,10-07-2025,15-07-2025,Emergency,101-48,Discharged,FALSE,5
401378,107529,2052,104,30-03-2026,08-04-2026,Emergency,104-09,Discharged,FALSE,9
401379,101844,2068,101,20-06-2025,21-06-2025,Elective,101-41,Discharged,FALSE,1
401380,107284,2066,102,17-03-2026,28-03-2026,Elective,102-10,Discharged,FALSE,11
401381,110997,2061,104,12-01-2025,16-01-2025,Elective,104-43,Discharged,FALSE,4
401382,101183,2031,104,22-01-2026,02-02-2026,Referral,104-13,Under Treatment,FALSE,11
401383,102267,2005,106,06-11-2025,14-11-2025,Elective,106-33,Discharged,TRUE,8
401384,111172,2019,101,19-05-2025,20-05-2025,Referral,101-33,Discharged,FALSE,1
401385,110531,2073,101,03-05-2025,06-05-2025,Referral,101-18,Discharged,FALSE,3
401386,101497,2060,103,31-01-2025,06-02-2025,Emergency,103-28,Transferred,FALSE,6
401387,107866,2041,105,03-06-2025,09-06-2025,Referral,105-46,Discharged,TRUE,6
401388,110604,2047,102,09-05-2026,13-05-2026,Elective,102-10,Discharged,FALSE,4
401389,109899,2030,105,23-10-2025,27-10-2025,Elective,105-23,Discharged,FALSE,4
401390,111303,2003,103,02-08-2025,03-08-2025,Emergency,103-32,Discharged,FALSE,1
401391,103735,2074,108,07-03-2025,12-03-2025,Elective,108-50,Discharged,FALSE,5
401392,105605,2039,108,06-05-2026,10-05-2026,Elective,108-27,Discharged,FALSE,4
401393,101337,2022,101,24-03-2026,28-03-2026,Emergency,101-26,Discharged,FALSE,4
401394,109495,2061,104,03-03-2026,08-03-2026,Emergency,104-44,Discharged,TRUE,5
401395,110065,2058,102,10-06-2026,12-06-2026,Elective,102-30,Discharged,FALSE,2
401396,109099,2066,102,09-05-2025,13-05-2025,Referral,102-50,Discharged,FALSE,4
401397,100792,2048,101,17-12-2025,21-12-2025,Elective,101-22,Discharged,FALSE,4
401398,109414,2006,106,22-05-2026,27-05-2026,Elective,106-03,Discharged,FALSE,5
401399,106743,2079,104,20-04-2025,24-04-2025,Emergency,104-26,Transferred,FALSE,4
401400,106669,2012,106,17-01-2025,20-01-2025,Emergency,106-06,Discharged,FALSE,3
401401,111542,2022,101,04-04-2026,11-04-2026,Elective,101-09,Transferred,FALSE,7
401402,102800,2019,101,11-05-2026,12-05-2026,Elective,101-29,Discharged,FALSE,1
401403,109298,2063,108,11-05-2025,12-05-2025,Emergency,108-22,Discharged,FALSE,1
401404,110746,2016,107,29-05-2026,31-05-2026,Emergency,107-25,Under Treatment,FALSE,2
401405,101302,2029,102,02-02-2026,08-02-2026,Elective,102-43,Discharged,FALSE,6
401406,111991,2055,106,25-04-2025,30-04-2025,Elective,106-20,Discharged,FALSE,5
401407,101085,2037,105,09-05-2026,16-05-2026,Referral,105-45,Discharged,FALSE,7
401408,100294,2049,106,13-07-2025,17-07-2025,Elective,106-43,Transferred,FALSE,4
401409,105842,2073,101,22-11-2025,25-11-2025,Referral,101-29,Discharged,FALSE,3
401410,104910,2060,103,25-06-2025,30-06-2025,Elective,103-07,Discharged,FALSE,5
401411,100305,2060,103,27-08-2025,30-08-2025,Elective,103-39,Discharged,FALSE,3
401412,108463,2008,105,21-03-2025,24-03-2025,Emergency,105-19,Discharged,FALSE,3
401413,107538,2058,102,21-02-2026,01-03-2026,Referral,102-43,Discharged,FALSE,8
401414,104678,2046,107,07-07-2025,08-07-2025,Emergency,107-46,Discharged,FALSE,1
401415,102327,2056,102,27-03-2026,30-03-2026,Elective,102-47,Discharged,FALSE,3
401416,111749,2008,105,11-10-2025,15-10-2025,Elective,105-25,Under Treatment,FALSE,4
401417,104570,2065,104,28-05-2025,31-05-2025,Elective,104-42,Under Treatment,TRUE,3
401418,103994,2020,102,22-05-2026,26-05-2026,Emergency,102-41,Discharged,FALSE,4
401419,110343,2025,105,04-01-2026,05-01-2026,Elective,105-22,Discharged,FALSE,1
401420,103406,2074,108,28-02-2026,04-03-2026,Referral,108-37,Transferred,FALSE,4
401421,100830,2076,104,16-10-2025,24-10-2025,Emergency,104-31,Discharged,FALSE,8
401422,110253,2016,107,27-01-2026,30-01-2026,Elective,107-40,Discharged,FALSE,3
401423,109741,2028,107,02-01-2025,03-01-2025,Referral,107-36,Transferred,FALSE,1
401424,106109,2042,102,02-12-2025,06-12-2025,Elective,102-05,Discharged,FALSE,4
401425,105981,2073,101,04-08-2025,08-08-2025,Emergency,101-50,Discharged,FALSE,4
401426,109605,2056,102,29-01-2025,08-02-2025,Referral,102-37,Discharged,FALSE,10
401427,104365,2023,108,16-11-2025,19-11-2025,Elective,108-46,Discharged,TRUE,3
401428,108290,2077,106,01-12-2025,06-12-2025,Emergency,106-30,Under Treatment,FALSE,5
401429,102905,2056,102,22-06-2025,24-06-2025,Elective,102-31,Discharged,FALSE,2
401430,105534,2080,107,08-06-2025,16-06-2025,Emergency,107-16,Discharged,FALSE,8
401431,100597,2002,107,04-02-2026,14-02-2026,Emergency,107-46,Discharged,FALSE,10
401432,107816,2021,108,14-04-2026,25-04-2026,Elective,108-18,Discharged,TRUE,11
401433,100252,2026,102,24-05-2025,27-05-2025,Elective,102-01,Discharged,TRUE,3
401434,111769,2005,106,20-09-2025,21-09-2025,Emergency,106-48,Discharged,FALSE,1
401435,100019,2002,107,04-03-2025,07-03-2025,Emergency,107-19,Discharged,FALSE,3
401436,102289,2073,101,30-04-2025,02-05-2025,Elective,101-50,Discharged,FALSE,2
401437,107534,2044,106,08-04-2025,09-04-2025,Elective,106-09,Discharged,FALSE,1
401438,102684,2048,101,23-05-2026,30-05-2026,Elective,101-34,Discharged,FALSE,7
401439,106013,2065,104,15-03-2025,17-03-2025,Elective,104-49,Discharged,FALSE,2
401440,103241,2007,106,02-02-2025,06-02-2025,Referral,106-34,Discharged,FALSE,4
401441,102225,2070,106,01-02-2026,09-02-2026,Elective,106-47,Discharged,FALSE,8
401442,102724,2080,107,20-02-2026,23-02-2026,Elective,107-06,Discharged,FALSE,3
401443,104743,2013,105,13-03-2026,14-03-2026,Emergency,105-02,Discharged,FALSE,1
401444,102441,2028,107,26-06-2025,01-07-2025,Elective,107-20,Discharged,FALSE,5
401445,105246,2054,102,29-07-2025,05-08-2025,Emergency,102-44,Transferred,FALSE,7
401446,107267,2078,105,07-05-2026,09-05-2026,Emergency,105-32,Discharged,TRUE,2
401447,102608,2018,104,22-02-2026,27-02-2026,Elective,104-11,Under Treatment,FALSE,5
401448,109029,2014,105,28-02-2025,02-03-2025,Emergency,105-45,Discharged,FALSE,2
401449,108076,2054,102,28-08-2025,31-08-2025,Elective,102-40,Discharged,FALSE,3
401450,106912,2074,108,07-12-2025,09-12-2025,Elective,108-32,Discharged,FALSE,2
401451,101069,2076,104,08-02-2026,10-02-2026,Elective,104-07,Discharged,TRUE,2
401452,102368,2015,103,22-04-2026,25-04-2026,Elective,103-36,Discharged,FALSE,3
401453,102712,2080,107,04-01-2025,08-01-2025,Emergency,107-21,Transferred,FALSE,4
401454,111488,2063,108,17-03-2026,23-03-2026,Elective,108-11,Under Treatment,FALSE,6
401455,107226,2069,106,17-06-2025,20-06-2025,Elective,106-45,Discharged,FALSE,3
401456,106308,2063,108,31-01-2026,03-02-2026,Elective,108-42,Discharged,FALSE,3
401457,110066,2060,103,20-04-2025,27-04-2025,Referral,103-32,Discharged,FALSE,7
401458,105764,2009,105,16-02-2026,20-02-2026,Emergency,105-06,Discharged,FALSE,4
401459,102743,2024,108,15-08-2025,20-08-2025,Elective,108-32,Discharged,FALSE,5
401460,107352,2009,105,25-02-2025,01-03-2025,Elective,105-31,Discharged,FALSE,4
401461,104688,2017,106,04-01-2026,05-01-2026,Elective,106-13,Discharged,FALSE,1
401462,108217,2066,102,09-08-2025,11-08-2025,Elective,102-38,Transferred,FALSE,2
401463,104610,2007,106,25-05-2025,26-05-2025,Elective,106-25,Under Treatment,TRUE,1
401464,103800,2061,104,17-05-2025,26-05-2025,Emergency,104-05,Discharged,FALSE,9
401465,104993,2051,108,15-12-2025,19-12-2025,Emergency,108-22,Under Treatment,FALSE,4
401466,105148,2072,107,28-04-2025,03-05-2025,Referral,107-09,Under Treatment,FALSE,5
401467,103662,2003,103,08-06-2025,11-06-2025,Elective,103-47,Discharged,FALSE,3
401468,106100,2062,101,26-07-2025,29-07-2025,Elective,101-09,Discharged,FALSE,3
401469,105569,2057,101,11-03-2026,12-03-2026,Elective,101-25,Discharged,FALSE,1
401470,101399,2063,108,19-05-2025,21-05-2025,Elective,108-17,Discharged,FALSE,2
401471,105682,2040,106,05-03-2025,07-03-2025,Elective,106-04,Discharged,FALSE,2
401472,104237,2041,105,17-02-2025,18-02-2025,Elective,105-17,Discharged,FALSE,1
401473,111036,2062,101,17-02-2025,20-02-2025,Elective,101-40,Discharged,FALSE,3
401474,104439,2032,101,27-08-2025,29-08-2025,Elective,101-28,Discharged,FALSE,2
401475,103254,2034,102,04-07-2025,07-07-2025,Referral,102-13,Discharged,TRUE,3
401476,105787,2037,105,02-09-2025,07-09-2025,Elective,105-04,Discharged,FALSE,5
401477,104696,2011,108,19-07-2025,23-07-2025,Elective,108-24,Discharged,FALSE,4
401478,100959,2033,105,06-08-2025,09-08-2025,Emergency,105-48,Discharged,FALSE,3
401479,109795,2046,107,17-06-2025,22-06-2025,Referral,107-10,Discharged,FALSE,5
401480,101309,2068,101,03-08-2025,06-08-2025,Emergency,101-24,Discharged,FALSE,3
401481,105091,2027,101,24-08-2025,31-08-2025,Emergency,101-02,Discharged,FALSE,7
401482,111170,2018,104,31-03-2025,10-04-2025,Referral,104-48,Discharged,TRUE,10
401483,101571,2080,107,07-10-2025,08-10-2025,Elective,107-20,Discharged,FALSE,1
401484,107552,2079,104,02-05-2026,05-05-2026,Elective,104-07,Discharged,FALSE,3
401485,108426,2037,105,04-06-2026,05-06-2026,Elective,105-16,Discharged,FALSE,1
401486,109671,2054,102,26-03-2026,01-04-2026,Referral,102-01,Transferred,TRUE,6
401487,104853,2034,102,31-07-2025,01-08-2025,Elective,102-50,Transferred,FALSE,1
401488,108814,2046,107,24-04-2026,28-04-2026,Elective,107-08,Discharged,FALSE,4
401489,106547,2062,101,20-02-2026,28-02-2026,Referral,101-25,Discharged,FALSE,8
401490,106836,2054,102,25-10-2025,09-11-2025,Emergency,102-30,Discharged,FALSE,15
401491,101613,2071,103,16-04-2025,17-04-2025,Referral,103-42,Discharged,FALSE,1
401492,111937,2017,106,04-04-2025,05-04-2025,Emergency,106-05,Transferred,FALSE,1
401493,100146,2077,106,21-04-2025,28-04-2025,Emergency,106-29,Discharged,FALSE,7
401494,110956,2068,101,31-01-2025,02-02-2025,Elective,101-29,Discharged,FALSE,2
401495,110173,2056,102,24-11-2025,26-11-2025,Emergency,102-32,Discharged,FALSE,2
401496,102286,2054,102,29-01-2025,31-01-2025,Emergency,102-03,Discharged,FALSE,2
401497,106201,2033,105,12-09-2025,16-09-2025,Elective,105-34,Discharged,FALSE,4
401498,102625,2046,107,05-08-2025,06-08-2025,Emergency,107-49,Discharged,TRUE,1
401499,110239,2040,106,09-12-2025,11-12-2025,Referral,106-27,Discharged,FALSE,2
401500,111457,2061,104,17-06-2025,18-06-2025,Elective,104-31,Discharged,FALSE,1
401501,111927,2056,102,12-08-2025,16-08-2025,Emergency,102-16,Discharged,TRUE,4
401502,110761,2020,102,11-02-2025,15-02-2025,Emergency,102-49,Discharged,FALSE,4
401503,109979,2076,104,05-01-2025,10-01-2025,Elective,104-30,Discharged,FALSE,5
401504,101308,2064,108,23-12-2025,30-12-2025,Referral,108-40,Discharged,TRUE,7
401505,102684,2032,101,25-02-2026,28-02-2026,Elective,101-31,Discharged,FALSE,3
401506,104085,2054,102,04-03-2026,06-03-2026,Emergency,102-36,Discharged,FALSE,2
401507,105258,2028,107,12-01-2026,18-01-2026,Referral,107-35,Discharged,FALSE,6
401508,109036,2029,102,03-03-2025,06-03-2025,Emergency,102-37,Discharged,FALSE,3
401509,102831,2012,106,13-12-2025,16-12-2025,Elective,106-45,Discharged,FALSE,3
401510,106868,2064,108,30-08-2025,02-09-2025,Elective,108-39,Discharged,FALSE,3
401511,106245,2064,108,05-05-2025,09-05-2025,Elective,108-47,Discharged,FALSE,4
401512,108829,2018,104,13-06-2026,23-06-2026,Emergency,104-04,Discharged,FALSE,10
401513,103228,2010,104,19-12-2025,25-12-2025,Emergency,104-07,Discharged,FALSE,6
401514,104779,2017,106,14-08-2025,17-08-2025,Elective,106-03,Discharged,FALSE,3
401515,106240,2033,105,27-03-2025,30-03-2025,Emergency,105-49,Discharged,FALSE,3
401516,105297,2002,107,17-04-2026,21-04-2026,Elective,107-10,Discharged,FALSE,4
401517,111972,2011,108,15-08-2025,17-08-2025,Elective,108-17,Discharged,FALSE,2
401518,110650,2003,103,30-05-2026,03-06-2026,Referral,103-41,Discharged,FALSE,4
401519,111129,2010,104,11-01-2025,13-01-2025,Emergency,104-15,Discharged,FALSE,2
401520,108021,2061,104,11-05-2026,12-05-2026,Elective,104-29,Discharged,FALSE,1
401521,108873,2075,104,22-01-2026,24-01-2026,Elective,104-37,Discharged,FALSE,2
401522,105169,2029,102,17-02-2025,23-02-2025,Elective,102-33,Discharged,FALSE,6
401523,104761,2006,106,04-10-2025,09-10-2025,Emergency,106-18,Discharged,FALSE,5
401524,111708,2024,108,25-06-2025,27-06-2025,Elective,108-19,Discharged,FALSE,2
401525,105682,2009,105,27-02-2026,28-02-2026,Referral,105-14,Discharged,FALSE,1
401526,111793,2026,102,12-07-2025,15-07-2025,Elective,102-44,Discharged,TRUE,3
401527,108944,2007,106,31-10-2025,02-11-2025,Emergency,106-01,Transferred,FALSE,2
401528,108882,2032,101,03-10-2025,04-10-2025,Emergency,101-34,Discharged,FALSE,1
401529,109091,2073,101,04-02-2025,16-02-2025,Emergency,101-47,Discharged,FALSE,12
401530,100393,2052,104,03-02-2025,05-02-2025,Emergency,104-28,Discharged,FALSE,2
401531,100402,2039,108,16-03-2025,20-03-2025,Emergency,108-34,Discharged,FALSE,4
401532,108135,2019,101,27-02-2025,06-03-2025,Emergency,101-50,Discharged,FALSE,7
401533,106190,2068,101,05-04-2025,07-04-2025,Elective,101-04,Discharged,FALSE,2
401534,108152,2033,105,12-03-2026,15-03-2026,Elective,105-10,Discharged,FALSE,3
401535,109885,2067,107,03-07-2025,05-07-2025,Elective,107-47,Transferred,FALSE,2
401536,107801,2030,105,01-09-2025,09-09-2025,Emergency,105-47,Discharged,TRUE,8
401537,103953,2012,106,21-01-2025,25-01-2025,Elective,106-23,Discharged,FALSE,4
401538,111014,2065,104,03-06-2026,05-06-2026,Referral,104-41,Discharged,FALSE,2
401539,103429,2004,101,07-05-2025,09-05-2025,Elective,101-35,Discharged,FALSE,2
401540,106924,2030,105,22-11-2025,24-11-2025,Elective,105-26,Transferred,TRUE,2
401541,104990,2059,104,20-07-2025,21-07-2025,Emergency,104-35,Transferred,TRUE,1
401542,102483,2028,107,06-01-2025,07-01-2025,Referral,107-13,Discharged,FALSE,1
401543,103916,2011,108,02-04-2025,07-04-2025,Emergency,108-42,Discharged,FALSE,5
401544,100146,2056,102,13-12-2025,16-12-2025,Elective,102-14,Discharged,FALSE,3
401545,100804,2027,101,09-06-2026,11-06-2026,Elective,101-36,Discharged,FALSE,2
401546,103958,2041,105,29-08-2025,05-09-2025,Elective,105-48,Discharged,FALSE,7
401547,107496,2039,108,09-11-2025,12-11-2025,Elective,108-21,Discharged,FALSE,3
401548,102320,2034,102,25-01-2026,03-02-2026,Emergency,102-16,Discharged,FALSE,9
401549,110045,2055,106,14-12-2025,19-12-2025,Elective,106-12,Discharged,FALSE,5
401550,102576,2020,102,31-03-2025,01-04-2025,Elective,102-27,Discharged,FALSE,1
401551,106253,2004,101,16-03-2025,19-03-2025,Emergency,101-06,Discharged,FALSE,3
401552,108076,2015,103,24-08-2025,25-08-2025,Elective,103-17,Discharged,FALSE,1
401553,101503,2036,102,17-06-2026,18-06-2026,Emergency,102-08,Discharged,FALSE,1
401554,100030,2022,101,05-11-2025,06-11-2025,Elective,101-30,Discharged,FALSE,1
401555,109746,2069,106,02-12-2025,08-12-2025,Emergency,106-01,Transferred,FALSE,6
401556,111227,2014,105,29-04-2025,03-05-2025,Emergency,105-35,Transferred,FALSE,4
401557,102734,2009,105,26-02-2026,05-03-2026,Elective,105-43,Transferred,FALSE,7
401558,108408,2072,107,03-11-2025,06-11-2025,Elective,107-02,Discharged,FALSE,3
401559,105880,2046,107,11-04-2026,12-04-2026,Referral,107-20,Discharged,FALSE,1
401560,105808,2065,104,19-03-2026,24-03-2026,Emergency,104-45,Discharged,FALSE,5
401561,104486,2080,107,22-04-2026,25-04-2026,Emergency,107-09,Discharged,FALSE,3
401562,100384,2014,105,26-11-2025,06-12-2025,Elective,105-23,Discharged,FALSE,10
401563,104152,2017,106,26-08-2025,28-08-2025,Referral,106-24,Discharged,FALSE,2
401564,102666,2074,108,14-12-2025,16-12-2025,Referral,108-02,Discharged,FALSE,2
401565,106786,2080,107,18-09-2025,23-09-2025,Emergency,107-25,Discharged,FALSE,5
401566,100404,2001,102,27-03-2026,11-04-2026,Elective,102-18,Discharged,FALSE,15
401567,107538,2025,105,31-08-2025,03-09-2025,Elective,105-24,Discharged,FALSE,3
401568,104577,2014,105,19-01-2025,21-01-2025,Elective,105-06,Transferred,FALSE,2
401569,104151,2058,102,21-05-2025,22-05-2025,Elective,102-20,Discharged,FALSE,1
401570,102212,2076,104,20-03-2026,23-03-2026,Referral,104-15,Discharged,FALSE,3
401571,111500,2052,104,03-02-2026,08-02-2026,Referral,104-35,Discharged,FALSE,5
401572,105477,2067,107,18-12-2025,22-12-2025,Elective,107-41,Discharged,FALSE,4
401573,102022,2067,107,20-04-2025,23-04-2025,Elective,107-43,Discharged,FALSE,3
401574,111832,2006,106,19-06-2025,24-06-2025,Elective,106-11,Discharged,FALSE,5
401575,101483,2013,105,08-08-2025,12-08-2025,Emergency,105-07,Discharged,FALSE,4
401576,105121,2023,108,18-01-2025,21-01-2025,Elective,108-26,Discharged,FALSE,3
401577,107077,2078,105,15-01-2026,24-01-2026,Emergency,105-30,Discharged,FALSE,9
401578,105759,2045,107,21-12-2025,22-12-2025,Referral,107-39,Discharged,FALSE,1
401579,106404,2067,107,02-08-2025,09-08-2025,Referral,107-22,Discharged,FALSE,7
401580,100878,2042,102,04-02-2026,11-02-2026,Referral,102-17,Discharged,FALSE,7
401581,106245,2037,105,12-11-2025,18-11-2025,Elective,105-06,Under Treatment,FALSE,6
401582,111858,2009,105,08-10-2025,09-10-2025,Emergency,105-41,Transferred,FALSE,1
401583,106623,2036,102,08-01-2026,12-01-2026,Emergency,102-40,Transferred,FALSE,4
401584,105460,2042,102,28-01-2025,02-02-2025,Emergency,102-40,Discharged,FALSE,5
401585,104564,2005,106,04-05-2026,06-05-2026,Elective,106-12,Discharged,FALSE,2
401586,108089,2036,102,24-02-2025,26-02-2025,Referral,102-49,Discharged,FALSE,2
401587,106088,2050,101,05-04-2025,08-04-2025,Emergency,101-17,Discharged,FALSE,3
401588,102159,2056,102,05-02-2025,12-02-2025,Elective,102-44,Discharged,FALSE,7
401589,105285,2010,104,19-08-2025,23-08-2025,Emergency,104-25,Transferred,FALSE,4
401590,101344,2024,108,09-06-2026,16-06-2026,Elective,108-46,Discharged,FALSE,7
401591,103162,2032,101,05-01-2025,07-01-2025,Elective,101-48,Discharged,FALSE,2
401592,100079,2064,108,05-07-2025,08-07-2025,Elective,108-28,Discharged,FALSE,3
401593,105514,2030,105,18-06-2025,22-06-2025,Elective,105-30,Discharged,FALSE,4
401594,111503,2066,102,22-10-2025,27-10-2025,Emergency,102-28,Discharged,FALSE,5
401595,107471,2032,101,18-04-2025,24-04-2025,Emergency,101-43,Discharged,FALSE,6
401596,101928,2010,104,02-02-2025,04-02-2025,Referral,104-01,Discharged,FALSE,2
401597,110753,2029,102,28-03-2026,31-03-2026,Emergency,102-37,Discharged,FALSE,3
401598,100048,2064,108,26-06-2025,30-06-2025,Elective,108-02,Discharged,FALSE,4
401599,100027,2018,104,21-05-2025,26-05-2025,Emergency,104-34,Discharged,FALSE,5
401600,100515,2005,106,04-02-2026,08-02-2026,Emergency,106-32,Discharged,FALSE,4
401601,104011,2052,104,13-05-2025,16-05-2025,Elective,104-23,Discharged,FALSE,3
401602,108123,2046,107,03-09-2025,04-09-2025,Elective,107-50,Discharged,FALSE,1
401603,109728,2015,103,25-12-2025,05-01-2026,Elective,103-37,Discharged,TRUE,11
401604,111749,2040,106,22-03-2026,23-03-2026,Emergency,106-16,Discharged,FALSE,1
401605,105563,2031,104,01-04-2025,07-04-2025,Emergency,104-16,Discharged,FALSE,6
401606,104483,2058,102,27-07-2025,01-08-2025,Referral,102-08,Discharged,FALSE,5
401607,110110,2059,104,08-04-2026,18-04-2026,Elective,104-28,Discharged,FALSE,10
401608,106130,2061,104,01-07-2025,07-07-2025,Emergency,104-06,Discharged,FALSE,6
401609,109969,2066,102,02-06-2025,05-06-2025,Emergency,102-19,Discharged,FALSE,3
401610,101491,2060,103,10-03-2026,13-03-2026,Emergency,103-15,Transferred,FALSE,3
401611,105818,2054,102,24-06-2025,28-06-2025,Elective,102-10,Discharged,FALSE,4
401612,100737,2051,108,24-12-2025,28-12-2025,Elective,108-43,Transferred,FALSE,4
401613,108447,2020,102,09-05-2025,11-05-2025,Elective,102-17,Discharged,FALSE,2
401614,101430,2026,102,31-05-2026,03-06-2026,Elective,102-39,Discharged,FALSE,3
401615,103836,2008,105,25-10-2025,30-10-2025,Elective,105-09,Discharged,FALSE,5
401616,105889,2067,107,08-11-2025,11-11-2025,Referral,107-07,Discharged,FALSE,3
401617,103867,2032,101,22-01-2025,03-02-2025,Elective,101-13,Discharged,FALSE,12
401618,104479,2037,105,16-02-2025,17-02-2025,Elective,105-13,Discharged,FALSE,1
401619,106315,2038,108,30-06-2025,03-07-2025,Elective,108-38,Discharged,FALSE,3
401620,101481,2009,105,06-04-2025,09-04-2025,Elective,105-47,Discharged,FALSE,3
401621,108758,2039,108,27-11-2025,03-12-2025,Elective,108-41,Transferred,FALSE,6
401622,105403,2009,105,05-01-2026,06-01-2026,Elective,105-09,Discharged,TRUE,1
401623,104090,2010,104,23-05-2026,30-05-2026,Elective,104-09,Discharged,FALSE,7
401624,103792,2022,101,29-09-2025,06-10-2025,Emergency,101-02,Discharged,FALSE,7
401625,110830,2005,106,16-06-2025,26-06-2025,Emergency,106-32,Discharged,FALSE,10
401626,106920,2002,107,15-10-2025,17-10-2025,Elective,107-10,Discharged,FALSE,2
401627,108795,2048,101,25-08-2025,27-08-2025,Emergency,101-50,Discharged,FALSE,2
401628,104885,2026,102,26-07-2025,31-07-2025,Emergency,102-48,Discharged,FALSE,5
401629,111635,2060,103,23-03-2025,27-03-2025,Emergency,103-07,Discharged,FALSE,4
401630,111728,2058,102,09-03-2025,13-03-2025,Referral,102-37,Discharged,FALSE,4
401631,102898,2006,106,04-06-2026,10-06-2026,Elective,106-27,Discharged,FALSE,6
401632,101867,2074,108,07-12-2025,12-12-2025,Referral,108-44,Discharged,FALSE,5
401633,111678,2055,106,22-12-2025,30-12-2025,Emergency,106-19,Discharged,FALSE,8
401634,100616,2067,107,04-02-2026,06-02-2026,Elective,107-01,Under Treatment,FALSE,2
401635,100701,2017,106,27-08-2025,31-08-2025,Elective,106-44,Discharged,FALSE,4
401636,111470,2077,106,17-09-2025,18-09-2025,Elective,106-16,Discharged,FALSE,1
401637,109811,2058,102,10-09-2025,20-09-2025,Emergency,102-18,Discharged,FALSE,10
401638,103468,2068,101,31-05-2026,07-06-2026,Emergency,101-10,Discharged,FALSE,7
401639,103404,2008,105,14-02-2026,16-02-2026,Elective,105-05,Transferred,FALSE,2
401640,106646,2030,105,23-02-2025,26-02-2025,Elective,105-19,Discharged,FALSE,3
401641,103482,2040,106,25-05-2025,28-05-2025,Elective,106-20,Discharged,FALSE,3
401642,107537,2002,107,21-06-2025,24-06-2025,Referral,107-11,Discharged,FALSE,3
401643,102457,2026,102,24-12-2025,25-12-2025,Emergency,102-39,Discharged,FALSE,1
401644,109276,2050,101,20-02-2026,23-02-2026,Emergency,101-06,Discharged,FALSE,3
401645,105918,2078,105,20-03-2026,21-03-2026,Elective,105-37,Discharged,FALSE,1
401646,105524,2016,107,08-05-2026,14-05-2026,Elective,107-12,Transferred,FALSE,6
401647,106335,2065,104,24-01-2025,26-01-2025,Referral,104-41,Discharged,FALSE,2
401648,104013,2065,104,16-06-2026,24-06-2026,Elective,104-33,Transferred,FALSE,8
401649,100711,2068,101,05-02-2025,07-02-2025,Elective,101-17,Discharged,FALSE,2
401650,105784,2018,104,18-05-2025,21-05-2025,Elective,104-34,Discharged,TRUE,3
401651,110937,2069,106,10-06-2026,14-06-2026,Referral,106-04,Discharged,TRUE,4
401652,109139,2043,108,12-04-2026,14-04-2026,Referral,108-39,Discharged,FALSE,2
401653,107616,2032,101,25-03-2025,26-03-2025,Referral,101-37,Discharged,FALSE,1
401654,103149,2033,105,16-04-2026,17-04-2026,Emergency,105-21,Discharged,FALSE,1
401655,109833,2067,107,26-06-2025,28-06-2025,Elective,107-32,Discharged,FALSE,2
401656,109105,2032,101,06-07-2025,07-07-2025,Emergency,101-08,Discharged,FALSE,1
401657,109698,2047,102,27-03-2026,01-04-2026,Referral,102-43,Discharged,FALSE,5
401658,111130,2080,107,06-06-2026,07-06-2026,Referral,107-23,Discharged,FALSE,1
401659,104303,2011,108,17-01-2026,21-01-2026,Referral,108-30,Discharged,FALSE,4
401660,108393,2024,108,11-06-2026,12-06-2026,Elective,108-15,Discharged,FALSE,1
401661,100341,2034,102,19-08-2025,26-08-2025,Referral,102-08,Under Treatment,FALSE,7
401662,106890,2075,104,14-05-2026,19-05-2026,Emergency,104-12,Discharged,FALSE,5
401663,102997,2024,108,25-09-2025,27-09-2025,Emergency,108-30,Discharged,FALSE,2
401664,104976,2028,107,27-07-2025,28-07-2025,Elective,107-30,Discharged,FALSE,1
401665,106265,2019,101,27-05-2026,28-05-2026,Emergency,101-24,Transferred,FALSE,1
401666,108687,2023,108,22-07-2025,25-07-2025,Elective,108-14,Under Treatment,FALSE,3
401667,110826,2005,106,23-03-2026,27-03-2026,Elective,106-40,Discharged,FALSE,4
401668,103360,2039,108,08-02-2026,13-02-2026,Elective,108-47,Discharged,FALSE,5
401669,100827,2001,102,23-02-2026,27-02-2026,Elective,102-09,Discharged,TRUE,4
401670,105942,2046,107,28-01-2026,02-02-2026,Elective,107-06,Discharged,FALSE,5
401671,111921,2005,106,12-06-2025,16-06-2025,Elective,106-32,Discharged,FALSE,4
401672,103690,2036,102,18-12-2025,24-12-2025,Referral,102-14,Discharged,FALSE,6
401673,107868,2073,101,13-07-2025,16-07-2025,Elective,101-28,Discharged,FALSE,3
401674,102344,2069,106,15-07-2025,22-07-2025,Elective,106-17,Discharged,FALSE,7
401675,103078,2049,106,29-04-2025,03-05-2025,Elective,106-10,Discharged,FALSE,4
401676,107883,2068,101,27-01-2026,05-02-2026,Emergency,101-32,Discharged,FALSE,9
401677,110612,2008,105,13-09-2025,15-09-2025,Emergency,105-34,Discharged,FALSE,2
401678,101008,2055,106,27-03-2025,28-03-2025,Referral,106-30,Discharged,FALSE,1
401679,103613,2036,102,15-10-2025,16-10-2025,Elective,102-17,Discharged,FALSE,1
401680,111129,2004,101,08-11-2025,12-11-2025,Emergency,101-38,Discharged,FALSE,4
401681,107993,2037,105,28-01-2026,03-02-2026,Emergency,105-36,Discharged,TRUE,6
401682,103964,2064,108,15-03-2026,24-03-2026,Emergency,108-14,Discharged,FALSE,9
401683,100627,2048,101,01-09-2025,10-09-2025,Elective,101-28,Discharged,FALSE,9
401684,108881,2049,106,27-03-2025,01-04-2025,Elective,106-19,Discharged,FALSE,5
401685,102132,2052,104,12-06-2025,17-06-2025,Elective,104-18,Discharged,FALSE,5
401686,102509,2027,101,15-05-2025,23-05-2025,Elective,101-42,Discharged,FALSE,8
401687,101544,2037,105,05-06-2025,11-06-2025,Elective,105-45,Discharged,FALSE,6
401688,109935,2071,103,21-10-2025,25-10-2025,Referral,103-48,Discharged,FALSE,4
401689,105333,2045,107,15-01-2025,18-01-2025,Elective,107-29,Discharged,FALSE,3
401690,103895,2013,105,13-03-2025,16-03-2025,Referral,105-33,Discharged,FALSE,3
401691,103016,2072,107,08-03-2025,11-03-2025,Emergency,107-40,Discharged,FALSE,3
401692,105470,2050,101,11-06-2025,15-06-2025,Referral,101-28,Discharged,TRUE,4
401693,109238,2045,107,06-01-2026,08-01-2026,Referral,107-35,Discharged,FALSE,2
401694,110494,2002,107,21-03-2026,22-03-2026,Elective,107-27,Discharged,FALSE,1
401695,104932,2038,108,28-08-2025,29-08-2025,Elective,108-23,Discharged,FALSE,1
401696,109071,2079,104,10-04-2025,12-04-2025,Referral,104-21,Discharged,FALSE,2
401697,110659,2030,105,04-11-2025,13-11-2025,Elective,105-13,Discharged,FALSE,9
401698,106662,2037,105,17-02-2025,23-02-2025,Elective,105-11,Discharged,FALSE,6
401699,108246,2020,102,03-03-2025,06-03-2025,Emergency,102-34,Discharged,FALSE,3
401700,109699,2031,104,19-11-2025,25-11-2025,Emergency,104-02,Discharged,FALSE,6
401701,104319,2001,102,29-10-2025,07-11-2025,Elective,102-38,Discharged,FALSE,9
401702,102503,2062,101,09-01-2026,11-01-2026,Elective,101-43,Discharged,FALSE,2
401703,108453,2047,102,08-05-2025,12-05-2025,Elective,102-37,Discharged,FALSE,4
401704,107979,2054,102,15-06-2025,20-06-2025,Emergency,102-33,Discharged,FALSE,5
401705,104213,2014,105,02-05-2026,03-05-2026,Referral,105-36,Transferred,FALSE,1
401706,110910,2045,107,31-01-2025,04-02-2025,Elective,107-11,Discharged,FALSE,4
401707,110902,2046,107,11-03-2025,21-03-2025,Elective,107-29,Discharged,FALSE,10
401708,104099,2067,107,31-12-2025,03-01-2026,Emergency,107-33,Discharged,FALSE,3
401709,109095,2050,101,20-12-2025,22-12-2025,Elective,101-15,Discharged,FALSE,2
401710,106076,2049,106,01-04-2026,15-04-2026,Elective,106-06,Discharged,FALSE,14
401711,103883,2071,103,29-04-2026,04-05-2026,Elective,103-09,Discharged,FALSE,5
401712,106904,2043,108,19-06-2026,20-06-2026,Elective,108-03,Discharged,FALSE,1
401713,102151,2030,105,29-04-2026,01-05-2026,Elective,105-42,Discharged,FALSE,2
401714,105490,2078,105,10-03-2025,13-03-2025,Elective,105-44,Discharged,FALSE,3
401715,104757,2011,108,03-03-2025,04-03-2025,Elective,108-01,Discharged,FALSE,1
401716,108960,2030,105,23-01-2026,25-01-2026,Referral,105-07,Discharged,FALSE,2
401717,106647,2046,107,15-02-2025,16-02-2025,Referral,107-33,Discharged,FALSE,1
401718,103890,2019,101,15-02-2026,21-02-2026,Emergency,101-38,Discharged,FALSE,6
401719,100100,2070,106,02-10-2025,04-10-2025,Elective,106-36,Transferred,FALSE,2
401720,100133,2010,104,28-02-2025,03-03-2025,Referral,104-14,Discharged,FALSE,3
401721,103680,2013,105,18-04-2025,21-04-2025,Emergency,105-41,Under Treatment,FALSE,3
401722,108635,2042,102,19-06-2025,22-06-2025,Emergency,102-06,Discharged,FALSE,3
401723,101801,2001,102,01-06-2025,04-06-2025,Elective,102-44,Discharged,FALSE,3
401724,109046,2058,102,12-11-2025,15-11-2025,Emergency,102-50,Discharged,FALSE,3
401725,102323,2055,106,30-04-2026,02-05-2026,Referral,106-22,Transferred,FALSE,2
401726,109558,2028,107,12-08-2025,13-08-2025,Emergency,107-41,Discharged,FALSE,1
401727,104966,2038,108,30-04-2025,01-05-2025,Referral,108-20,Transferred,FALSE,1
401728,101395,2080,107,18-12-2025,26-12-2025,Elective,107-18,Discharged,FALSE,8
401729,106234,2006,106,13-03-2025,14-03-2025,Elective,106-12,Discharged,FALSE,1
401730,111009,2046,107,15-01-2026,21-01-2026,Emergency,107-09,Under Treatment,FALSE,6
401731,101632,2012,106,26-10-2025,27-10-2025,Emergency,106-04,Discharged,FALSE,1
401732,106178,2026,102,17-05-2025,20-05-2025,Elective,102-27,Transferred,FALSE,3
401733,111077,2076,104,18-10-2025,20-10-2025,Elective,104-49,Discharged,FALSE,2
401734,100936,2022,101,13-05-2025,15-05-2025,Emergency,101-16,Discharged,FALSE,2
401735,103200,2016,107,28-12-2025,06-01-2026,Emergency,107-02,Discharged,FALSE,9
401736,100894,2034,102,15-05-2025,16-05-2025,Referral,102-09,Under Treatment,FALSE,1
401737,105641,2055,106,31-01-2026,04-02-2026,Emergency,106-31,Discharged,FALSE,4
401738,102113,2007,106,22-02-2026,25-02-2026,Elective,106-29,Discharged,FALSE,3
401739,104915,2025,105,11-02-2026,22-02-2026,Elective,105-44,Discharged,FALSE,11
401740,100454,2071,103,29-10-2025,04-11-2025,Emergency,103-34,Discharged,FALSE,6
401741,103321,2006,106,31-10-2025,03-11-2025,Elective,106-26,Discharged,FALSE,3
401742,106357,2080,107,02-11-2025,06-11-2025,Elective,107-28,Discharged,TRUE,4
401743,111928,2044,106,24-08-2025,25-08-2025,Elective,106-07,Transferred,FALSE,1
401744,100698,2006,106,24-03-2025,26-03-2025,Elective,106-39,Discharged,FALSE,2
401745,102817,2009,105,11-02-2025,14-02-2025,Referral,105-23,Discharged,FALSE,3
401746,106220,2067,107,22-07-2025,25-07-2025,Emergency,107-46,Discharged,FALSE,3
401747,102144,2025,105,22-03-2026,25-03-2026,Elective,105-13,Discharged,TRUE,3
401748,104064,2050,101,05-03-2026,06-03-2026,Referral,101-40,Discharged,FALSE,1
401749,104127,2019,101,05-06-2025,07-06-2025,Emergency,101-37,Discharged,FALSE,2
401750,105685,2054,102,13-04-2026,17-04-2026,Elective,102-08,Discharged,FALSE,4
401751,101743,2073,101,30-09-2025,01-10-2025,Elective,101-40,Discharged,FALSE,1
401752,101772,2035,103,09-01-2025,11-01-2025,Elective,103-33,Discharged,FALSE,2
401753,105929,2057,101,26-01-2025,30-01-2025,Emergency,101-46,Discharged,FALSE,4
401754,107842,2041,105,08-05-2025,15-05-2025,Elective,105-40,Discharged,TRUE,7
401755,101067,2013,105,03-04-2025,07-04-2025,Emergency,105-19,Discharged,FALSE,4
401756,108368,2042,102,07-11-2025,10-11-2025,Elective,102-16,Discharged,TRUE,3
401757,107343,2035,103,29-09-2025,01-10-2025,Elective,103-04,Discharged,FALSE,2
401758,111096,2014,105,22-01-2026,29-01-2026,Referral,105-11,Discharged,FALSE,7
401759,105550,2067,107,12-06-2026,14-06-2026,Elective,107-15,Discharged,FALSE,2
401760,104630,2049,106,21-12-2025,22-12-2025,Referral,106-35,Discharged,FALSE,1
401761,104121,2071,103,05-10-2025,08-10-2025,Elective,103-24,Under Treatment,FALSE,3
401762,104533,2069,106,07-08-2025,09-08-2025,Elective,106-06,Transferred,FALSE,2
401763,111704,2076,104,11-02-2026,15-02-2026,Referral,104-11,Discharged,TRUE,4
401764,100084,2010,104,21-09-2025,27-09-2025,Elective,104-02,Discharged,TRUE,6
401765,108616,2056,102,01-11-2025,07-11-2025,Elective,102-38,Discharged,FALSE,6
401766,103913,2075,104,30-07-2025,03-08-2025,Referral,104-30,Transferred,FALSE,4
401767,104790,2071,103,30-03-2026,06-04-2026,Elective,103-03,Discharged,FALSE,7
401768,108440,2074,108,01-08-2025,02-08-2025,Emergency,108-50,Discharged,FALSE,1
401769,101397,2071,103,04-02-2025,05-02-2025,Elective,103-25,Discharged,FALSE,1
401770,104397,2043,108,06-09-2025,09-09-2025,Elective,108-30,Discharged,FALSE,3
401771,110802,2057,101,05-04-2025,07-04-2025,Elective,101-05,Discharged,FALSE,2
401772,103550,2014,105,19-04-2025,20-04-2025,Elective,105-01,Discharged,FALSE,1
401773,107930,2001,102,24-12-2025,26-12-2025,Referral,102-38,Discharged,FALSE,2
401774,104343,2069,106,12-09-2025,19-09-2025,Elective,106-05,Discharged,FALSE,7
401775,100568,2008,105,15-05-2025,16-05-2025,Referral,105-49,Discharged,TRUE,1
401776,105368,2005,106,27-08-2025,30-08-2025,Emergency,106-46,Discharged,FALSE,3
401777,105947,2011,108,05-02-2025,07-02-2025,Elective,108-47,Discharged,FALSE,2
401778,108107,2047,102,09-07-2025,19-07-2025,Emergency,102-40,Transferred,FALSE,10
401779,102335,2005,106,07-03-2025,15-03-2025,Emergency,106-11,Discharged,FALSE,8
401780,110634,2059,104,02-07-2025,04-07-2025,Emergency,104-29,Discharged,FALSE,2
401781,103088,2049,106,14-02-2025,19-02-2025,Emergency,106-03,Discharged,FALSE,5
401782,110214,2066,102,07-01-2026,08-01-2026,Elective,102-04,Discharged,FALSE,1
401783,104640,2048,101,07-05-2026,15-05-2026,Elective,101-43,Discharged,FALSE,8
401784,105159,2045,107,24-05-2026,27-05-2026,Elective,107-05,Discharged,TRUE,3
401785,107442,2027,101,21-01-2025,24-01-2025,Emergency,101-33,Discharged,FALSE,3
401786,100291,2059,104,20-07-2025,27-07-2025,Elective,104-17,Discharged,FALSE,7
401787,106648,2004,101,08-12-2025,14-12-2025,Elective,101-21,Discharged,FALSE,6
401788,103081,2044,106,18-11-2025,19-11-2025,Referral,106-45,Discharged,FALSE,1
401789,103791,2057,101,17-09-2025,20-09-2025,Emergency,101-03,Discharged,FALSE,3
401790,111598,2027,101,08-09-2025,10-09-2025,Elective,101-32,Discharged,FALSE,2
401791,103961,2066,102,10-02-2026,14-02-2026,Elective,102-43,Discharged,FALSE,4
401792,110802,2017,106,08-03-2025,11-03-2025,Referral,106-19,Discharged,FALSE,3
401793,108371,2080,107,17-04-2025,18-04-2025,Elective,107-25,Discharged,FALSE,1
401794,102856,2076,104,10-03-2025,15-03-2025,Emergency,104-02,Discharged,FALSE,5
401795,100399,2078,105,13-12-2025,18-12-2025,Elective,105-02,Discharged,TRUE,5
401796,106238,2068,101,10-01-2025,11-01-2025,Elective,101-36,Discharged,FALSE,1
401797,105117,2036,102,02-08-2025,09-08-2025,Elective,102-01,Discharged,FALSE,7
401798,106898,2069,106,02-04-2025,09-04-2025,Elective,106-29,Discharged,FALSE,7
401799,104198,2054,102,09-12-2025,15-12-2025,Emergency,102-40,Discharged,FALSE,6
401800,103055,2071,103,28-04-2026,03-05-2026,Elective,103-37,Discharged,FALSE,5
401801,108774,2050,101,03-08-2025,07-08-2025,Elective,101-16,Discharged,FALSE,4
401802,101685,2034,102,07-02-2025,12-02-2025,Emergency,102-47,Discharged,FALSE,5
401803,109711,2015,103,05-07-2025,11-07-2025,Elective,103-03,Transferred,FALSE,6
401804,109878,2022,101,02-11-2025,04-11-2025,Emergency,101-04,Discharged,FALSE,2
401805,111274,2070,106,07-02-2026,09-02-2026,Elective,106-09,Discharged,FALSE,2
401806,105627,2064,108,18-09-2025,22-09-2025,Elective,108-03,Discharged,FALSE,4
401807,103968,2069,106,26-08-2025,30-08-2025,Elective,106-49,Discharged,FALSE,4
401808,102330,2057,101,16-06-2026,17-06-2026,Emergency,101-12,Discharged,FALSE,1
401809,109651,2043,108,07-09-2025,10-09-2025,Elective,108-48,Discharged,FALSE,3
401810,104699,2050,101,09-10-2025,10-10-2025,Elective,101-10,Discharged,FALSE,1
401811,110191,2054,102,14-05-2025,16-05-2025,Emergency,102-44,Discharged,FALSE,2
401812,107202,2055,106,09-05-2026,13-05-2026,Elective,106-14,Transferred,FALSE,4
401813,100361,2005,106,29-05-2025,30-05-2025,Elective,106-02,Discharged,FALSE,1
401814,109611,2054,102,26-07-2025,01-08-2025,Elective,102-04,Discharged,FALSE,6
401815,110977,2066,102,23-03-2026,28-03-2026,Elective,102-49,Discharged,FALSE,5
401816,111951,2071,103,25-12-2025,29-12-2025,Emergency,103-23,Discharged,FALSE,4
401817,102074,2074,108,29-04-2026,30-04-2026,Elective,108-24,Discharged,FALSE,1
401818,111277,2018,104,13-07-2025,19-07-2025,Referral,104-30,Discharged,FALSE,6
401819,109757,2073,101,06-06-2025,09-06-2025,Elective,101-28,Discharged,FALSE,3
401820,106766,2080,107,21-05-2026,26-05-2026,Elective,107-45,Discharged,FALSE,5
401821,111942,2053,105,16-10-2025,20-10-2025,Emergency,105-12,Under Treatment,FALSE,4
401822,104819,2063,108,07-07-2025,14-07-2025,Emergency,108-12,Discharged,FALSE,7
401823,101634,2002,107,18-05-2025,19-05-2025,Elective,107-18,Discharged,FALSE,1
401824,101071,2006,106,16-03-2026,22-03-2026,Elective,106-46,Discharged,FALSE,6
401825,100196,2002,107,07-01-2026,21-01-2026,Emergency,107-11,Discharged,FALSE,14
401826,101673,2053,105,24-05-2026,26-05-2026,Elective,105-45,Under Treatment,FALSE,2
401827,107187,2005,106,29-05-2025,02-06-2025,Elective,106-34,Under Treatment,FALSE,4
401828,101699,2028,107,27-07-2025,28-07-2025,Elective,107-36,Discharged,FALSE,1
401829,107699,2055,106,08-03-2026,15-03-2026,Elective,106-16,Discharged,FALSE,7
401830,109280,2042,102,21-02-2026,26-02-2026,Referral,102-31,Discharged,FALSE,5
401831,101615,2056,102,19-01-2026,24-01-2026,Emergency,102-02,Discharged,TRUE,5
401832,100480,2056,102,01-01-2025,04-01-2025,Elective,102-30,Discharged,FALSE,3
401833,110784,2054,102,01-09-2025,02-09-2025,Emergency,102-03,Discharged,FALSE,1
401834,106620,2056,102,16-05-2026,21-05-2026,Elective,102-48,Discharged,FALSE,5
401835,106875,2016,107,01-07-2025,10-07-2025,Emergency,107-46,Discharged,FALSE,9
401836,103688,2006,106,14-03-2026,24-03-2026,Elective,106-06,Discharged,FALSE,10
401837,101654,2045,107,28-07-2025,01-08-2025,Elective,107-41,Discharged,FALSE,4
401838,105984,2017,106,29-11-2025,03-12-2025,Emergency,106-01,Under Treatment,FALSE,4
401839,101094,2044,106,18-01-2025,28-01-2025,Emergency,106-07,Discharged,FALSE,10
401840,108896,2029,102,04-05-2025,07-05-2025,Emergency,102-39,Discharged,FALSE,3
401841,102775,2060,103,26-04-2026,09-05-2026,Elective,103-33,Discharged,FALSE,13
401842,104711,2052,104,25-08-2025,29-08-2025,Elective,104-05,Discharged,FALSE,4
401843,100852,2013,105,20-03-2026,24-03-2026,Referral,105-31,Discharged,FALSE,4
401844,107075,2063,108,07-07-2025,12-07-2025,Emergency,108-40,Discharged,FALSE,5
401845,100728,2043,108,20-02-2025,26-02-2025,Emergency,108-05,Discharged,FALSE,6
401846,110407,2034,102,03-08-2025,08-08-2025,Emergency,102-31,Discharged,FALSE,5
401847,101635,2005,106,10-03-2026,13-03-2026,Referral,106-35,Discharged,FALSE,3
401848,107262,2061,104,14-02-2026,19-02-2026,Emergency,104-27,Discharged,FALSE,5
401849,111182,2066,102,14-05-2025,24-05-2025,Elective,102-11,Discharged,FALSE,10
401850,100274,2012,106,31-01-2026,07-02-2026,Elective,106-19,Discharged,FALSE,7
401851,100798,2025,105,14-03-2025,15-03-2025,Elective,105-15,Discharged,FALSE,1
401852,108432,2053,105,14-05-2025,17-05-2025,Emergency,105-35,Discharged,FALSE,3
401853,103997,2064,108,04-04-2025,09-04-2025,Elective,108-17,Discharged,FALSE,5
401854,102933,2058,102,10-05-2025,19-05-2025,Elective,102-19,Discharged,FALSE,9
401855,111124,2077,106,20-04-2025,22-04-2025,Referral,106-38,Transferred,FALSE,2
401856,102895,2061,104,22-01-2025,27-01-2025,Elective,104-48,Discharged,FALSE,5
401857,110379,2060,103,15-04-2025,16-04-2025,Elective,103-48,Transferred,FALSE,1
401858,109739,2035,103,02-08-2025,07-08-2025,Referral,103-46,Discharged,FALSE,5
401859,100465,2016,107,09-07-2025,15-07-2025,Emergency,107-19,Discharged,FALSE,6
401860,110705,2004,101,27-08-2025,30-08-2025,Elective,101-24,Transferred,FALSE,3
401861,103605,2064,108,30-03-2026,02-04-2026,Referral,108-16,Discharged,TRUE,3
401862,104629,2019,101,10-07-2025,11-07-2025,Emergency,101-39,Discharged,FALSE,1
401863,102343,2006,106,14-12-2025,19-12-2025,Emergency,106-01,Discharged,FALSE,5
401864,105296,2009,105,22-01-2026,29-01-2026,Elective,105-12,Discharged,TRUE,7
401865,106141,2021,108,12-03-2025,14-03-2025,Elective,108-21,Discharged,FALSE,2
401866,108987,2026,102,19-06-2025,24-06-2025,Emergency,102-23,Discharged,FALSE,5
401867,103120,2016,107,19-10-2025,21-10-2025,Elective,107-32,Discharged,FALSE,2
401868,107898,2045,107,24-04-2025,25-04-2025,Referral,107-33,Discharged,FALSE,1
401869,101675,2064,108,07-01-2025,12-01-2025,Emergency,108-13,Discharged,FALSE,5
401870,101651,2016,107,28-02-2025,06-03-2025,Elective,107-05,Discharged,FALSE,6
401871,104991,2053,105,14-02-2026,15-02-2026,Emergency,105-44,Transferred,FALSE,1
401872,104969,2005,106,03-02-2026,08-02-2026,Elective,106-05,Discharged,FALSE,5
401873,105793,2004,101,07-11-2025,10-11-2025,Elective,101-11,Discharged,FALSE,3
401874,108344,2026,102,18-10-2025,27-10-2025,Elective,102-05,Discharged,FALSE,9
401875,103154,2056,102,18-05-2026,19-05-2026,Elective,102-30,Discharged,FALSE,1
401876,105366,2049,106,31-10-2025,07-11-2025,Emergency,106-15,Under Treatment,FALSE,7
401877,108032,2063,108,14-05-2025,17-05-2025,Elective,108-42,Transferred,FALSE,3
401878,110467,2020,102,06-11-2025,09-11-2025,Emergency,102-50,Discharged,FALSE,3
401879,110611,2006,106,16-01-2026,20-01-2026,Emergency,106-28,Discharged,FALSE,4
401880,110126,2068,101,20-02-2026,27-02-2026,Emergency,101-09,Under Treatment,FALSE,7
401881,102042,2058,102,22-02-2025,24-02-2025,Elective,102-15,Discharged,FALSE,2
401882,104095,2006,106,19-06-2026,23-06-2026,Elective,106-44,Discharged,FALSE,4
401883,106556,2037,105,20-01-2026,22-01-2026,Elective,105-49,Discharged,FALSE,2
401884,101800,2041,105,04-05-2026,11-05-2026,Elective,105-15,Discharged,TRUE,7
401885,100270,2051,108,28-03-2026,29-03-2026,Referral,108-28,Discharged,FALSE,1
401886,110112,2024,108,01-07-2025,07-07-2025,Referral,108-17,Discharged,FALSE,6
401887,100695,2065,104,02-12-2025,04-12-2025,Elective,104-49,Discharged,FALSE,2
401888,101692,2031,104,25-05-2025,03-06-2025,Elective,104-29,Discharged,FALSE,9
401889,110165,2067,107,05-02-2026,11-02-2026,Referral,107-08,Discharged,FALSE,6
401890,104063,2049,106,08-01-2025,15-01-2025,Elective,106-36,Discharged,FALSE,7
401891,108467,2080,107,08-01-2025,13-01-2025,Referral,107-46,Discharged,FALSE,5
401892,100775,2020,102,16-06-2025,17-06-2025,Emergency,102-37,Discharged,FALSE,1
401893,104574,2014,105,13-09-2025,16-09-2025,Emergency,105-27,Discharged,FALSE,3
401894,107455,2047,102,15-01-2025,17-01-2025,Referral,102-35,Discharged,FALSE,2
401895,101819,2071,103,19-04-2026,25-04-2026,Elective,103-17,Discharged,FALSE,6
401896,103194,2033,105,10-02-2026,14-02-2026,Elective,105-46,Discharged,FALSE,4
401897,111121,2059,104,01-02-2025,07-02-2025,Elective,104-04,Under Treatment,FALSE,6
401898,100939,2048,101,16-05-2026,19-05-2026,Emergency,101-31,Discharged,FALSE,3
401899,108558,2037,105,05-01-2025,09-01-2025,Elective,105-26,Discharged,FALSE,4
401900,105101,2076,104,15-08-2025,17-08-2025,Elective,104-50,Discharged,FALSE,2
401901,110782,2079,104,08-07-2025,11-07-2025,Emergency,104-06,Discharged,FALSE,3
401902,104752,2063,108,12-11-2025,17-11-2025,Emergency,108-06,Discharged,TRUE,5
401903,102319,2008,105,23-04-2025,26-04-2025,Emergency,105-29,Discharged,FALSE,3
401904,110654,2051,108,18-12-2025,21-12-2025,Elective,108-02,Discharged,FALSE,3
401905,107725,2001,102,01-02-2025,06-02-2025,Elective,102-45,Transferred,FALSE,5
401906,110451,2015,103,18-04-2026,21-04-2026,Elective,103-28,Discharged,FALSE,3
401907,101570,2033,105,16-12-2025,22-12-2025,Emergency,105-18,Discharged,FALSE,6
401908,108759,2078,105,28-02-2025,05-03-2025,Elective,105-48,Discharged,FALSE,5
401909,110031,2062,101,04-03-2026,10-03-2026,Referral,101-34,Discharged,FALSE,6
401910,103236,2048,101,09-02-2026,12-02-2026,Emergency,101-12,Discharged,FALSE,3
401911,105465,2076,104,13-04-2025,16-04-2025,Emergency,104-25,Discharged,FALSE,3
401912,110341,2045,107,19-01-2025,23-01-2025,Elective,107-05,Discharged,FALSE,4
401913,101577,2054,102,02-06-2025,05-06-2025,Emergency,102-39,Discharged,FALSE,3
401914,102571,2032,101,12-05-2026,23-05-2026,Elective,101-30,Under Treatment,FALSE,11
401915,108599,2068,101,02-06-2026,15-06-2026,Elective,101-02,Discharged,FALSE,13
401916,104876,2027,101,07-06-2025,09-06-2025,Elective,101-05,Discharged,FALSE,2
401917,111232,2031,104,26-09-2025,27-09-2025,Referral,104-09,Discharged,FALSE,1
401918,105700,2022,101,25-01-2025,26-01-2025,Elective,101-27,Discharged,FALSE,1
401919,109447,2040,106,02-05-2026,12-05-2026,Elective,106-36,Under Treatment,TRUE,10
401920,108348,2043,108,02-12-2025,17-12-2025,Elective,108-20,Discharged,FALSE,15
401921,103332,2026,102,05-11-2025,07-11-2025,Elective,102-45,Discharged,FALSE,2
401922,108794,2068,101,12-06-2026,14-06-2026,Elective,101-46,Discharged,FALSE,2
401923,107441,2055,106,22-02-2025,24-02-2025,Elective,106-23,Discharged,FALSE,2
401924,100402,2033,105,09-06-2026,11-06-2026,Elective,105-01,Under Treatment,FALSE,2
401925,111735,2070,106,18-03-2026,24-03-2026,Referral,106-12,Discharged,FALSE,6
401926,108867,2058,102,23-04-2025,03-05-2025,Emergency,102-03,Discharged,FALSE,10
401927,100232,2004,101,17-04-2025,19-04-2025,Emergency,101-44,Transferred,FALSE,2
401928,105731,2061,104,14-10-2025,25-10-2025,Elective,104-10,Under Treatment,FALSE,11
401929,104541,2049,106,05-02-2026,06-02-2026,Elective,106-39,Discharged,FALSE,1
401930,105712,2031,104,10-04-2025,17-04-2025,Referral,104-34,Discharged,FALSE,7
401931,101310,2053,105,03-02-2026,11-02-2026,Emergency,105-40,Discharged,FALSE,8
401932,109761,2043,108,25-02-2026,27-02-2026,Emergency,108-31,Discharged,FALSE,2
401933,102603,2009,105,27-03-2025,08-04-2025,Emergency,105-17,Discharged,FALSE,12
401934,103165,2049,106,14-06-2025,15-06-2025,Elective,106-47,Discharged,FALSE,1
401935,111843,2071,103,18-03-2026,21-03-2026,Referral,103-21,Discharged,FALSE,3
401936,108468,2021,108,13-05-2025,16-05-2025,Elective,108-19,Under Treatment,FALSE,3
401937,106337,2038,108,25-07-2025,30-07-2025,Elective,108-12,Discharged,FALSE,5
401938,103764,2064,108,26-07-2025,02-08-2025,Elective,108-40,Discharged,FALSE,7
401939,105141,2032,101,30-07-2025,04-08-2025,Emergency,101-23,Discharged,FALSE,5
401940,111419,2056,102,29-06-2025,01-07-2025,Elective,102-23,Under Treatment,FALSE,2
401941,101355,2071,103,08-01-2025,11-01-2025,Emergency,103-39,Under Treatment,FALSE,3
401942,103748,2055,106,10-02-2026,11-02-2026,Elective,106-32,Discharged,FALSE,1
401943,103941,2041,105,21-02-2026,22-02-2026,Emergency,105-11,Discharged,FALSE,1
401944,111146,2077,106,17-02-2025,19-02-2025,Emergency,106-08,Discharged,TRUE,2
401945,108680,2059,104,15-11-2025,16-11-2025,Elective,104-41,Discharged,FALSE,1
401946,102937,2080,107,14-05-2025,18-05-2025,Elective,107-43,Under Treatment,FALSE,4
401947,110903,2039,108,18-04-2026,21-04-2026,Emergency,108-38,Discharged,FALSE,3
401948,104966,2025,105,25-05-2025,01-06-2025,Referral,105-13,Discharged,TRUE,7
401949,111942,2073,101,31-01-2026,02-02-2026,Elective,101-08,Discharged,FALSE,2
401950,108701,2079,104,10-02-2025,14-02-2025,Elective,104-03,Discharged,FALSE,4
401951,100642,2059,104,23-09-2025,26-09-2025,Referral,104-37,Transferred,FALSE,3
401952,102497,2003,103,01-05-2026,07-05-2026,Referral,103-48,Under Treatment,FALSE,6
401953,108070,2080,107,22-05-2025,25-05-2025,Emergency,107-05,Discharged,TRUE,3
401954,102138,2020,102,20-05-2025,22-05-2025,Emergency,102-39,Discharged,TRUE,2
401955,104035,2039,108,06-02-2026,07-02-2026,Elective,108-21,Discharged,FALSE,1
401956,110552,2011,108,01-02-2025,05-02-2025,Elective,108-05,Discharged,FALSE,4
401957,105040,2056,102,18-01-2026,21-01-2026,Elective,102-16,Discharged,FALSE,3
401958,110778,2012,106,28-11-2025,30-11-2025,Emergency,106-41,Discharged,FALSE,2
401959,110826,2068,101,05-09-2025,10-09-2025,Elective,101-02,Discharged,FALSE,5
401960,100051,2079,104,03-05-2025,09-05-2025,Emergency,104-30,Transferred,FALSE,6
401961,107637,2061,104,27-03-2025,31-03-2025,Elective,104-48,Transferred,FALSE,4
401962,100007,2052,104,10-07-2025,14-07-2025,Elective,104-42,Discharged,FALSE,4
401963,109748,2078,105,27-01-2025,29-01-2025,Referral,105-02,Discharged,FALSE,2
401964,105314,2072,107,03-05-2026,04-05-2026,Elective,107-08,Discharged,FALSE,1
401965,101542,2074,108,05-05-2025,07-05-2025,Emergency,108-30,Discharged,TRUE,2
401966,109060,2028,107,20-09-2025,30-09-2025,Elective,107-28,Discharged,FALSE,10
401967,105503,2046,107,15-10-2025,21-10-2025,Elective,107-43,Transferred,FALSE,6
401968,104881,2014,105,20-01-2025,22-01-2025,Elective,105-49,Discharged,FALSE,2
401969,106314,2044,106,25-06-2025,04-07-2025,Emergency,106-20,Transferred,FALSE,9
401970,105000,2010,104,06-04-2026,10-04-2026,Elective,104-30,Discharged,FALSE,4
401971,102245,2039,108,04-03-2026,07-03-2026,Elective,108-11,Transferred,FALSE,3
401972,109036,2051,108,12-01-2025,18-01-2025,Elective,108-22,Discharged,FALSE,6
401973,100434,2001,102,14-08-2025,17-08-2025,Referral,102-32,Discharged,FALSE,3
401974,103569,2077,106,29-10-2025,03-11-2025,Elective,106-26,Discharged,FALSE,5
401975,109870,2019,101,13-10-2025,20-10-2025,Referral,101-20,Discharged,FALSE,7
401976,106658,2077,106,12-01-2025,21-01-2025,Emergency,106-45,Discharged,FALSE,9
401977,110079,2022,101,17-04-2026,21-04-2026,Elective,101-08,Discharged,FALSE,4
401978,101874,2044,106,12-06-2026,15-06-2026,Elective,106-41,Discharged,FALSE,3
401979,110405,2062,101,12-11-2025,24-11-2025,Emergency,101-39,Discharged,FALSE,12
401980,100848,2080,107,28-02-2025,03-03-2025,Referral,107-36,Discharged,FALSE,3
401981,101495,2047,102,25-05-2025,26-05-2025,Elective,102-37,Under Treatment,FALSE,1
401982,109187,2014,105,09-10-2025,13-10-2025,Elective,105-05,Discharged,TRUE,4
401983,105774,2043,108,07-09-2025,17-09-2025,Emergency,108-05,Discharged,FALSE,10
401984,108602,2012,106,25-03-2026,26-03-2026,Emergency,106-10,Transferred,FALSE,1
401985,101308,2026,102,06-11-2025,07-11-2025,Emergency,102-14,Discharged,FALSE,1
401986,106007,2061,104,17-04-2026,20-04-2026,Referral,104-24,Discharged,FALSE,3
401987,108154,2011,108,23-03-2026,27-03-2026,Elective,108-22,Discharged,FALSE,4
401988,100257,2024,108,11-03-2025,13-03-2025,Elective,108-10,Discharged,FALSE,2
401989,100306,2048,101,16-04-2025,18-04-2025,Elective,101-09,Discharged,FALSE,2
401990,111757,2036,102,22-03-2025,23-03-2025,Elective,102-42,Discharged,FALSE,1
401991,110214,2060,103,04-02-2026,10-02-2026,Emergency,103-49,Discharged,FALSE,6
401992,102382,2023,108,22-03-2026,27-03-2026,Elective,108-01,Discharged,FALSE,5
401993,110931,2027,101,05-11-2025,11-11-2025,Elective,101-48,Discharged,FALSE,6
401994,103262,2007,106,12-05-2025,19-05-2025,Emergency,106-48,Discharged,FALSE,7
401995,111543,2076,104,11-12-2025,14-12-2025,Elective,104-24,Transferred,FALSE,3
401996,101725,2046,107,11-02-2025,13-02-2025,Elective,107-33,Discharged,FALSE,2
401997,103982,2027,101,25-04-2026,28-04-2026,Emergency,101-37,Discharged,FALSE,3
401998,106559,2032,101,18-06-2025,19-06-2025,Elective,101-27,Discharged,FALSE,1
401999,100875,2053,105,24-04-2025,30-04-2025,Elective,105-10,Discharged,FALSE,6
402000,108030,2048,101,27-10-2025,31-10-2025,Elective,101-49,Discharged,FALSE,4
402001,108172,2008,105,07-06-2026,10-06-2026,Elective,105-48,Discharged,FALSE,3
402002,111253,2050,101,15-11-2025,17-11-2025,Elective,101-31,Transferred,FALSE,2
402003,111848,2080,107,28-01-2025,31-01-2025,Referral,107-44,Discharged,FALSE,3
402004,111035,2006,106,27-11-2025,02-12-2025,Elective,106-31,Discharged,FALSE,5
402005,102702,2013,105,29-01-2026,01-02-2026,Elective,105-01,Discharged,FALSE,3
402006,102345,2051,108,13-07-2025,16-07-2025,Elective,108-47,Discharged,FALSE,3
402007,105436,2028,107,24-11-2025,27-11-2025,Referral,107-34,Discharged,FALSE,3
402008,104079,2005,106,25-01-2025,28-01-2025,Emergency,106-03,Discharged,FALSE,3
402009,110139,2030,105,24-06-2025,28-06-2025,Referral,105-46,Discharged,FALSE,4
402010,100225,2019,101,31-03-2025,12-04-2025,Emergency,101-33,Discharged,FALSE,12
402011,108951,2009,105,13-08-2025,16-08-2025,Emergency,105-38,Under Treatment,FALSE,3
402012,103407,2003,103,25-11-2025,26-11-2025,Emergency,103-44,Discharged,FALSE,1
402013,105133,2070,106,07-07-2025,13-07-2025,Referral,106-32,Discharged,FALSE,6
402014,110628,2011,108,07-11-2025,12-11-2025,Elective,108-49,Discharged,FALSE,5
402015,110504,2056,102,18-06-2026,28-06-2026,Elective,102-06,Discharged,FALSE,10
402016,107262,2014,105,10-11-2025,11-11-2025,Emergency,105-01,Discharged,FALSE,1
402017,100757,2017,106,22-05-2026,24-05-2026,Elective,106-27,Discharged,FALSE,2
402018,110918,2013,105,25-09-2025,27-09-2025,Elective,105-14,Discharged,FALSE,2
402019,100457,2023,108,17-08-2025,22-08-2025,Emergency,108-14,Discharged,FALSE,5
402020,100908,2019,101,24-01-2025,27-01-2025,Emergency,101-41,Discharged,TRUE,3
402021,110219,2031,104,20-08-2025,23-08-2025,Emergency,104-25,Discharged,FALSE,3
402022,107665,2008,105,28-02-2026,02-03-2026,Emergency,105-37,Discharged,FALSE,2
402023,107481,2076,104,20-03-2026,23-03-2026,Elective,104-50,Discharged,FALSE,3
402024,111474,2050,101,23-03-2026,27-03-2026,Elective,101-06,Discharged,FALSE,4
402025,102827,2075,104,03-06-2025,07-06-2025,Emergency,104-50,Discharged,FALSE,4
402026,105200,2071,103,24-05-2025,26-05-2025,Emergency,103-23,Discharged,FALSE,2
402027,105571,2028,107,24-02-2026,28-02-2026,Emergency,107-17,Discharged,FALSE,4
402028,100920,2076,104,07-08-2025,12-08-2025,Elective,104-42,Discharged,FALSE,5
402029,108565,2067,107,07-02-2026,17-02-2026,Elective,107-25,Discharged,FALSE,10
402030,108062,2008,105,02-08-2025,03-08-2025,Emergency,105-09,Discharged,FALSE,1
402031,104150,2029,102,28-01-2026,31-01-2026,Emergency,102-30,Discharged,FALSE,3
402032,105543,2068,101,28-03-2026,29-03-2026,Referral,101-40,Discharged,FALSE,1
402033,108626,2071,103,28-03-2025,04-04-2025,Elective,103-26,Discharged,TRUE,7
402034,103982,2024,108,22-09-2025,25-09-2025,Elective,108-29,Discharged,FALSE,3
402035,100782,2006,106,11-06-2025,14-06-2025,Elective,106-25,Discharged,FALSE,3
402036,104284,2040,106,17-06-2026,20-06-2026,Referral,106-08,Discharged,FALSE,3
402037,109990,2022,101,14-03-2026,20-03-2026,Elective,101-46,Discharged,FALSE,6
402038,100994,2011,108,29-03-2025,02-04-2025,Referral,108-19,Discharged,FALSE,4
402039,105554,2025,105,11-02-2026,17-02-2026,Elective,105-07,Discharged,FALSE,6
402040,108970,2013,105,10-03-2026,11-03-2026,Elective,105-37,Discharged,TRUE,1
402041,103421,2039,108,26-02-2025,04-03-2025,Elective,108-32,Discharged,TRUE,6
402042,107615,2068,101,07-08-2025,15-08-2025,Elective,101-45,Discharged,FALSE,8
402043,110964,2050,101,21-02-2026,23-02-2026,Emergency,101-30,Discharged,FALSE,2
402044,110935,2063,108,18-02-2026,20-02-2026,Elective,108-06,Discharged,FALSE,2
402045,108590,2014,105,27-05-2025,05-06-2025,Elective,105-49,Discharged,FALSE,9
402046,108385,2048,101,06-01-2025,10-01-2025,Elective,101-36,Discharged,FALSE,4
402047,109192,2063,108,01-01-2026,04-01-2026,Elective,108-45,Discharged,FALSE,3
402048,102708,2056,102,26-03-2026,30-03-2026,Referral,102-25,Discharged,FALSE,4
402049,106726,2075,104,02-08-2025,15-08-2025,Emergency,104-28,Discharged,FALSE,13
402050,106594,2056,102,07-12-2025,08-12-2025,Elective,102-17,Discharged,FALSE,1
402051,111871,2065,104,23-08-2025,24-08-2025,Elective,104-47,Discharged,FALSE,1
402052,103308,2005,106,07-01-2026,09-01-2026,Elective,106-05,Transferred,TRUE,2
402053,101439,2018,104,20-12-2025,23-12-2025,Emergency,104-19,Discharged,FALSE,3
402054,111064,2067,107,02-05-2025,21-05-2025,Emergency,107-18,Discharged,TRUE,19
402055,101327,2020,102,10-12-2025,19-12-2025,Emergency,102-42,Discharged,FALSE,9
402056,103168,2048,101,05-09-2025,06-09-2025,Elective,101-25,Transferred,FALSE,1
402057,102680,2039,108,23-01-2026,26-01-2026,Elective,108-07,Discharged,FALSE,3
402058,101882,2035,103,07-10-2025,09-10-2025,Emergency,103-22,Discharged,TRUE,2
402059,103410,2034,102,03-05-2026,07-05-2026,Emergency,102-23,Discharged,FALSE,4
402060,102198,2028,107,24-01-2025,25-01-2025,Elective,107-18,Discharged,FALSE,1
402061,111265,2055,106,20-09-2025,23-09-2025,Referral,106-29,Discharged,FALSE,3
402062,108868,2003,103,06-05-2026,09-05-2026,Elective,103-13,Discharged,FALSE,3
402063,107215,2011,108,25-05-2025,29-05-2025,Elective,108-05,Transferred,FALSE,4
402064,102108,2076,104,28-05-2026,31-05-2026,Referral,104-16,Discharged,FALSE,3
402065,102835,2070,106,10-02-2025,14-02-2025,Elective,106-30,Discharged,FALSE,4
402066,105647,2074,108,11-05-2026,14-05-2026,Elective,108-02,Discharged,FALSE,3
402067,104917,2046,107,24-06-2025,25-06-2025,Elective,107-23,Discharged,FALSE,1
402068,101473,2024,108,16-06-2025,17-06-2025,Elective,108-10,Discharged,FALSE,1
402069,110407,2001,102,09-11-2025,11-11-2025,Emergency,102-20,Discharged,FALSE,2
402070,103626,2004,101,17-06-2026,19-06-2026,Emergency,101-41,Discharged,FALSE,2
402071,107746,2022,101,01-06-2026,02-06-2026,Elective,101-27,Discharged,FALSE,1
402072,100117,2005,106,26-02-2026,02-03-2026,Elective,106-31,Discharged,FALSE,4
402073,106176,2052,104,24-01-2026,29-01-2026,Elective,104-48,Transferred,FALSE,5
402074,102713,2066,102,29-08-2025,02-09-2025,Referral,102-29,Discharged,FALSE,4
402075,106378,2018,104,19-04-2026,27-04-2026,Elective,104-35,Discharged,TRUE,8
402076,106961,2010,104,26-09-2025,30-09-2025,Elective,104-32,Discharged,FALSE,4
402077,101049,2024,108,04-05-2025,07-05-2025,Referral,108-36,Discharged,FALSE,3
402078,110302,2058,102,24-10-2025,30-10-2025,Elective,102-26,Discharged,TRUE,6
402079,106361,2013,105,23-12-2025,29-12-2025,Elective,105-26,Discharged,FALSE,6
402080,103425,2058,102,05-03-2026,09-03-2026,Elective,102-27,Discharged,FALSE,4
402081,105881,2023,108,18-10-2025,23-10-2025,Elective,108-09,Discharged,FALSE,5
402082,103244,2049,106,28-05-2026,29-05-2026,Elective,106-15,Discharged,FALSE,1
402083,106982,2016,107,19-06-2025,21-06-2025,Elective,107-24,Discharged,FALSE,2
402084,108023,2031,104,03-03-2026,06-03-2026,Emergency,104-43,Discharged,TRUE,3
402085,107778,2057,101,19-03-2026,21-03-2026,Elective,101-01,Discharged,TRUE,2
402086,102408,2009,105,11-04-2026,15-04-2026,Elective,105-38,Discharged,TRUE,4
402087,103439,2023,108,27-02-2025,06-03-2025,Referral,108-05,Discharged,FALSE,7
402088,101051,2022,101,25-09-2025,29-09-2025,Elective,101-17,Discharged,FALSE,4
402089,103477,2040,106,19-07-2025,21-07-2025,Emergency,106-18,Discharged,FALSE,2
402090,106751,2039,108,07-03-2026,22-03-2026,Emergency,108-44,Discharged,FALSE,15
402091,100428,2028,107,26-03-2026,03-04-2026,Referral,107-40,Under Treatment,TRUE,8
402092,103518,2053,105,13-01-2026,14-01-2026,Referral,105-27,Discharged,FALSE,1
402093,104308,2024,108,12-05-2025,13-05-2025,Elective,108-33,Discharged,FALSE,1
402094,108990,2006,106,19-10-2025,21-10-2025,Referral,106-39,Discharged,FALSE,2
402095,110073,2077,106,28-12-2025,30-12-2025,Elective,106-26,Discharged,FALSE,2
402096,111096,2010,104,07-04-2026,12-04-2026,Emergency,104-21,Discharged,FALSE,5
402097,107164,2024,108,06-02-2025,11-02-2025,Elective,108-44,Transferred,FALSE,5
402098,103920,2019,101,04-03-2025,06-03-2025,Elective,101-10,Discharged,FALSE,2
402099,102897,2015,103,05-02-2025,09-02-2025,Elective,103-39,Discharged,FALSE,4
402100,108388,2068,101,21-12-2025,22-12-2025,Emergency,101-27,Discharged,TRUE,1
402101,101487,2045,107,05-07-2025,10-07-2025,Elective,107-11,Discharged,FALSE,5
402102,102544,2065,104,29-12-2025,09-01-2026,Emergency,104-02,Discharged,FALSE,11
402103,102967,2049,106,23-08-2025,24-08-2025,Referral,106-26,Discharged,FALSE,1
402104,107820,2010,104,01-09-2025,05-09-2025,Emergency,104-23,Discharged,FALSE,4
402105,106486,2070,106,01-02-2025,05-02-2025,Elective,106-28,Discharged,FALSE,4
402106,104449,2006,106,02-03-2025,04-03-2025,Emergency,106-29,Transferred,FALSE,2
402107,110244,2049,106,19-11-2025,21-11-2025,Emergency,106-17,Discharged,FALSE,2
402108,105922,2039,108,17-07-2025,22-07-2025,Referral,108-23,Discharged,TRUE,5
402109,105831,2012,106,11-12-2025,13-12-2025,Referral,106-05,Transferred,FALSE,2
402110,107791,2020,102,29-03-2026,02-04-2026,Elective,102-24,Discharged,FALSE,4
402111,107939,2057,101,22-06-2025,26-06-2025,Referral,101-41,Transferred,FALSE,4
402112,106649,2037,105,13-08-2025,16-08-2025,Emergency,105-45,Discharged,FALSE,3
402113,108925,2055,106,24-08-2025,27-08-2025,Elective,106-11,Discharged,FALSE,3
402114,111340,2039,108,15-05-2026,19-05-2026,Elective,108-30,Discharged,FALSE,4
402115,111858,2020,102,11-06-2026,12-06-2026,Elective,102-15,Discharged,FALSE,1
402116,103687,2009,105,01-11-2025,04-11-2025,Emergency,105-12,Discharged,FALSE,3
402117,104495,2004,101,31-12-2025,03-01-2026,Elective,101-45,Discharged,FALSE,3
402118,108912,2056,102,25-02-2026,26-02-2026,Elective,102-01,Discharged,FALSE,1
402119,105994,2024,108,21-12-2025,28-12-2025,Emergency,108-01,Discharged,FALSE,7
402120,104795,2013,105,21-04-2025,24-04-2025,Emergency,105-33,Discharged,TRUE,3
402121,100175,2054,102,04-01-2025,11-01-2025,Elective,102-26,Discharged,FALSE,7
402122,107619,2036,102,07-05-2025,12-05-2025,Emergency,102-25,Discharged,FALSE,5
402123,105764,2046,107,11-06-2026,15-06-2026,Emergency,107-46,Discharged,FALSE,4
402124,107032,2049,106,03-06-2025,08-06-2025,Elective,106-19,Discharged,FALSE,5
402125,111331,2023,108,02-02-2025,07-02-2025,Referral,108-08,Discharged,FALSE,5
402126,107926,2004,101,23-09-2025,26-09-2025,Emergency,101-20,Under Treatment,FALSE,3
402127,104770,2004,101,26-05-2025,06-06-2025,Referral,101-09,Under Treatment,FALSE,11
402128,103831,2035,103,31-05-2026,03-06-2026,Elective,103-30,Transferred,FALSE,3
402129,110658,2077,106,01-03-2025,10-03-2025,Elective,106-04,Discharged,FALSE,9
402130,103921,2018,104,23-10-2025,28-10-2025,Referral,104-40,Discharged,FALSE,5
402131,109781,2001,102,13-11-2025,16-11-2025,Elective,102-34,Discharged,FALSE,3
402132,100272,2046,107,21-05-2026,23-05-2026,Elective,107-26,Discharged,FALSE,2
402133,104461,2032,101,09-02-2026,10-02-2026,Elective,101-43,Discharged,FALSE,1
402134,102014,2042,102,14-06-2026,18-06-2026,Elective,102-05,Transferred,FALSE,4
402135,106110,2023,108,03-06-2026,04-06-2026,Elective,108-36,Discharged,FALSE,1
402136,111270,2046,107,10-07-2025,17-07-2025,Elective,107-09,Discharged,FALSE,7
402137,108698,2026,102,11-02-2026,13-02-2026,Elective,102-13,Discharged,FALSE,2
402138,101289,2011,108,23-05-2025,28-05-2025,Elective,108-47,Discharged,FALSE,5
402139,111872,2002,107,25-04-2026,27-04-2026,Elective,107-17,Discharged,FALSE,2
402140,101053,2055,106,16-06-2026,24-06-2026,Emergency,106-12,Discharged,TRUE,8
402141,107395,2053,105,19-10-2025,31-10-2025,Referral,105-09,Discharged,FALSE,12
402142,110426,2008,105,01-04-2025,03-04-2025,Referral,105-48,Discharged,FALSE,2
402143,102185,2010,104,31-05-2025,01-06-2025,Referral,104-30,Discharged,TRUE,1
402144,108200,2003,103,22-02-2026,28-02-2026,Elective,103-31,Discharged,FALSE,6
402145,103339,2068,101,07-09-2025,08-09-2025,Elective,101-28,Transferred,TRUE,1
402146,104452,2077,106,25-01-2026,03-02-2026,Elective,106-44,Under Treatment,FALSE,9
402147,111544,2057,101,14-06-2025,21-06-2025,Elective,101-39,Discharged,FALSE,7
402148,103748,2049,106,07-06-2026,14-06-2026,Elective,106-25,Discharged,FALSE,7
402149,104143,2062,101,11-08-2025,13-08-2025,Referral,101-05,Discharged,FALSE,2
402150,105736,2074,108,24-05-2026,27-05-2026,Elective,108-03,Discharged,TRUE,3
402151,111605,2003,103,21-04-2026,27-04-2026,Elective,103-11,Under Treatment,FALSE,6
402152,106046,2067,107,30-05-2026,04-06-2026,Elective,107-26,Discharged,FALSE,5
402153,100896,2079,104,10-04-2026,12-04-2026,Elective,104-20,Under Treatment,TRUE,2
402154,107356,2049,106,14-12-2025,17-12-2025,Elective,106-16,Discharged,FALSE,3
402155,111725,2006,106,22-08-2025,24-08-2025,Emergency,106-22,Discharged,FALSE,2
402156,101294,2002,107,21-05-2026,23-05-2026,Emergency,107-08,Discharged,FALSE,2
402157,105068,2027,101,26-10-2025,27-10-2025,Emergency,101-08,Discharged,FALSE,1
402158,102915,2028,107,20-11-2025,25-11-2025,Elective,107-40,Discharged,FALSE,5
402159,111066,2028,107,10-09-2025,13-09-2025,Elective,107-17,Discharged,TRUE,3
402160,102229,2049,106,11-10-2025,14-10-2025,Elective,106-45,Discharged,FALSE,3
402161,105511,2002,107,10-05-2026,15-05-2026,Elective,107-48,Discharged,FALSE,5
402162,102241,2031,104,26-06-2025,09-07-2025,Elective,104-22,Under Treatment,FALSE,13
402163,105295,2080,107,27-12-2025,28-12-2025,Elective,107-10,Discharged,FALSE,1
402164,104523,2044,106,25-10-2025,26-10-2025,Referral,106-41,Discharged,FALSE,1
402165,104939,2058,102,26-07-2025,27-07-2025,Emergency,102-14,Discharged,FALSE,1
402166,103356,2002,107,20-03-2025,21-03-2025,Elective,107-48,Discharged,FALSE,1
402167,105585,2068,101,13-05-2025,16-05-2025,Emergency,101-14,Transferred,FALSE,3
402168,107327,2056,102,03-02-2026,04-02-2026,Elective,102-29,Discharged,TRUE,1
402169,111530,2049,106,03-03-2026,18-03-2026,Emergency,106-18,Discharged,FALSE,15
402170,110611,2027,101,19-03-2026,24-03-2026,Emergency,101-10,Discharged,FALSE,5
402171,106122,2018,104,10-06-2026,16-06-2026,Elective,104-46,Discharged,FALSE,6
402172,108667,2060,103,14-09-2025,15-09-2025,Emergency,103-13,Transferred,TRUE,1
402173,110884,2070,106,18-06-2026,19-06-2026,Elective,106-50,Discharged,TRUE,1
402174,104197,2012,106,11-11-2025,17-11-2025,Emergency,106-36,Discharged,FALSE,6
402175,103785,2030,105,19-02-2026,01-03-2026,Referral,105-43,Discharged,FALSE,10
402176,104819,2016,107,15-05-2026,20-05-2026,Emergency,107-29,Discharged,FALSE,5
402177,109250,2061,104,20-12-2025,24-12-2025,Elective,104-40,Discharged,FALSE,4
402178,110282,2027,101,15-10-2025,17-10-2025,Elective,101-47,Discharged,TRUE,2
402179,108842,2025,105,13-08-2025,18-08-2025,Emergency,105-37,Discharged,FALSE,5
402180,100684,2066,102,02-12-2025,05-12-2025,Emergency,102-04,Discharged,FALSE,3
402181,106952,2004,101,02-05-2025,05-05-2025,Referral,101-48,Discharged,FALSE,3
402182,108188,2043,108,11-01-2025,17-01-2025,Elective,108-20,Discharged,FALSE,6
402183,105766,2015,103,11-03-2025,13-03-2025,Elective,103-45,Discharged,TRUE,2
402184,103525,2040,106,19-11-2025,25-11-2025,Referral,106-01,Discharged,FALSE,6
402185,105681,2061,104,17-12-2025,22-12-2025,Elective,104-02,Discharged,FALSE,5
402186,108479,2074,108,01-06-2026,02-06-2026,Elective,108-42,Discharged,FALSE,1
402187,110754,2017,106,18-02-2026,19-02-2026,Elective,106-28,Discharged,FALSE,1
402188,101432,2046,107,20-05-2025,22-05-2025,Elective,107-08,Discharged,FALSE,2
402189,103001,2002,107,22-09-2025,26-09-2025,Emergency,107-38,Discharged,FALSE,4
402190,107076,2019,101,13-06-2025,14-06-2025,Elective,101-28,Discharged,FALSE,1
402191,111099,2042,102,21-01-2025,23-01-2025,Emergency,102-25,Discharged,FALSE,2
402192,101508,2077,106,01-05-2025,07-05-2025,Referral,106-50,Discharged,FALSE,6
402193,100189,2003,103,14-12-2025,20-12-2025,Elective,103-05,Discharged,FALSE,6
402194,100732,2008,105,07-04-2026,11-04-2026,Referral,105-34,Discharged,FALSE,4
402195,101920,2051,108,06-12-2025,10-12-2025,Elective,108-50,Discharged,FALSE,4
402196,104307,2066,102,29-05-2025,30-05-2025,Elective,102-40,Discharged,FALSE,1
402197,105517,2061,104,16-02-2025,20-02-2025,Emergency,104-19,Discharged,FALSE,4
402198,106805,2064,108,22-03-2026,05-04-2026,Referral,108-18,Discharged,FALSE,14
402199,102824,2040,106,16-09-2025,17-09-2025,Emergency,106-06,Discharged,FALSE,1
402200,105028,2009,105,01-03-2025,05-03-2025,Elective,105-14,Discharged,FALSE,4
402201,105407,2079,104,04-06-2025,07-06-2025,Emergency,104-05,Transferred,FALSE,3
402202,100482,2070,106,20-05-2025,23-05-2025,Elective,106-33,Discharged,FALSE,3
402203,105524,2008,105,16-01-2026,18-01-2026,Elective,105-14,Discharged,FALSE,2
402204,105201,2036,102,25-03-2026,30-03-2026,Referral,102-01,Discharged,FALSE,5
402205,106574,2068,101,09-04-2026,16-04-2026,Referral,101-45,Discharged,FALSE,7
402206,100365,2036,102,28-02-2026,03-03-2026,Elective,102-10,Discharged,FALSE,3
402207,109517,2024,108,28-08-2025,31-08-2025,Emergency,108-30,Discharged,FALSE,3
402208,101216,2039,108,02-11-2025,07-11-2025,Elective,108-50,Discharged,FALSE,5
402209,103769,2035,103,11-01-2026,13-01-2026,Emergency,103-18,Discharged,FALSE,2
402210,109743,2054,102,19-06-2025,23-06-2025,Elective,102-13,Discharged,FALSE,4
402211,100358,2068,101,09-02-2026,12-02-2026,Emergency,101-02,Discharged,FALSE,3
402212,103133,2006,106,04-03-2025,08-03-2025,Emergency,106-17,Discharged,FALSE,4
402213,100776,2015,103,05-09-2025,12-09-2025,Elective,103-04,Discharged,FALSE,7
402214,107814,2023,108,13-01-2026,16-01-2026,Elective,108-35,Discharged,FALSE,3
402215,105899,2056,102,13-10-2025,23-10-2025,Elective,102-21,Discharged,FALSE,10
402216,101446,2037,105,31-12-2025,06-01-2026,Emergency,105-46,Discharged,FALSE,6
402217,111319,2037,105,26-11-2025,02-12-2025,Referral,105-41,Discharged,TRUE,6
402218,102303,2043,108,17-10-2025,20-10-2025,Referral,108-44,Discharged,FALSE,3
402219,105648,2008,105,30-09-2025,04-10-2025,Elective,105-07,Under Treatment,FALSE,4
402220,101701,2063,108,03-04-2026,06-04-2026,Elective,108-09,Discharged,FALSE,3
402221,109366,2065,104,01-03-2025,02-03-2025,Emergency,104-15,Under Treatment,FALSE,1
402222,106438,2074,108,20-04-2025,22-04-2025,Elective,108-13,Under Treatment,FALSE,2
402223,106939,2004,101,05-02-2025,11-02-2025,Referral,101-09,Discharged,FALSE,6
402224,104147,2001,102,03-05-2026,12-05-2026,Elective,102-11,Discharged,FALSE,9
402225,100763,2059,104,02-08-2025,03-08-2025,Elective,104-08,Discharged,FALSE,1
402226,105759,2016,107,19-07-2025,20-07-2025,Emergency,107-46,Discharged,FALSE,1
402227,101383,2051,108,26-07-2025,29-07-2025,Emergency,108-43,Discharged,FALSE,3
402228,103673,2080,107,04-05-2026,10-05-2026,Elective,107-07,Under Treatment,TRUE,6
402229,101378,2078,105,07-06-2025,12-06-2025,Emergency,105-10,Discharged,TRUE,5
402230,104114,2009,105,07-01-2026,09-01-2026,Elective,105-13,Discharged,FALSE,2
402231,108893,2002,107,19-05-2025,23-05-2025,Emergency,107-15,Discharged,FALSE,4
402232,106417,2029,102,09-05-2026,10-05-2026,Elective,102-25,Discharged,FALSE,1
402233,100025,2021,108,10-01-2026,12-01-2026,Elective,108-20,Discharged,FALSE,2
402234,111068,2051,108,25-09-2025,26-09-2025,Elective,108-41,Discharged,FALSE,1
402235,104908,2010,104,07-01-2025,12-01-2025,Emergency,104-30,Discharged,FALSE,5
402236,100283,2042,102,19-02-2025,25-02-2025,Emergency,102-18,Discharged,FALSE,6
402237,100115,2078,105,17-02-2025,21-02-2025,Referral,105-33,Discharged,FALSE,4
402238,103869,2042,102,19-11-2025,21-11-2025,Emergency,102-04,Transferred,FALSE,2
402239,109968,2062,101,25-07-2025,29-07-2025,Elective,101-45,Discharged,TRUE,4
402240,105561,2013,105,19-04-2026,23-04-2026,Elective,105-12,Discharged,FALSE,4
402241,107203,2041,105,12-07-2025,22-07-2025,Elective,105-15,Discharged,TRUE,10
402242,101138,2049,106,13-07-2025,20-07-2025,Elective,106-28,Under Treatment,FALSE,7
402243,109671,2004,101,10-08-2025,13-08-2025,Emergency,101-23,Discharged,FALSE,3
402244,104590,2013,105,24-09-2025,01-10-2025,Elective,105-01,Discharged,FALSE,7
402245,107551,2058,102,04-02-2025,13-02-2025,Referral,102-19,Discharged,FALSE,9
402246,110867,2062,101,22-03-2026,30-03-2026,Elective,101-45,Discharged,FALSE,8
402247,101999,2003,103,13-04-2025,14-04-2025,Elective,103-10,Discharged,FALSE,1
402248,100235,2071,103,10-05-2025,11-05-2025,Elective,103-12,Discharged,FALSE,1
402249,110764,2034,102,09-04-2025,11-04-2025,Emergency,102-48,Discharged,FALSE,2
402250,109487,2011,108,29-08-2025,05-09-2025,Elective,108-15,Discharged,TRUE,7
402251,107701,2012,106,07-05-2025,13-05-2025,Elective,106-19,Discharged,FALSE,6
402252,106454,2065,104,04-06-2026,05-06-2026,Elective,104-08,Discharged,FALSE,1
402253,106494,2079,104,20-10-2025,22-10-2025,Elective,104-05,Discharged,FALSE,2
402254,110304,2028,107,01-03-2026,09-03-2026,Emergency,107-04,Discharged,FALSE,8
402255,102226,2079,104,06-07-2025,09-07-2025,Elective,104-34,Under Treatment,FALSE,3
402256,101798,2049,106,23-04-2026,25-04-2026,Elective,106-41,Transferred,FALSE,2
402257,106438,2030,105,27-04-2026,01-05-2026,Elective,105-16,Discharged,FALSE,4
402258,100612,2056,102,01-05-2025,09-05-2025,Elective,102-22,Discharged,FALSE,8
402259,107388,2011,108,18-12-2025,19-12-2025,Elective,108-16,Discharged,FALSE,1
402260,111145,2074,108,15-01-2026,18-01-2026,Referral,108-35,Discharged,FALSE,3
402261,100337,2080,107,08-02-2025,10-02-2025,Emergency,107-23,Discharged,FALSE,2
402262,100094,2024,108,26-06-2025,01-07-2025,Elective,108-19,Discharged,FALSE,5
402263,106709,2056,102,23-05-2025,24-05-2025,Elective,102-44,Discharged,FALSE,1
402264,109483,2064,108,25-04-2025,29-04-2025,Elective,108-43,Discharged,FALSE,4
402265,109992,2007,106,02-06-2025,05-06-2025,Elective,106-17,Under Treatment,FALSE,3
402266,101987,2013,105,27-08-2025,28-08-2025,Elective,105-23,Discharged,FALSE,1
402267,102894,2013,105,09-01-2026,14-01-2026,Elective,105-44,Discharged,FALSE,5
402268,101135,2027,101,21-04-2026,23-04-2026,Referral,101-08,Transferred,FALSE,2
402269,109728,2002,107,17-02-2025,19-02-2025,Referral,107-33,Discharged,FALSE,2
402270,108850,2024,108,05-11-2025,10-11-2025,Elective,108-41,Discharged,FALSE,5
402271,102653,2077,106,22-01-2025,29-01-2025,Emergency,106-17,Discharged,FALSE,7
402272,104086,2059,104,24-01-2025,26-01-2025,Referral,104-26,Discharged,FALSE,2
402273,107536,2049,106,10-04-2026,13-04-2026,Elective,106-11,Discharged,FALSE,3
402274,107980,2007,106,28-03-2025,06-04-2025,Elective,106-04,Discharged,FALSE,9
402275,109185,2074,108,14-02-2025,16-02-2025,Elective,108-21,Discharged,TRUE,2
402276,110751,2047,102,29-07-2025,01-08-2025,Elective,102-07,Discharged,FALSE,3
402277,106120,2016,107,06-10-2025,07-10-2025,Elective,107-13,Under Treatment,FALSE,1
402278,101180,2059,104,28-01-2025,01-02-2025,Elective,104-02,Discharged,FALSE,4
402279,106791,2025,105,02-03-2025,04-03-2025,Elective,105-06,Transferred,FALSE,2
402280,109685,2068,101,11-12-2025,21-12-2025,Elective,101-28,Discharged,FALSE,10
402281,109256,2066,102,27-03-2026,29-03-2026,Emergency,102-34,Discharged,TRUE,2
402282,103171,2063,108,11-12-2025,17-12-2025,Elective,108-20,Transferred,TRUE,6
402283,106857,2072,107,26-04-2025,02-05-2025,Elective,107-16,Discharged,FALSE,6
402284,108156,2062,101,20-04-2026,23-04-2026,Elective,101-50,Discharged,FALSE,3
402285,108786,2051,108,18-08-2025,21-08-2025,Elective,108-16,Discharged,TRUE,3
402286,101539,2034,102,12-05-2026,15-05-2026,Emergency,102-04,Discharged,FALSE,3
402287,102654,2003,103,26-09-2025,05-10-2025,Elective,103-50,Discharged,FALSE,9
402288,100709,2077,106,25-01-2025,27-01-2025,Referral,106-28,Discharged,FALSE,2
402289,105151,2052,104,16-01-2025,18-01-2025,Elective,104-10,Discharged,FALSE,2
402290,106233,2014,105,24-11-2025,26-11-2025,Elective,105-02,Discharged,FALSE,2
402291,111624,2048,101,06-04-2026,08-04-2026,Emergency,101-35,Discharged,TRUE,2
402292,101367,2064,108,24-01-2025,25-01-2025,Elective,108-39,Transferred,FALSE,1
402293,101353,2070,106,13-05-2026,19-05-2026,Elective,106-05,Discharged,FALSE,6
402294,107710,2026,102,08-02-2026,15-02-2026,Elective,102-10,Discharged,FALSE,7
402295,100817,2014,105,17-04-2026,25-04-2026,Referral,105-14,Discharged,FALSE,8
402296,104050,2059,104,07-07-2025,11-07-2025,Elective,104-47,Discharged,TRUE,4
402297,101249,2013,105,29-05-2025,04-06-2025,Elective,105-07,Discharged,FALSE,6
402298,100086,2080,107,06-07-2025,08-07-2025,Referral,107-28,Discharged,FALSE,2
402299,110428,2041,105,01-05-2026,04-05-2026,Referral,105-04,Discharged,FALSE,3
402300,101615,2021,108,17-12-2025,20-12-2025,Emergency,108-44,Under Treatment,FALSE,3
402301,108755,2040,106,16-08-2025,22-08-2025,Emergency,106-35,Discharged,FALSE,6
402302,107758,2029,102,26-12-2025,28-12-2025,Emergency,102-19,Discharged,FALSE,2
402303,110775,2038,108,23-04-2025,25-04-2025,Referral,108-50,Discharged,FALSE,2
402304,109356,2064,108,20-03-2025,25-03-2025,Emergency,108-05,Discharged,FALSE,5
402305,108309,2034,102,11-11-2025,14-11-2025,Elective,102-03,Discharged,FALSE,3
402306,100222,2063,108,16-03-2026,20-03-2026,Elective,108-02,Discharged,FALSE,4
402307,109552,2076,104,15-05-2026,19-05-2026,Emergency,104-30,Discharged,FALSE,4
402308,101530,2074,108,28-10-2025,02-11-2025,Elective,108-30,Discharged,FALSE,5
402309,100289,2008,105,25-01-2026,30-01-2026,Emergency,105-24,Discharged,FALSE,5
402310,107095,2074,108,01-02-2026,03-02-2026,Elective,108-44,Discharged,FALSE,2
402311,108683,2010,104,22-09-2025,25-09-2025,Elective,104-26,Discharged,FALSE,3
402312,108734,2067,107,12-02-2026,19-02-2026,Emergency,107-13,Discharged,FALSE,7
402313,107467,2020,102,20-03-2026,23-03-2026,Elective,102-14,Discharged,FALSE,3
402314,111466,2035,103,16-03-2025,22-03-2025,Referral,103-39,Discharged,FALSE,6
402315,107101,2018,104,13-03-2026,16-03-2026,Elective,104-42,Discharged,FALSE,3
402316,104453,2057,101,29-06-2025,03-07-2025,Emergency,101-37,Discharged,TRUE,4
402317,111942,2077,106,31-01-2025,02-02-2025,Elective,106-40,Under Treatment,FALSE,2
402318,107610,2060,103,03-05-2026,04-05-2026,Emergency,103-20,Discharged,FALSE,1
402319,100727,2020,102,18-06-2025,22-06-2025,Emergency,102-27,Discharged,FALSE,4
402320,109219,2061,104,16-08-2025,19-08-2025,Referral,104-30,Discharged,FALSE,3
402321,108021,2002,107,26-05-2026,31-05-2026,Elective,107-03,Discharged,FALSE,5
402322,105362,2068,101,21-05-2026,24-05-2026,Elective,101-43,Discharged,FALSE,3
402323,102536,2077,106,12-04-2025,18-04-2025,Elective,106-27,Discharged,FALSE,6
402324,107157,2012,106,25-03-2025,04-04-2025,Emergency,106-39,Discharged,FALSE,10
402325,111866,2040,106,22-08-2025,29-08-2025,Elective,106-03,Discharged,FALSE,7
402326,100864,2001,102,13-06-2026,21-06-2026,Elective,102-50,Discharged,TRUE,8
402327,109995,2027,101,03-05-2025,07-05-2025,Elective,101-44,Discharged,FALSE,4
402328,101666,2070,106,10-03-2025,11-03-2025,Emergency,106-14,Transferred,FALSE,1
402329,104607,2005,106,02-06-2026,03-06-2026,Emergency,106-36,Discharged,TRUE,1
402330,110753,2069,106,29-12-2025,03-01-2026,Emergency,106-43,Discharged,FALSE,5
402331,104734,2079,104,04-05-2025,10-05-2025,Elective,104-18,Discharged,FALSE,6
402332,100595,2002,107,09-01-2025,15-01-2025,Emergency,107-10,Discharged,FALSE,6
402333,111629,2026,102,08-12-2025,09-12-2025,Emergency,102-36,Discharged,FALSE,1
402334,111313,2053,105,22-09-2025,27-09-2025,Elective,105-23,Discharged,FALSE,5
402335,109706,2008,105,04-06-2026,06-06-2026,Elective,105-15,Discharged,FALSE,2
402336,107619,2059,104,01-07-2025,04-07-2025,Referral,104-02,Under Treatment,TRUE,3
402337,100616,2055,106,19-03-2025,25-03-2025,Elective,106-34,Transferred,FALSE,6
402338,110199,2076,104,16-03-2025,18-03-2025,Elective,104-16,Transferred,FALSE,2
402339,110304,2016,107,22-01-2026,23-01-2026,Elective,107-25,Discharged,FALSE,1
402340,103539,2075,104,18-12-2025,19-12-2025,Referral,104-30,Transferred,FALSE,1
402341,101259,2043,108,01-11-2025,04-11-2025,Emergency,108-06,Discharged,FALSE,3
402342,102239,2038,108,07-04-2026,15-04-2026,Emergency,108-31,Discharged,FALSE,8
402343,101988,2025,105,24-01-2026,27-01-2026,Elective,105-14,Under Treatment,FALSE,3
402344,106857,2047,102,02-06-2025,03-06-2025,Elective,102-03,Discharged,FALSE,1
402345,107055,2053,105,22-04-2026,25-04-2026,Elective,105-15,Discharged,FALSE,3
402346,110277,2046,107,26-01-2026,03-02-2026,Referral,107-43,Discharged,FALSE,8
402347,109272,2066,102,05-08-2025,09-08-2025,Elective,102-44,Discharged,FALSE,4
402348,100027,2058,102,19-10-2025,23-10-2025,Referral,102-48,Discharged,FALSE,4
402349,104657,2029,102,02-03-2025,06-03-2025,Emergency,102-40,Under Treatment,TRUE,4
402350,100523,2004,101,28-10-2025,30-10-2025,Elective,101-09,Discharged,FALSE,2
402351,101076,2056,102,28-05-2026,30-05-2026,Elective,102-42,Discharged,FALSE,2
402352,105034,2078,105,29-05-2025,02-06-2025,Elective,105-46,Discharged,FALSE,4
402353,109535,2046,107,16-03-2026,17-03-2026,Emergency,107-33,Discharged,FALSE,1
402354,108338,2062,101,19-01-2025,28-01-2025,Elective,101-13,Discharged,TRUE,9
402355,101912,2002,107,14-02-2026,24-02-2026,Elective,107-19,Discharged,TRUE,10
402356,104140,2008,105,09-01-2025,11-01-2025,Emergency,105-13,Transferred,FALSE,2
402357,111381,2010,104,16-02-2025,23-02-2025,Emergency,104-43,Discharged,FALSE,7
402358,106809,2008,105,11-06-2026,18-06-2026,Elective,105-19,Discharged,FALSE,7
402359,110917,2014,105,15-02-2026,21-02-2026,Emergency,105-36,Transferred,FALSE,6
402360,101947,2001,102,10-09-2025,14-09-2025,Referral,102-19,Discharged,TRUE,4
402361,104150,2035,103,22-08-2025,26-08-2025,Emergency,103-25,Discharged,FALSE,4
402362,111373,2044,106,28-11-2025,08-12-2025,Elective,106-29,Transferred,FALSE,10
402363,106728,2080,107,21-05-2025,22-05-2025,Emergency,107-48,Discharged,FALSE,1
402364,111232,2070,106,12-09-2025,20-09-2025,Elective,106-05,Discharged,FALSE,8
402365,109822,2063,108,12-11-2025,16-11-2025,Emergency,108-43,Transferred,FALSE,4
402366,100161,2069,106,23-03-2026,25-03-2026,Elective,106-03,Discharged,FALSE,2
402367,111791,2007,106,15-01-2025,22-01-2025,Emergency,106-16,Discharged,FALSE,7
402368,108962,2030,105,24-08-2025,26-08-2025,Elective,105-27,Discharged,FALSE,2
402369,108274,2076,104,24-04-2025,25-04-2025,Elective,104-32,Discharged,FALSE,1
402370,105915,2017,106,09-04-2026,11-04-2026,Elective,106-39,Discharged,TRUE,2
402371,106044,2070,106,01-06-2026,02-06-2026,Elective,106-03,Discharged,FALSE,1
402372,100435,2010,104,02-09-2025,03-09-2025,Elective,104-30,Discharged,FALSE,1
402373,111248,2035,103,12-03-2025,16-03-2025,Emergency,103-41,Transferred,FALSE,4
402374,100795,2044,106,31-10-2025,05-11-2025,Elective,106-24,Discharged,FALSE,5
402375,102224,2023,108,01-11-2025,09-11-2025,Elective,108-09,Discharged,FALSE,8
402376,103551,2026,102,03-02-2025,07-02-2025,Emergency,102-12,Discharged,FALSE,4
402377,108609,2074,108,04-04-2026,10-04-2026,Emergency,108-29,Discharged,TRUE,6
402378,101662,2073,101,26-04-2026,27-04-2026,Elective,101-14,Transferred,TRUE,1
402379,101185,2044,106,19-10-2025,22-10-2025,Elective,106-08,Transferred,FALSE,3
402380,108428,2076,104,30-12-2025,01-01-2026,Emergency,104-21,Discharged,FALSE,2
402381,104744,2063,108,28-03-2026,05-04-2026,Elective,108-07,Discharged,FALSE,8
402382,100228,2002,107,04-12-2025,13-12-2025,Emergency,107-05,Discharged,FALSE,9
402383,100930,2019,101,26-08-2025,29-08-2025,Elective,101-30,Under Treatment,FALSE,3
402384,107374,2053,105,24-05-2026,29-05-2026,Elective,105-20,Discharged,FALSE,5
402385,100235,2006,106,02-03-2025,06-03-2025,Emergency,106-05,Discharged,FALSE,4
402386,110046,2007,106,10-08-2025,12-08-2025,Elective,106-19,Discharged,FALSE,2
402387,105739,2034,102,28-01-2026,08-02-2026,Elective,102-23,Under Treatment,FALSE,11
402388,100463,2018,104,16-08-2025,19-08-2025,Referral,104-45,Discharged,FALSE,3
402389,101796,2080,107,07-02-2025,09-02-2025,Elective,107-19,Discharged,FALSE,2
402390,102722,2005,106,07-07-2025,10-07-2025,Referral,106-05,Discharged,FALSE,3
402391,100593,2002,107,22-11-2025,25-11-2025,Emergency,107-44,Discharged,FALSE,3
402392,103300,2011,108,21-05-2026,24-05-2026,Elective,108-17,Discharged,FALSE,3
402393,106160,2035,103,31-07-2025,06-08-2025,Elective,103-28,Discharged,FALSE,6
402394,102665,2052,104,19-05-2026,22-05-2026,Elective,104-09,Discharged,FALSE,3
402395,105644,2004,101,01-03-2025,07-03-2025,Emergency,101-46,Discharged,FALSE,6
402396,105279,2045,107,22-06-2025,30-06-2025,Elective,107-14,Discharged,FALSE,8
402397,110900,2001,102,30-07-2025,05-08-2025,Elective,102-19,Discharged,FALSE,6
402398,101767,2065,104,18-02-2026,22-02-2026,Emergency,104-09,Discharged,FALSE,4
402399,102736,2032,101,16-06-2025,28-06-2025,Elective,101-01,Under Treatment,FALSE,12
402400,108134,2017,106,21-10-2025,25-10-2025,Emergency,106-25,Discharged,TRUE,4
402401,109506,2069,106,17-03-2026,18-03-2026,Elective,106-03,Discharged,TRUE,1
402402,107863,2022,101,19-01-2026,24-01-2026,Emergency,101-08,Discharged,FALSE,5
402403,108863,2054,102,13-02-2025,15-02-2025,Emergency,102-43,Discharged,FALSE,2
402404,108039,2060,103,28-01-2026,31-01-2026,Referral,103-14,Discharged,FALSE,3
402405,109768,2073,101,03-01-2026,05-01-2026,Emergency,101-37,Discharged,FALSE,2
402406,110062,2005,106,26-05-2026,29-05-2026,Referral,106-50,Discharged,FALSE,3
402407,107649,2028,107,19-06-2025,20-06-2025,Elective,107-02,Discharged,FALSE,1
402408,108969,2028,107,17-04-2026,21-04-2026,Elective,107-18,Discharged,FALSE,4
402409,110165,2023,108,30-04-2025,10-05-2025,Elective,108-40,Transferred,FALSE,10
402410,108863,2023,108,10-03-2026,15-03-2026,Elective,108-26,Discharged,FALSE,5
402411,104482,2007,106,03-03-2025,16-03-2025,Emergency,106-34,Discharged,FALSE,13
402412,101406,2048,101,07-12-2025,10-12-2025,Referral,101-07,Discharged,FALSE,3
402413,108710,2062,101,30-09-2025,02-10-2025,Elective,101-18,Discharged,FALSE,2
402414,103477,2075,104,04-01-2026,07-01-2026,Elective,104-12,Discharged,FALSE,3
402415,105920,2079,104,10-06-2026,17-06-2026,Elective,104-33,Discharged,TRUE,7
402416,100234,2068,101,31-08-2025,08-09-2025,Elective,101-33,Under Treatment,FALSE,8
402417,100083,2035,103,06-06-2026,09-06-2026,Emergency,103-25,Discharged,FALSE,3
402418,106427,2012,106,16-06-2026,21-06-2026,Elective,106-08,Discharged,FALSE,5
402419,110108,2004,101,06-11-2025,09-11-2025,Elective,101-29,Discharged,FALSE,3
402420,111935,2044,106,18-09-2025,20-09-2025,Emergency,106-10,Discharged,FALSE,2
402421,103630,2045,107,26-01-2026,27-01-2026,Emergency,107-47,Transferred,FALSE,1
402422,107268,2054,102,01-01-2026,04-01-2026,Emergency,102-35,Discharged,FALSE,3
402423,106308,2026,102,19-04-2026,20-04-2026,Elective,102-05,Discharged,FALSE,1
402424,108345,2022,101,01-03-2025,05-03-2025,Emergency,101-13,Discharged,FALSE,4
402425,102135,2065,104,04-03-2026,05-03-2026,Emergency,104-35,Discharged,FALSE,1
402426,100170,2078,105,25-06-2025,27-06-2025,Referral,105-47,Discharged,FALSE,2
402427,103990,2030,105,28-09-2025,29-09-2025,Elective,105-13,Discharged,FALSE,1
402428,108507,2052,104,11-06-2025,17-06-2025,Emergency,104-44,Discharged,FALSE,6
402429,108831,2033,105,11-04-2025,13-04-2025,Elective,105-13,Discharged,FALSE,2
402430,106975,2014,105,02-05-2026,03-05-2026,Elective,105-01,Discharged,FALSE,1
402431,105709,2076,104,19-05-2025,27-05-2025,Elective,104-02,Discharged,FALSE,8
402432,108602,2056,102,21-08-2025,24-08-2025,Elective,102-41,Discharged,FALSE,3
402433,104465,2023,108,02-10-2025,05-10-2025,Elective,108-04,Discharged,FALSE,3
402434,111770,2069,106,29-07-2025,01-08-2025,Emergency,106-24,Discharged,FALSE,3
402435,100886,2054,102,03-11-2025,17-11-2025,Referral,102-16,Transferred,FALSE,14
402436,103294,2003,103,30-03-2026,03-04-2026,Referral,103-03,Discharged,FALSE,4
402437,101815,2053,105,11-10-2025,16-10-2025,Elective,105-25,Discharged,FALSE,5
402438,100576,2068,101,29-05-2026,05-06-2026,Elective,101-09,Discharged,FALSE,7
402439,111348,2080,107,31-08-2025,01-09-2025,Emergency,107-29,Discharged,FALSE,1
402440,103534,2017,106,11-04-2025,21-04-2025,Emergency,106-14,Discharged,TRUE,10
402441,104791,2052,104,19-10-2025,20-10-2025,Referral,104-09,Discharged,TRUE,1
402442,108156,2016,107,09-10-2025,11-10-2025,Elective,107-38,Discharged,FALSE,2
402443,103212,2059,104,01-05-2026,06-05-2026,Emergency,104-24,Discharged,FALSE,5
402444,103145,2080,107,05-04-2026,16-04-2026,Emergency,107-18,Discharged,FALSE,11
402445,101970,2025,105,26-08-2025,28-08-2025,Emergency,105-14,Discharged,FALSE,2
402446,102452,2069,106,22-01-2025,31-01-2025,Elective,106-14,Discharged,FALSE,9
402447,100871,2058,102,03-04-2025,05-04-2025,Emergency,102-02,Discharged,FALSE,2
402448,101634,2059,104,29-05-2025,01-06-2025,Elective,104-05,Discharged,FALSE,3
402449,111178,2005,106,24-09-2025,26-09-2025,Elective,106-21,Discharged,FALSE,2
402450,108039,2058,102,14-09-2025,16-09-2025,Elective,102-20,Discharged,FALSE,2
402451,102234,2071,103,01-02-2025,03-02-2025,Emergency,103-41,Under Treatment,FALSE,2
402452,100514,2029,102,24-10-2025,27-10-2025,Referral,102-18,Discharged,FALSE,3
402453,107432,2043,108,22-12-2025,30-12-2025,Elective,108-06,Discharged,FALSE,8
402454,101839,2017,106,18-09-2025,26-09-2025,Elective,106-50,Discharged,FALSE,8
402455,107678,2011,108,27-03-2026,29-03-2026,Referral,108-05,Discharged,FALSE,2
402456,105323,2020,102,27-09-2025,03-10-2025,Elective,102-08,Discharged,FALSE,6
402457,100221,2028,107,13-06-2026,17-06-2026,Elective,107-29,Discharged,FALSE,4
402458,100892,2035,103,14-02-2025,20-02-2025,Emergency,103-23,Discharged,FALSE,6
402459,102334,2012,106,13-06-2026,15-06-2026,Referral,106-33,Discharged,FALSE,2
402460,101838,2033,105,11-03-2025,14-03-2025,Elective,105-09,Discharged,FALSE,3
402461,101853,2073,101,07-04-2026,10-04-2026,Elective,101-11,Discharged,FALSE,3
402462,103628,2010,104,21-03-2026,25-03-2026,Referral,104-04,Discharged,FALSE,4
402463,105840,2002,107,22-03-2025,23-03-2025,Elective,107-11,Discharged,FALSE,1
402464,108974,2015,103,07-01-2026,13-01-2026,Emergency,103-04,Discharged,FALSE,6
402465,107943,2014,105,24-02-2026,01-03-2026,Elective,105-37,Discharged,FALSE,5
402466,104456,2036,102,01-11-2025,06-11-2025,Elective,102-46,Discharged,FALSE,5
402467,107019,2002,107,10-06-2026,15-06-2026,Emergency,107-15,Discharged,FALSE,5
402468,107132,2062,101,22-05-2025,23-05-2025,Emergency,101-15,Discharged,FALSE,1
402469,108962,2035,103,14-02-2025,18-02-2025,Emergency,103-06,Discharged,FALSE,4
402470,102060,2022,101,19-06-2025,22-06-2025,Referral,101-34,Transferred,FALSE,3
402471,108651,2037,105,14-12-2025,22-12-2025,Elective,105-46,Discharged,FALSE,8
402472,111228,2021,108,16-03-2026,25-03-2026,Referral,108-18,Discharged,FALSE,9
402473,101161,2032,101,06-01-2026,09-01-2026,Emergency,101-12,Discharged,FALSE,3
402474,108023,2070,106,15-03-2025,19-03-2025,Emergency,106-03,Discharged,FALSE,4
402475,103779,2069,106,12-06-2026,15-06-2026,Emergency,106-36,Discharged,FALSE,3
402476,103519,2047,102,22-03-2026,23-03-2026,Elective,102-13,Discharged,TRUE,1
402477,103948,2026,102,27-01-2025,29-01-2025,Elective,102-34,Discharged,FALSE,2
402478,109149,2020,102,13-02-2026,18-02-2026,Referral,102-39,Discharged,FALSE,5
402479,109789,2051,108,29-03-2026,03-04-2026,Elective,108-45,Discharged,FALSE,5
402480,104288,2065,104,18-03-2026,19-03-2026,Emergency,104-01,Discharged,TRUE,1
402481,104642,2030,105,23-01-2025,29-01-2025,Elective,105-38,Discharged,FALSE,6
402482,107018,2073,101,28-08-2025,02-09-2025,Elective,101-49,Discharged,TRUE,5
402483,102416,2010,104,05-09-2025,10-09-2025,Emergency,104-09,Discharged,FALSE,5
402484,105345,2014,105,12-03-2026,17-03-2026,Elective,105-06,Discharged,FALSE,5
402485,107841,2020,102,21-12-2025,23-12-2025,Emergency,102-12,Discharged,FALSE,2
402486,110977,2003,103,02-01-2026,05-01-2026,Referral,103-32,Discharged,FALSE,3
402487,110410,2028,107,01-02-2025,03-02-2025,Elective,107-22,Discharged,FALSE,2
402488,107997,2019,101,11-08-2025,19-08-2025,Elective,101-43,Discharged,TRUE,8
402489,100746,2040,106,27-02-2025,03-03-2025,Emergency,106-23,Under Treatment,FALSE,4
402490,105581,2073,101,25-01-2026,30-01-2026,Elective,101-07,Discharged,FALSE,5
402491,109151,2075,104,28-01-2026,09-02-2026,Referral,104-26,Discharged,FALSE,12
402492,104040,2076,104,26-12-2025,27-12-2025,Referral,104-12,Transferred,FALSE,1
402493,110881,2035,103,09-11-2025,11-11-2025,Emergency,103-30,Discharged,FALSE,2
402494,103774,2065,104,09-03-2025,11-03-2025,Referral,104-31,Transferred,FALSE,2
402495,102197,2044,106,19-05-2026,22-05-2026,Elective,106-11,Discharged,FALSE,3
402496,102159,2063,108,19-01-2025,20-01-2025,Elective,108-47,Discharged,FALSE,1
402497,110421,2068,101,26-05-2026,29-05-2026,Elective,101-17,Discharged,FALSE,3
402498,110340,2037,105,14-04-2026,17-04-2026,Referral,105-46,Discharged,FALSE,3
402499,100392,2016,107,07-05-2025,09-05-2025,Elective,107-08,Transferred,FALSE,2
402500,104250,2027,101,12-05-2026,17-05-2026,Elective,101-49,Discharged,FALSE,5
402501,104841,2067,107,27-01-2025,28-01-2025,Elective,107-27,Under Treatment,FALSE,1
402502,105515,2034,102,15-12-2025,20-12-2025,Elective,102-09,Transferred,FALSE,5
402503,106708,2053,105,20-04-2026,23-04-2026,Emergency,105-23,Under Treatment,FALSE,3
402504,103193,2041,105,25-05-2025,28-05-2025,Elective,105-01,Discharged,FALSE,3
402505,111553,2060,103,19-03-2025,02-04-2025,Referral,103-23,Discharged,FALSE,14
402506,104489,2020,102,20-01-2025,23-01-2025,Emergency,102-14,Discharged,TRUE,3
402507,109022,2061,104,22-03-2026,25-03-2026,Elective,104-19,Discharged,TRUE,3
402508,100961,2024,108,11-09-2025,17-09-2025,Emergency,108-16,Discharged,FALSE,6
402509,111905,2035,103,20-12-2025,24-12-2025,Emergency,103-19,Discharged,FALSE,4
402510,111907,2042,102,08-03-2025,11-03-2025,Elective,102-28,Discharged,FALSE,3
402511,103245,2026,102,13-08-2025,16-08-2025,Referral,102-33,Discharged,FALSE,3
402512,106885,2032,101,23-05-2025,28-05-2025,Emergency,101-16,Discharged,FALSE,5
402513,104546,2075,104,14-02-2025,17-02-2025,Emergency,104-23,Discharged,FALSE,3
402514,102186,2054,102,17-12-2025,18-12-2025,Elective,102-02,Discharged,TRUE,1
402515,109375,2070,106,10-03-2025,12-03-2025,Emergency,106-18,Discharged,FALSE,2
402516,102319,2022,101,20-03-2025,21-03-2025,Elective,101-50,Discharged,FALSE,1
402517,109249,2043,108,02-06-2025,04-06-2025,Emergency,108-15,Transferred,FALSE,2
402518,107817,2060,103,03-05-2025,06-05-2025,Elective,103-32,Discharged,FALSE,3
402519,110325,2004,101,08-06-2025,16-06-2025,Elective,101-13,Discharged,TRUE,8
402520,100434,2019,101,07-01-2025,14-01-2025,Elective,101-20,Discharged,FALSE,7
402521,108449,2040,106,01-03-2026,05-03-2026,Elective,106-47,Discharged,FALSE,4
402522,106257,2065,104,07-03-2026,08-03-2026,Elective,104-08,Discharged,FALSE,1
402523,111823,2020,102,08-10-2025,14-10-2025,Emergency,102-07,Discharged,FALSE,6
402524,100126,2050,101,25-02-2026,02-03-2026,Elective,101-38,Discharged,FALSE,5
402525,101510,2049,106,16-11-2025,23-11-2025,Elective,106-19,Discharged,FALSE,7
402526,105838,2006,106,26-08-2025,29-08-2025,Emergency,106-34,Discharged,FALSE,3
402527,110982,2037,105,30-08-2025,01-09-2025,Elective,105-23,Discharged,FALSE,2
402528,100685,2016,107,24-04-2025,28-04-2025,Emergency,107-42,Discharged,TRUE,4
402529,104389,2050,101,23-02-2026,27-02-2026,Elective,101-39,Discharged,FALSE,4
402530,104758,2021,108,03-01-2025,04-01-2025,Referral,108-44,Discharged,FALSE,1
402531,103071,2058,102,31-05-2026,02-06-2026,Elective,102-31,Under Treatment,FALSE,2
402532,100477,2051,108,26-06-2025,27-06-2025,Emergency,108-39,Discharged,FALSE,1
402533,109591,2078,105,05-10-2025,07-10-2025,Emergency,105-09,Discharged,FALSE,2
402534,111747,2012,106,05-09-2025,06-09-2025,Emergency,106-10,Discharged,FALSE,1
402535,109502,2027,101,18-03-2025,19-03-2025,Elective,101-43,Discharged,FALSE,1
402536,110153,2079,104,05-06-2026,06-06-2026,Emergency,104-27,Discharged,FALSE,1
402537,100843,2054,102,10-03-2026,13-03-2026,Elective,102-13,Discharged,FALSE,3
402538,108482,2060,103,11-01-2026,12-01-2026,Elective,103-15,Discharged,FALSE,1
402539,109460,2068,101,16-06-2026,18-06-2026,Elective,101-49,Discharged,FALSE,2
402540,110853,2007,106,06-03-2026,09-03-2026,Emergency,106-17,Discharged,FALSE,3
402541,106296,2052,104,15-07-2025,23-07-2025,Emergency,104-19,Discharged,FALSE,8
402542,103173,2040,106,01-04-2025,04-04-2025,Emergency,106-47,Discharged,FALSE,3
402543,102105,2057,101,30-04-2026,03-05-2026,Referral,101-38,Discharged,FALSE,3
402544,101139,2042,102,28-05-2026,01-06-2026,Referral,102-08,Discharged,FALSE,4
402545,108615,2010,104,24-06-2025,28-06-2025,Referral,104-50,Discharged,TRUE,4
402546,103643,2056,102,28-02-2026,01-03-2026,Elective,102-13,Discharged,FALSE,1
402547,105197,2073,101,20-03-2025,24-03-2025,Referral,101-11,Discharged,FALSE,4
402548,101078,2030,105,30-06-2025,06-07-2025,Emergency,105-14,Discharged,FALSE,6
402549,100421,2014,105,17-01-2026,19-01-2026,Referral,105-30,Discharged,TRUE,2
402550,100887,2074,108,19-10-2025,22-10-2025,Elective,108-34,Discharged,FALSE,3
402551,107300,2080,107,09-03-2025,13-03-2025,Emergency,107-09,Discharged,FALSE,4
402552,101933,2002,107,17-01-2025,21-01-2025,Emergency,107-34,Discharged,FALSE,4
402553,109241,2072,107,23-02-2025,26-02-2025,Elective,107-03,Discharged,FALSE,3
402554,103862,2020,102,09-04-2026,11-04-2026,Emergency,102-36,Discharged,FALSE,2
402555,102647,2078,105,01-07-2025,14-07-2025,Elective,105-41,Discharged,FALSE,13
402556,110696,2061,104,01-05-2025,05-05-2025,Elective,104-23,Discharged,FALSE,4
402557,108821,2080,107,06-02-2025,09-02-2025,Emergency,107-15,Discharged,FALSE,3
402558,105867,2039,108,21-11-2025,25-11-2025,Elective,108-21,Discharged,FALSE,4
402559,103353,2064,108,07-06-2025,08-06-2025,Emergency,108-22,Discharged,FALSE,1
402560,108576,2020,102,04-03-2025,05-03-2025,Elective,102-30,Under Treatment,FALSE,1
402561,105213,2061,104,19-08-2025,21-08-2025,Emergency,104-34,Discharged,FALSE,2
402562,108358,2050,101,22-04-2025,13-05-2025,Elective,101-31,Discharged,FALSE,21
402563,102137,2016,107,24-11-2025,25-11-2025,Elective,107-33,Transferred,FALSE,1
402564,111360,2029,102,28-03-2025,30-03-2025,Elective,102-21,Discharged,FALSE,2
402565,101229,2028,107,13-08-2025,23-08-2025,Referral,107-38,Discharged,FALSE,10
402566,106461,2027,101,09-02-2026,10-02-2026,Referral,101-49,Discharged,FALSE,1
402567,102039,2070,106,02-11-2025,05-11-2025,Referral,106-32,Discharged,FALSE,3
402568,111776,2037,105,28-05-2026,30-05-2026,Emergency,105-22,Discharged,FALSE,2
402569,110509,2051,108,26-03-2025,30-03-2025,Emergency,108-29,Discharged,FALSE,4
402570,105955,2067,107,20-12-2025,21-12-2025,Referral,107-13,Discharged,FALSE,1
402571,103569,2005,106,04-04-2026,07-04-2026,Elective,106-30,Discharged,FALSE,3
402572,106932,2003,103,25-03-2026,26-03-2026,Emergency,103-21,Transferred,FALSE,1
402573,103454,2059,104,19-04-2026,20-04-2026,Elective,104-23,Discharged,TRUE,1
402574,109841,2050,101,20-12-2025,01-01-2026,Elective,101-32,Discharged,FALSE,12
402575,110639,2039,108,09-01-2026,10-01-2026,Elective,108-42,Transferred,FALSE,1
402576,102785,2060,103,26-05-2026,27-05-2026,Emergency,103-02,Discharged,FALSE,1
402577,110742,2067,107,30-03-2026,02-04-2026,Elective,107-04,Transferred,FALSE,3
402578,109406,2018,104,23-01-2026,26-01-2026,Elective,104-33,Discharged,FALSE,3
402579,107961,2009,105,20-09-2025,23-09-2025,Referral,105-12,Under Treatment,FALSE,3
402580,106517,2036,102,27-05-2026,31-05-2026,Referral,102-12,Discharged,FALSE,4
402581,110032,2063,108,10-05-2025,13-05-2025,Elective,108-17,Discharged,FALSE,3
402582,102896,2076,104,20-05-2026,21-05-2026,Elective,104-25,Discharged,FALSE,1
402583,110002,2073,101,26-03-2026,27-03-2026,Emergency,101-32,Discharged,FALSE,1
402584,101308,2032,101,03-06-2026,10-06-2026,Elective,101-01,Discharged,FALSE,7
402585,111690,2025,105,26-03-2026,31-03-2026,Elective,105-24,Discharged,FALSE,5
402586,110874,2036,102,25-11-2025,27-11-2025,Elective,102-05,Discharged,FALSE,2
402587,100347,2036,102,18-04-2026,19-04-2026,Elective,102-39,Discharged,FALSE,1
402588,111449,2036,102,16-05-2025,18-05-2025,Elective,102-37,Discharged,TRUE,2
402589,108241,2038,108,18-02-2025,24-02-2025,Elective,108-01,Discharged,FALSE,6
402590,102597,2066,102,13-03-2025,18-03-2025,Elective,102-29,Discharged,FALSE,5
402591,107470,2054,102,15-06-2025,20-06-2025,Referral,102-09,Discharged,FALSE,5
402592,110451,2074,108,18-01-2026,22-01-2026,Referral,108-20,Discharged,FALSE,4
402593,109212,2028,107,03-01-2025,08-01-2025,Elective,107-37,Discharged,TRUE,5
402594,111951,2016,107,13-06-2025,21-06-2025,Elective,107-39,Discharged,FALSE,8
402595,102822,2005,106,19-06-2026,01-07-2026,Elective,106-26,Discharged,FALSE,12
402596,108604,2053,105,02-09-2025,10-09-2025,Elective,105-06,Transferred,FALSE,8
402597,109458,2077,106,18-07-2025,19-07-2025,Emergency,106-41,Discharged,FALSE,1
402598,107319,2065,104,21-10-2025,26-10-2025,Emergency,104-17,Discharged,FALSE,5
402599,102930,2053,105,14-05-2025,18-05-2025,Emergency,105-20,Discharged,FALSE,4
402600,105868,2064,108,30-03-2025,01-04-2025,Referral,108-17,Discharged,TRUE,2
402601,101808,2058,102,11-06-2026,14-06-2026,Elective,102-27,Discharged,TRUE,3
402602,111448,2045,107,27-10-2025,05-11-2025,Emergency,107-09,Discharged,FALSE,9
402603,105713,2073,101,07-05-2026,10-05-2026,Elective,101-22,Discharged,FALSE,3
402604,103428,2067,107,17-02-2026,21-02-2026,Referral,107-23,Discharged,FALSE,4
402605,108222,2079,104,02-05-2026,06-05-2026,Elective,104-38,Discharged,FALSE,4
402606,110311,2029,102,13-04-2026,16-04-2026,Emergency,102-43,Discharged,FALSE,3
402607,100131,2080,107,14-12-2025,21-12-2025,Elective,107-04,Discharged,FALSE,7
402608,107891,2012,106,25-03-2026,03-04-2026,Elective,106-44,Discharged,FALSE,9
402609,102616,2013,105,06-02-2025,10-02-2025,Referral,105-37,Under Treatment,FALSE,4
402610,107427,2056,102,05-08-2025,10-08-2025,Referral,102-38,Discharged,FALSE,5
402611,100266,2062,101,09-04-2025,19-04-2025,Emergency,101-39,Discharged,FALSE,10
402612,107649,2057,101,18-07-2025,24-07-2025,Elective,101-22,Discharged,FALSE,6
402613,103491,2054,102,22-03-2026,27-03-2026,Elective,102-47,Discharged,FALSE,5
402614,104695,2001,102,26-08-2025,31-08-2025,Referral,102-10,Discharged,TRUE,5
402615,111096,2036,102,23-07-2025,24-07-2025,Elective,102-49,Discharged,TRUE,1
402616,110435,2069,106,20-12-2025,25-12-2025,Referral,106-07,Discharged,TRUE,5
402617,109666,2028,107,10-01-2025,11-01-2025,Emergency,107-34,Discharged,FALSE,1
402618,107036,2053,105,10-01-2026,12-01-2026,Elective,105-21,Discharged,FALSE,2
402619,103274,2018,104,18-06-2025,21-06-2025,Elective,104-04,Discharged,FALSE,3
402620,100913,2010,104,02-02-2025,04-02-2025,Emergency,104-36,Discharged,FALSE,2
402621,106813,2053,105,26-12-2025,28-12-2025,Referral,105-04,Discharged,FALSE,2
402622,111125,2008,105,11-06-2025,21-06-2025,Elective,105-15,Discharged,FALSE,10
402623,105171,2072,107,22-12-2025,23-12-2025,Elective,107-14,Discharged,FALSE,1
402624,107534,2017,106,10-02-2026,11-02-2026,Elective,106-34,Discharged,FALSE,1
402625,101672,2014,105,14-04-2026,22-04-2026,Emergency,105-27,Discharged,FALSE,8
402626,111816,2069,106,19-06-2026,22-06-2026,Referral,106-40,Under Treatment,FALSE,3
402627,100176,2078,105,08-01-2025,15-01-2025,Emergency,105-18,Discharged,FALSE,7
402628,111001,2029,102,15-09-2025,20-09-2025,Elective,102-48,Discharged,FALSE,5
402629,109689,2042,102,16-06-2026,22-06-2026,Emergency,102-35,Discharged,TRUE,6
402630,100770,2028,107,07-01-2025,20-01-2025,Elective,107-30,Discharged,FALSE,13
402631,109958,2034,102,04-12-2025,10-12-2025,Emergency,102-45,Discharged,TRUE,6
402632,107333,2002,107,29-04-2026,07-05-2026,Referral,107-38,Discharged,FALSE,8
402633,109558,2030,105,21-02-2026,25-02-2026,Elective,105-14,Discharged,FALSE,4
402634,101073,2014,105,30-05-2026,03-06-2026,Elective,105-02,Transferred,FALSE,4
402635,110691,2073,101,03-11-2025,05-11-2025,Emergency,101-18,Under Treatment,FALSE,2
402636,110264,2014,105,11-05-2026,13-05-2026,Emergency,105-44,Discharged,FALSE,2
402637,108456,2034,102,25-12-2025,27-12-2025,Elective,102-09,Discharged,FALSE,2
402638,106620,2066,102,14-05-2026,15-05-2026,Emergency,102-50,Under Treatment,TRUE,1
402639,108475,2064,108,11-03-2025,13-03-2025,Elective,108-01,Discharged,FALSE,2
402640,103400,2042,102,22-11-2025,27-11-2025,Emergency,102-23,Discharged,FALSE,5
402641,106354,2025,105,19-11-2025,22-11-2025,Emergency,105-04,Discharged,FALSE,3
402642,106651,2020,102,01-04-2026,06-04-2026,Elective,102-34,Transferred,FALSE,5
402643,105514,2063,108,17-03-2026,20-03-2026,Elective,108-33,Discharged,FALSE,3
402644,102567,2076,104,29-04-2026,02-05-2026,Elective,104-31,Discharged,FALSE,3
402645,105254,2041,105,12-04-2026,17-04-2026,Elective,105-23,Discharged,FALSE,5
402646,111107,2026,102,16-07-2025,19-07-2025,Elective,102-33,Discharged,TRUE,3
402647,109765,2013,105,22-09-2025,24-09-2025,Referral,105-41,Discharged,FALSE,2
402648,109544,2038,108,10-05-2026,12-05-2026,Elective,108-45,Transferred,FALSE,2
402649,102269,2032,101,26-09-2025,27-09-2025,Emergency,101-09,Discharged,TRUE,1
402650,111062,2008,105,08-11-2025,15-11-2025,Elective,105-34,Discharged,FALSE,7
402651,103160,2009,105,20-04-2025,23-04-2025,Emergency,105-35,Under Treatment,FALSE,3
402652,107601,2043,108,15-08-2025,21-08-2025,Elective,108-29,Discharged,FALSE,6
402653,111901,2036,102,24-05-2025,27-05-2025,Elective,102-32,Discharged,FALSE,3
402654,106827,2044,106,01-04-2026,06-04-2026,Emergency,106-24,Discharged,FALSE,5
402655,109172,2017,106,07-09-2025,15-09-2025,Elective,106-08,Discharged,TRUE,8
402656,101869,2037,105,14-04-2026,15-04-2026,Elective,105-08,Discharged,FALSE,1
402657,109705,2063,108,08-03-2025,10-03-2025,Elective,108-25,Discharged,FALSE,2
402658,103123,2018,104,26-08-2025,30-08-2025,Emergency,104-06,Discharged,FALSE,4
402659,100250,2032,101,17-05-2026,20-05-2026,Referral,101-48,Discharged,FALSE,3
402660,108410,2071,103,13-04-2025,20-04-2025,Elective,103-30,Discharged,FALSE,7
402661,107135,2039,108,09-06-2026,10-06-2026,Referral,108-30,Discharged,FALSE,1
402662,101681,2058,102,21-11-2025,22-11-2025,Referral,102-16,Discharged,FALSE,1
402663,107373,2050,101,05-03-2025,09-03-2025,Emergency,101-44,Discharged,FALSE,4
402664,111220,2065,104,20-10-2025,25-10-2025,Elective,104-09,Discharged,FALSE,5
402665,109931,2079,104,14-03-2026,16-03-2026,Elective,104-07,Discharged,FALSE,2
402666,100788,2064,108,17-01-2025,20-01-2025,Referral,108-39,Discharged,FALSE,3
402667,104326,2016,107,10-12-2025,14-12-2025,Referral,107-31,Discharged,FALSE,4
402668,104845,2072,107,16-01-2025,18-01-2025,Elective,107-48,Discharged,FALSE,2
402669,111473,2027,101,26-10-2025,30-10-2025,Elective,101-10,Discharged,FALSE,4
402670,108728,2054,102,13-08-2025,17-08-2025,Emergency,102-27,Transferred,FALSE,4
402671,111053,2054,102,13-08-2025,18-08-2025,Elective,102-12,Discharged,FALSE,5
402672,108573,2052,104,15-02-2025,19-02-2025,Elective,104-25,Discharged,FALSE,4
402673,111838,2078,105,02-01-2025,05-01-2025,Elective,105-23,Discharged,FALSE,3
402674,111124,2033,105,09-04-2026,12-04-2026,Elective,105-09,Discharged,FALSE,3
402675,106693,2008,105,27-03-2026,31-03-2026,Elective,105-20,Discharged,FALSE,4
402676,100150,2025,105,14-05-2025,17-05-2025,Elective,105-22,Discharged,FALSE,3
402677,108411,2009,105,23-06-2025,26-06-2025,Elective,105-22,Discharged,FALSE,3
402678,102577,2017,106,03-06-2025,05-06-2025,Elective,106-45,Discharged,FALSE,2
402679,103872,2072,107,12-02-2026,16-02-2026,Elective,107-36,Discharged,FALSE,4
402680,104749,2041,105,05-10-2025,09-10-2025,Elective,105-39,Discharged,TRUE,4
402681,110591,2061,104,21-01-2025,22-01-2025,Elective,104-43,Discharged,FALSE,1
402682,108761,2019,101,09-05-2025,11-05-2025,Emergency,101-01,Discharged,FALSE,2
402683,103454,2056,102,04-01-2026,12-01-2026,Emergency,102-49,Discharged,TRUE,8
402684,100883,2052,104,17-12-2025,22-12-2025,Elective,104-16,Discharged,FALSE,5
402685,104064,2022,101,03-08-2025,09-08-2025,Elective,101-17,Discharged,TRUE,6
402686,103842,2016,107,28-08-2025,29-08-2025,Emergency,107-16,Discharged,FALSE,1
402687,104481,2029,102,05-01-2025,06-01-2025,Emergency,102-40,Discharged,FALSE,1
402688,109716,2079,104,26-03-2026,29-03-2026,Elective,104-22,Discharged,FALSE,3
402689,104883,2061,104,26-03-2026,28-03-2026,Elective,104-41,Discharged,TRUE,2
402690,103140,2046,107,13-08-2025,15-08-2025,Elective,107-40,Discharged,FALSE,2
402691,104355,2038,108,05-01-2025,08-01-2025,Emergency,108-26,Discharged,FALSE,3
402692,111402,2043,108,16-05-2025,18-05-2025,Elective,108-17,Discharged,FALSE,2
402693,106487,2008,105,09-04-2026,13-04-2026,Emergency,105-12,Discharged,FALSE,4
402694,109248,2002,107,15-04-2025,16-04-2025,Elective,107-27,Discharged,FALSE,1
402695,103319,2040,106,26-12-2025,07-01-2026,Emergency,106-37,Discharged,FALSE,12
402696,105655,2013,105,05-04-2025,15-04-2025,Elective,105-15,Discharged,FALSE,10
402697,106454,2054,102,17-02-2025,19-02-2025,Emergency,102-15,Discharged,FALSE,2
402698,100014,2037,105,07-11-2025,11-11-2025,Emergency,105-26,Discharged,FALSE,4
402699,111413,2035,103,11-05-2026,13-05-2026,Referral,103-15,Discharged,FALSE,2
402700,110038,2024,108,04-01-2025,05-01-2025,Elective,108-35,Discharged,FALSE,1
402701,111119,2033,105,10-12-2025,12-12-2025,Elective,105-18,Discharged,FALSE,2
402702,108150,2049,106,06-04-2026,07-04-2026,Elective,106-19,Discharged,FALSE,1
402703,107618,2019,101,28-01-2026,04-02-2026,Elective,101-28,Discharged,FALSE,7
402704,108315,2006,106,19-08-2025,22-08-2025,Elective,106-44,Transferred,FALSE,3
402705,108051,2052,104,04-06-2025,10-06-2025,Elective,104-13,Discharged,FALSE,6
402706,100889,2030,105,27-11-2025,29-11-2025,Referral,105-49,Discharged,FALSE,2
402707,100658,2039,108,20-05-2025,31-05-2025,Elective,108-45,Discharged,TRUE,11
402708,108159,2029,102,12-10-2025,16-10-2025,Elective,102-34,Discharged,FALSE,4
402709,106893,2053,105,09-06-2025,12-06-2025,Elective,105-35,Under Treatment,FALSE,3
402710,107211,2017,106,27-07-2025,29-07-2025,Emergency,106-15,Discharged,FALSE,2
402711,107412,2047,102,22-05-2025,23-05-2025,Elective,102-25,Discharged,FALSE,1
402712,106079,2043,108,02-04-2025,06-04-2025,Referral,108-37,Discharged,FALSE,4
402713,101341,2050,101,03-11-2025,06-11-2025,Elective,101-35,Discharged,FALSE,3
402714,102915,2067,107,01-09-2025,02-09-2025,Elective,107-50,Discharged,FALSE,1
402715,105172,2013,105,19-11-2025,21-11-2025,Referral,105-34,Discharged,FALSE,2
402716,107647,2071,103,12-02-2026,23-02-2026,Emergency,103-22,Discharged,TRUE,11
402717,101361,2009,105,30-05-2026,31-05-2026,Emergency,105-31,Discharged,FALSE,1
402718,100039,2058,102,21-02-2025,04-03-2025,Elective,102-19,Discharged,FALSE,11
402719,110843,2050,101,14-06-2026,18-06-2026,Elective,101-18,Discharged,FALSE,4
402720,102871,2033,105,18-03-2026,20-03-2026,Elective,105-02,Discharged,FALSE,2
402721,100792,2052,104,25-04-2025,28-04-2025,Emergency,104-24,Discharged,FALSE,3
402722,100064,2023,108,21-03-2025,11-04-2025,Referral,108-17,Discharged,FALSE,21
402723,109804,2008,105,14-07-2025,17-07-2025,Elective,105-39,Discharged,FALSE,3
402724,110092,2016,107,20-02-2026,23-02-2026,Elective,107-12,Discharged,FALSE,3
402725,102859,2052,104,21-10-2025,22-10-2025,Referral,104-27,Transferred,FALSE,1
402726,110263,2010,104,29-04-2025,01-05-2025,Elective,104-42,Discharged,FALSE,2
402727,102461,2015,103,21-02-2025,25-02-2025,Elective,103-24,Discharged,FALSE,4
402728,102907,2029,102,18-12-2025,21-12-2025,Elective,102-32,Discharged,FALSE,3
402729,104253,2002,107,19-05-2026,21-05-2026,Elective,107-19,Discharged,FALSE,2
402730,108156,2004,101,14-04-2026,17-04-2026,Elective,101-43,Transferred,FALSE,3
402731,105281,2027,101,24-11-2025,29-11-2025,Elective,101-28,Discharged,FALSE,5
402732,111566,2008,105,18-11-2025,21-11-2025,Elective,105-42,Discharged,FALSE,3
402733,105879,2070,106,22-08-2025,30-08-2025,Emergency,106-40,Discharged,FALSE,8
402734,100326,2002,107,11-04-2026,18-04-2026,Referral,107-32,Discharged,FALSE,7
402735,102438,2037,105,18-09-2025,27-09-2025,Elective,105-21,Discharged,FALSE,9
402736,109347,2003,103,05-07-2025,11-07-2025,Emergency,103-44,Discharged,FALSE,6
402737,105248,2017,106,08-01-2025,12-01-2025,Emergency,106-49,Discharged,FALSE,4
402738,101134,2015,103,08-07-2025,09-07-2025,Elective,103-27,Discharged,FALSE,1
402739,108462,2059,104,21-08-2025,26-08-2025,Elective,104-47,Discharged,FALSE,5
402740,110215,2033,105,04-07-2025,06-07-2025,Elective,105-15,Discharged,FALSE,2
402741,101247,2063,108,15-04-2025,18-04-2025,Elective,108-39,Discharged,FALSE,3
402742,110269,2033,105,30-03-2025,01-04-2025,Referral,105-24,Under Treatment,TRUE,2
402743,107610,2062,101,16-12-2025,23-12-2025,Emergency,101-34,Discharged,FALSE,7
402744,111068,2004,101,25-07-2025,29-07-2025,Emergency,101-04,Discharged,FALSE,4
402745,105787,2025,105,01-09-2025,08-09-2025,Emergency,105-46,Discharged,TRUE,7
402746,110385,2034,102,29-04-2025,03-05-2025,Referral,102-39,Discharged,FALSE,4
402747,110269,2035,103,08-04-2026,17-04-2026,Elective,103-30,Discharged,FALSE,9
402748,102882,2006,106,31-01-2025,05-02-2025,Elective,106-13,Discharged,FALSE,5
402749,104066,2028,107,13-12-2025,22-12-2025,Emergency,107-27,Discharged,FALSE,9
402750,108669,2045,107,23-06-2025,11-07-2025,Emergency,107-31,Discharged,FALSE,18
402751,107324,2052,104,21-05-2026,24-05-2026,Elective,104-03,Discharged,FALSE,3
402752,103489,2056,102,03-11-2025,04-11-2025,Elective,102-16,Discharged,FALSE,1
402753,108661,2069,106,14-05-2026,15-05-2026,Elective,106-48,Discharged,FALSE,1
402754,109178,2022,101,31-03-2026,05-04-2026,Elective,101-40,Discharged,FALSE,5
402755,107263,2058,102,10-11-2025,12-11-2025,Emergency,102-14,Discharged,TRUE,2
402756,107084,2029,102,03-05-2025,04-05-2025,Elective,102-18,Discharged,FALSE,1
402757,102281,2006,106,31-12-2025,04-01-2026,Elective,106-31,Discharged,FALSE,4
402758,107246,2070,106,29-11-2025,03-12-2025,Emergency,106-39,Discharged,TRUE,4
402759,103863,2074,108,19-03-2026,23-03-2026,Referral,108-22,Discharged,FALSE,4
402760,107571,2033,105,09-11-2025,18-11-2025,Elective,105-31,Discharged,FALSE,9
402761,102272,2058,102,18-06-2025,23-06-2025,Emergency,102-40,Discharged,FALSE,5
402762,111936,2019,101,09-12-2025,13-12-2025,Emergency,101-07,Discharged,FALSE,4
402763,106781,2014,105,02-08-2025,06-08-2025,Elective,105-09,Discharged,FALSE,4
402764,107311,2052,104,03-04-2026,05-04-2026,Emergency,104-10,Transferred,FALSE,2
402765,111847,2027,101,18-03-2025,19-03-2025,Emergency,101-16,Discharged,TRUE,1
402766,100797,2023,108,25-02-2025,04-03-2025,Referral,108-23,Transferred,FALSE,7
402767,103705,2037,105,23-02-2026,24-02-2026,Elective,105-29,Discharged,FALSE,1
402768,102921,2069,106,22-10-2025,29-10-2025,Referral,106-17,Discharged,FALSE,7
402769,109763,2039,108,20-04-2026,23-04-2026,Emergency,108-27,Discharged,FALSE,3
402770,108394,2066,102,23-01-2025,26-01-2025,Emergency,102-42,Discharged,FALSE,3
402771,105381,2056,102,13-04-2025,15-04-2025,Emergency,102-30,Discharged,FALSE,2
402772,106149,2041,105,04-07-2025,07-07-2025,Elective,105-29,Discharged,FALSE,3
402773,111747,2052,104,25-10-2025,28-10-2025,Elective,104-41,Discharged,FALSE,3
402774,102234,2050,101,03-06-2025,05-06-2025,Emergency,101-47,Discharged,FALSE,2
402775,101078,2020,102,28-03-2025,30-03-2025,Elective,102-32,Discharged,FALSE,2
402776,110751,2052,104,28-02-2025,04-03-2025,Elective,104-06,Discharged,FALSE,4
402777,108622,2003,103,09-10-2025,14-10-2025,Referral,103-41,Discharged,FALSE,5
402778,110714,2004,101,16-01-2026,18-01-2026,Elective,101-47,Discharged,FALSE,2
402779,107821,2010,104,10-10-2025,12-10-2025,Referral,104-34,Under Treatment,FALSE,2
402780,105485,2062,101,18-02-2026,25-02-2026,Emergency,101-35,Discharged,FALSE,7
402781,107092,2062,101,21-07-2025,25-07-2025,Elective,101-35,Discharged,TRUE,4
402782,108561,2074,108,21-05-2025,26-05-2025,Referral,108-25,Discharged,FALSE,5
402783,108466,2056,102,21-05-2026,26-05-2026,Elective,102-01,Discharged,FALSE,5
402784,102535,2055,106,24-01-2026,29-01-2026,Emergency,106-43,Discharged,TRUE,5
402785,107025,2042,102,13-01-2026,16-01-2026,Emergency,102-41,Transferred,FALSE,3
402786,100677,2032,101,04-05-2026,05-05-2026,Referral,101-31,Discharged,FALSE,1
402787,106182,2078,105,16-01-2026,20-01-2026,Emergency,105-11,Discharged,FALSE,4
402788,103647,2012,106,16-09-2025,21-09-2025,Referral,106-12,Transferred,FALSE,5
402789,104663,2063,108,16-07-2025,22-07-2025,Elective,108-09,Discharged,FALSE,6
402790,105435,2006,106,30-05-2025,04-06-2025,Emergency,106-40,Discharged,FALSE,5
402791,104844,2067,107,10-10-2025,16-10-2025,Elective,107-49,Discharged,FALSE,6
402792,107964,2032,101,19-06-2025,23-06-2025,Elective,101-11,Discharged,FALSE,4
402793,103717,2012,106,28-03-2025,30-03-2025,Emergency,106-10,Discharged,FALSE,2
402794,106310,2079,104,02-03-2025,07-03-2025,Elective,104-45,Discharged,FALSE,5
402795,105297,2035,103,24-02-2026,26-02-2026,Elective,103-18,Discharged,FALSE,2
402796,107927,2021,108,05-04-2026,06-04-2026,Elective,108-35,Discharged,FALSE,1
402797,101649,2067,107,08-03-2025,14-03-2025,Elective,107-18,Discharged,FALSE,6
402798,101387,2061,104,16-02-2025,19-02-2025,Elective,104-37,Discharged,FALSE,3
402799,109814,2056,102,05-03-2026,10-03-2026,Elective,102-23,Discharged,FALSE,5
402800,105788,2080,107,09-10-2025,13-10-2025,Elective,107-40,Discharged,FALSE,4
402801,110672,2072,107,12-02-2026,16-02-2026,Referral,107-11,Discharged,TRUE,4
402802,111538,2024,108,26-02-2025,02-03-2025,Emergency,108-49,Transferred,FALSE,4
402803,105070,2011,108,13-01-2026,16-01-2026,Elective,108-41,Transferred,FALSE,3
402804,102856,2030,105,21-02-2026,28-02-2026,Emergency,105-02,Discharged,FALSE,7
402805,108485,2073,101,13-03-2025,15-03-2025,Referral,101-16,Discharged,FALSE,2
402806,104024,2069,106,03-06-2025,04-06-2025,Referral,106-40,Discharged,FALSE,1
402807,108371,2019,101,12-01-2026,22-01-2026,Elective,101-31,Discharged,FALSE,10
402808,109461,2032,101,31-03-2025,07-04-2025,Emergency,101-29,Discharged,FALSE,7
402809,106850,2027,101,20-07-2025,23-07-2025,Elective,101-01,Discharged,FALSE,3
402810,108704,2014,105,22-03-2026,25-03-2026,Referral,105-12,Under Treatment,FALSE,3
402811,100237,2060,103,08-08-2025,16-08-2025,Elective,103-21,Discharged,FALSE,8
402812,104938,2006,106,02-02-2026,04-02-2026,Elective,106-31,Under Treatment,FALSE,2
402813,106373,2041,105,20-07-2025,22-07-2025,Elective,105-40,Discharged,FALSE,2
402814,100600,2045,107,23-12-2025,27-12-2025,Elective,107-06,Transferred,FALSE,4
402815,108914,2028,107,16-02-2026,19-02-2026,Emergency,107-16,Under Treatment,FALSE,3
402816,107692,2008,105,16-06-2026,17-06-2026,Referral,105-19,Under Treatment,FALSE,1
402817,107522,2005,106,12-05-2026,18-05-2026,Elective,106-48,Transferred,FALSE,6
402818,102034,2078,105,04-02-2026,07-02-2026,Referral,105-24,Discharged,FALSE,3
402819,110253,2017,106,09-12-2025,11-12-2025,Elective,106-04,Transferred,FALSE,2
402820,104334,2077,106,16-06-2026,19-06-2026,Emergency,106-21,Discharged,TRUE,3
402821,103453,2076,104,13-10-2025,14-10-2025,Elective,104-28,Discharged,FALSE,1
402822,104988,2010,104,27-12-2025,08-01-2026,Emergency,104-40,Discharged,FALSE,12
402823,104600,2040,106,24-02-2025,01-03-2025,Elective,106-37,Discharged,FALSE,5
402824,102611,2020,102,04-01-2026,07-01-2026,Elective,102-23,Discharged,FALSE,3
402825,103796,2065,104,03-01-2025,06-01-2025,Emergency,104-16,Transferred,FALSE,3
402826,106232,2003,103,02-02-2026,04-02-2026,Elective,103-16,Discharged,FALSE,2
402827,101493,2071,103,12-03-2026,15-03-2026,Emergency,103-11,Discharged,FALSE,3
402828,103617,2031,104,09-01-2025,14-01-2025,Referral,104-30,Under Treatment,FALSE,5
402829,100730,2043,108,24-02-2025,02-03-2025,Elective,108-50,Discharged,FALSE,6
402830,111770,2067,107,14-06-2026,24-06-2026,Emergency,107-06,Discharged,FALSE,10
402831,108941,2076,104,18-03-2025,22-03-2025,Elective,104-38,Discharged,FALSE,4
402832,104548,2069,106,21-06-2025,24-06-2025,Emergency,106-48,Discharged,FALSE,3
402833,104333,2045,107,23-10-2025,27-10-2025,Elective,107-21,Discharged,FALSE,4
402834,109350,2053,105,29-04-2025,01-05-2025,Elective,105-40,Discharged,FALSE,2
402835,106298,2012,106,25-08-2025,29-08-2025,Emergency,106-14,Discharged,FALSE,4
402836,104844,2001,102,16-05-2025,18-05-2025,Emergency,102-32,Discharged,FALSE,2
402837,105372,2063,108,03-01-2026,14-01-2026,Emergency,108-32,Discharged,FALSE,11
402838,103337,2027,101,03-05-2025,13-05-2025,Elective,101-22,Under Treatment,TRUE,10
402839,105426,2013,105,02-06-2026,03-06-2026,Elective,105-30,Discharged,TRUE,1
402840,104862,2051,108,13-11-2025,15-11-2025,Elective,108-34,Discharged,FALSE,2
402841,108211,2056,102,20-01-2025,28-01-2025,Referral,102-44,Discharged,FALSE,8
402842,102751,2075,104,03-01-2025,04-01-2025,Elective,104-10,Discharged,FALSE,1
402843,105631,2043,108,04-07-2025,11-07-2025,Emergency,108-11,Discharged,FALSE,7
402844,106607,2033,105,12-03-2026,13-03-2026,Elective,105-37,Discharged,FALSE,1
402845,100231,2028,107,18-10-2025,22-10-2025,Emergency,107-02,Discharged,FALSE,4
402846,108825,2005,106,02-06-2025,08-06-2025,Referral,106-18,Discharged,FALSE,6
402847,110556,2039,108,05-08-2025,14-08-2025,Elective,108-03,Discharged,FALSE,9
402848,105386,2026,102,04-02-2025,05-02-2025,Elective,102-07,Transferred,FALSE,1
402849,100965,2076,104,16-07-2025,22-07-2025,Emergency,104-37,Discharged,FALSE,6
402850,104150,2065,104,30-06-2025,02-07-2025,Referral,104-36,Discharged,FALSE,2
402851,109956,2067,107,10-06-2026,15-06-2026,Emergency,107-17,Discharged,TRUE,5
402852,103867,2054,102,20-08-2025,21-08-2025,Emergency,102-38,Discharged,FALSE,1
402853,110016,2003,103,22-11-2025,28-11-2025,Referral,103-31,Discharged,FALSE,6
402854,100389,2003,103,11-03-2025,13-03-2025,Emergency,103-09,Discharged,FALSE,2
402855,103303,2065,104,10-10-2025,18-10-2025,Referral,104-20,Discharged,FALSE,8
402856,109593,2016,107,23-01-2026,26-01-2026,Elective,107-39,Discharged,FALSE,3
402857,111712,2022,101,08-11-2025,09-11-2025,Elective,101-34,Discharged,FALSE,1
402858,100242,2030,105,07-05-2026,08-05-2026,Elective,105-45,Discharged,FALSE,1
402859,100781,2056,102,09-10-2025,11-10-2025,Elective,102-26,Discharged,FALSE,2
402860,106103,2041,105,10-10-2025,13-10-2025,Elective,105-40,Discharged,FALSE,3
402861,107097,2076,104,12-08-2025,14-08-2025,Elective,104-08,Discharged,FALSE,2
402862,105568,2060,103,02-08-2025,04-08-2025,Emergency,103-28,Discharged,FALSE,2
402863,111740,2052,104,05-11-2025,10-11-2025,Emergency,104-07,Discharged,FALSE,5
402864,106122,2040,106,23-03-2026,27-03-2026,Emergency,106-14,Discharged,FALSE,4
402865,105143,2025,105,19-08-2025,30-08-2025,Elective,105-04,Discharged,FALSE,11
402866,108842,2043,108,11-04-2025,14-04-2025,Elective,108-46,Discharged,FALSE,3
402867,107326,2034,102,30-07-2025,02-08-2025,Elective,102-03,Discharged,FALSE,3
402868,105546,2063,108,01-09-2025,02-09-2025,Referral,108-18,Discharged,FALSE,1
402869,109674,2078,105,23-05-2026,27-05-2026,Emergency,105-20,Discharged,FALSE,4
402870,104022,2003,103,21-10-2025,23-10-2025,Elective,103-26,Discharged,FALSE,2
402871,111479,2047,102,11-02-2026,20-02-2026,Emergency,102-11,Discharged,FALSE,9
402872,101213,2042,102,19-01-2026,23-01-2026,Referral,102-14,Discharged,FALSE,4
402873,102883,2080,107,26-05-2026,02-06-2026,Referral,107-28,Discharged,FALSE,7
402874,108726,2079,104,10-01-2025,14-01-2025,Elective,104-25,Discharged,FALSE,4
402875,110259,2005,106,18-05-2025,23-05-2025,Elective,106-05,Discharged,FALSE,5
402876,106839,2018,104,06-04-2025,14-04-2025,Emergency,104-41,Discharged,FALSE,8
402877,107552,2019,101,28-03-2025,31-03-2025,Elective,101-20,Discharged,FALSE,3
402878,104757,2005,106,14-05-2025,16-05-2025,Emergency,106-50,Discharged,FALSE,2
402879,101569,2018,104,09-07-2025,15-07-2025,Elective,104-43,Discharged,FALSE,6
402880,100027,2048,101,02-04-2026,05-04-2026,Elective,101-11,Discharged,FALSE,3
402881,106808,2064,108,14-05-2025,15-05-2025,Referral,108-35,Discharged,FALSE,1
402882,111403,2075,104,29-11-2025,02-12-2025,Emergency,104-27,Discharged,FALSE,3
402883,100857,2061,104,02-05-2025,06-05-2025,Emergency,104-34,Discharged,FALSE,4
402884,102962,2038,108,03-05-2025,04-05-2025,Emergency,108-30,Discharged,FALSE,1
402885,100773,2013,105,13-11-2025,16-11-2025,Emergency,105-43,Discharged,TRUE,3
402886,110577,2077,106,17-04-2026,24-04-2026,Emergency,106-11,Discharged,FALSE,7
402887,106724,2022,101,06-03-2025,14-03-2025,Elective,101-33,Discharged,FALSE,8
402888,107582,2062,101,10-05-2025,20-05-2025,Referral,101-17,Discharged,TRUE,10
402889,103205,2077,106,14-01-2025,18-01-2025,Elective,106-50,Transferred,FALSE,4
402890,106820,2037,105,11-05-2025,13-05-2025,Emergency,105-08,Discharged,FALSE,2
402891,100468,2002,107,16-02-2026,18-02-2026,Elective,107-40,Discharged,FALSE,2
402892,107021,2045,107,19-12-2025,22-12-2025,Referral,107-19,Discharged,FALSE,3
402893,105026,2005,106,10-04-2025,12-04-2025,Elective,106-39,Transferred,FALSE,2
402894,102163,2006,106,25-02-2025,03-03-2025,Elective,106-06,Discharged,FALSE,6
402895,110778,2031,104,25-01-2026,28-01-2026,Elective,104-47,Discharged,FALSE,3
402896,100438,2026,102,24-06-2025,25-06-2025,Elective,102-09,Discharged,FALSE,1
402897,104377,2011,108,25-07-2025,26-07-2025,Elective,108-29,Discharged,FALSE,1
402898,109705,2078,105,07-05-2025,12-05-2025,Referral,105-30,Discharged,FALSE,5
402899,102878,2050,101,14-02-2025,16-02-2025,Elective,101-17,Discharged,FALSE,2
402900,111426,2046,107,21-02-2026,23-02-2026,Referral,107-05,Discharged,FALSE,2
402901,110116,2046,107,26-10-2025,30-10-2025,Elective,107-03,Discharged,FALSE,4
402902,110274,2063,108,28-03-2025,29-03-2025,Referral,108-15,Discharged,FALSE,1
402903,101951,2040,106,29-04-2026,02-05-2026,Referral,106-42,Discharged,FALSE,3
402904,100325,2045,107,25-05-2026,28-05-2026,Elective,107-17,Discharged,FALSE,3
402905,108507,2049,106,04-04-2026,06-04-2026,Emergency,106-50,Discharged,FALSE,2
402906,111929,2044,106,20-05-2025,21-05-2025,Elective,106-14,Under Treatment,TRUE,1
402907,102728,2077,106,18-07-2025,20-07-2025,Referral,106-17,Discharged,FALSE,2
402908,103148,2002,107,28-09-2025,02-10-2025,Elective,107-04,Discharged,TRUE,4
402909,110439,2002,107,13-05-2025,18-05-2025,Emergency,107-49,Transferred,FALSE,5
402910,108469,2008,105,03-05-2025,14-05-2025,Elective,105-24,Discharged,FALSE,11
402911,110280,2071,103,18-03-2025,23-03-2025,Elective,103-21,Discharged,FALSE,5
402912,104652,2064,108,18-08-2025,19-08-2025,Elective,108-03,Discharged,FALSE,1
402913,102766,2055,106,02-04-2026,03-04-2026,Elective,106-42,Discharged,FALSE,1
402914,107415,2004,101,21-09-2025,08-10-2025,Emergency,101-09,Transferred,FALSE,17
402915,108706,2012,106,01-12-2025,03-12-2025,Elective,106-37,Discharged,FALSE,2
402916,108758,2058,102,09-05-2026,11-05-2026,Emergency,102-40,Discharged,FALSE,2
402917,104696,2029,102,18-12-2025,27-12-2025,Elective,102-30,Discharged,TRUE,9
402918,102138,2022,101,14-07-2025,20-07-2025,Emergency,101-17,Transferred,FALSE,6
402919,110344,2008,105,26-03-2026,28-03-2026,Elective,105-43,Transferred,TRUE,2
402920,100774,2023,108,12-01-2026,14-01-2026,Elective,108-12,Discharged,FALSE,2
402921,107975,2044,106,29-10-2025,02-11-2025,Emergency,106-32,Under Treatment,FALSE,4
402922,102039,2029,102,07-07-2025,17-07-2025,Emergency,102-18,Discharged,FALSE,10
402923,109865,2022,101,16-05-2026,21-05-2026,Elective,101-46,Discharged,FALSE,5
402924,108226,2027,101,13-05-2025,14-05-2025,Emergency,101-40,Discharged,FALSE,1
402925,103339,2017,106,08-06-2026,14-06-2026,Elective,106-37,Discharged,FALSE,6
402926,104119,2033,105,22-09-2025,23-09-2025,Referral,105-31,Discharged,FALSE,1
402927,106760,2024,108,10-12-2025,17-12-2025,Referral,108-20,Discharged,FALSE,7
402928,101943,2051,108,04-07-2025,05-07-2025,Referral,108-21,Discharged,FALSE,1
402929,111298,2042,102,27-01-2026,02-02-2026,Emergency,102-47,Transferred,FALSE,6
402930,111539,2040,106,25-06-2025,01-07-2025,Referral,106-38,Discharged,TRUE,6
402931,100817,2008,105,18-02-2025,24-02-2025,Elective,105-10,Transferred,FALSE,6
402932,111519,2023,108,02-04-2025,06-04-2025,Referral,108-47,Discharged,FALSE,4
402933,110174,2046,107,09-11-2025,15-11-2025,Emergency,107-10,Discharged,FALSE,6
402934,109591,2014,105,22-10-2025,27-10-2025,Emergency,105-26,Discharged,FALSE,5
402935,104962,2036,102,20-11-2025,22-11-2025,Elective,102-07,Discharged,FALSE,2
402936,110793,2009,105,15-12-2025,19-12-2025,Emergency,105-41,Discharged,FALSE,4
402937,108086,2044,106,16-01-2025,22-01-2025,Elective,106-10,Discharged,FALSE,6
402938,109664,2049,106,12-01-2025,18-01-2025,Elective,106-26,Discharged,FALSE,6
402939,111589,2046,107,28-05-2025,02-06-2025,Elective,107-39,Discharged,TRUE,5
402940,105102,2062,101,29-07-2025,30-07-2025,Elective,101-48,Discharged,FALSE,1
402941,104893,2005,106,20-02-2025,27-02-2025,Elective,106-18,Discharged,TRUE,7
402942,101600,2005,106,13-03-2025,18-03-2025,Elective,106-32,Under Treatment,FALSE,5
402943,108575,2080,107,24-01-2026,27-01-2026,Elective,107-18,Discharged,FALSE,3
402944,108480,2027,101,03-12-2025,08-12-2025,Referral,101-31,Discharged,FALSE,5
402945,104911,2005,106,04-02-2026,05-02-2026,Referral,106-39,Discharged,FALSE,1
402946,109512,2076,104,12-09-2025,14-09-2025,Elective,104-25,Discharged,FALSE,2
402947,111355,2062,101,28-12-2025,29-12-2025,Emergency,101-24,Discharged,FALSE,1
402948,106341,2057,101,25-03-2025,05-04-2025,Emergency,101-22,Discharged,FALSE,11
402949,111830,2073,101,05-09-2025,06-09-2025,Referral,101-33,Discharged,FALSE,1
402950,111428,2006,106,13-01-2026,17-01-2026,Elective,106-02,Transferred,FALSE,4
402951,110296,2018,104,17-10-2025,20-10-2025,Elective,104-20,Discharged,FALSE,3
402952,108809,2045,107,13-07-2025,15-07-2025,Emergency,107-11,Under Treatment,FALSE,2
402953,103275,2064,108,11-12-2025,12-12-2025,Emergency,108-35,Discharged,FALSE,1
402954,111488,2077,106,21-08-2025,25-08-2025,Elective,106-13,Discharged,FALSE,4
402955,100934,2014,105,09-09-2025,15-09-2025,Emergency,105-39,Transferred,FALSE,6
402956,110388,2018,104,04-03-2026,06-03-2026,Referral,104-23,Discharged,FALSE,2
402957,100001,2027,101,29-05-2026,30-05-2026,Elective,101-49,Discharged,TRUE,1
402958,101735,2001,102,30-09-2025,06-10-2025,Emergency,102-47,Under Treatment,FALSE,6
402959,110650,2030,105,17-04-2026,18-04-2026,Elective,105-32,Discharged,TRUE,1
402960,105085,2033,105,22-09-2025,30-09-2025,Emergency,105-41,Discharged,FALSE,8
402961,110480,2053,105,23-09-2025,24-09-2025,Emergency,105-09,Discharged,FALSE,1
402962,104831,2032,101,05-12-2025,07-12-2025,Emergency,101-46,Discharged,FALSE,2
402963,109994,2077,106,17-09-2025,18-09-2025,Emergency,106-21,Discharged,FALSE,1
402964,107224,2016,107,10-06-2026,21-06-2026,Emergency,107-31,Discharged,FALSE,11
402965,101772,2061,104,09-02-2025,10-02-2025,Elective,104-26,Discharged,FALSE,1
402966,105836,2071,103,05-05-2026,10-05-2026,Elective,103-48,Transferred,FALSE,5
402967,101292,2058,102,06-06-2026,13-06-2026,Emergency,102-06,Discharged,FALSE,7
402968,110415,2046,107,11-09-2025,15-09-2025,Elective,107-26,Discharged,FALSE,4
402969,101109,2037,105,10-03-2025,13-03-2025,Elective,105-19,Discharged,FALSE,3
402970,111341,2063,108,10-06-2025,15-06-2025,Emergency,108-46,Discharged,FALSE,5
402971,101030,2017,106,26-04-2026,27-04-2026,Elective,106-22,Discharged,FALSE,1
402972,103658,2030,105,24-02-2026,28-02-2026,Referral,105-36,Discharged,FALSE,4
402973,105649,2072,107,05-06-2025,09-06-2025,Elective,107-11,Discharged,FALSE,4
402974,110841,2066,102,15-11-2025,20-11-2025,Elective,102-35,Discharged,FALSE,5
402975,104026,2002,107,29-06-2025,01-07-2025,Referral,107-34,Discharged,FALSE,2
402976,108528,2001,102,22-05-2026,29-05-2026,Elective,102-36,Under Treatment,FALSE,7
402977,109381,2031,104,01-05-2025,04-05-2025,Referral,104-43,Discharged,FALSE,3
402978,108923,2068,101,05-06-2026,09-06-2026,Emergency,101-47,Transferred,FALSE,4
402979,101423,2022,101,23-05-2025,24-05-2025,Emergency,101-05,Discharged,FALSE,1
402980,108576,2012,106,12-01-2025,16-01-2025,Elective,106-38,Under Treatment,FALSE,4
402981,103339,2071,103,26-05-2026,28-05-2026,Referral,103-23,Transferred,FALSE,2
402982,108555,2074,108,14-02-2026,22-02-2026,Elective,108-02,Discharged,FALSE,8
402983,108908,2038,108,02-07-2025,03-07-2025,Emergency,108-10,Discharged,TRUE,1
402984,108963,2072,107,30-01-2026,05-02-2026,Elective,107-46,Discharged,FALSE,6
402985,108368,2036,102,20-02-2025,22-02-2025,Emergency,102-09,Discharged,FALSE,2
402986,101062,2016,107,09-08-2025,12-08-2025,Emergency,107-04,Under Treatment,FALSE,3
402987,106647,2032,101,16-02-2025,19-02-2025,Emergency,101-47,Discharged,FALSE,3
402988,104258,2044,106,01-09-2025,02-09-2025,Emergency,106-27,Discharged,FALSE,1
402989,111819,2050,101,03-11-2025,18-11-2025,Emergency,101-05,Discharged,FALSE,15
402990,111222,2065,104,07-04-2026,14-04-2026,Elective,104-34,Discharged,TRUE,7
402991,110387,2045,107,12-01-2025,14-01-2025,Emergency,107-43,Discharged,FALSE,2
402992,106334,2022,101,03-05-2025,11-05-2025,Elective,101-33,Discharged,FALSE,8
402993,111147,2034,102,17-09-2025,20-09-2025,Emergency,102-49,Discharged,FALSE,3
402994,111510,2018,104,02-06-2025,04-06-2025,Emergency,104-23,Discharged,FALSE,2
402995,108811,2040,106,21-10-2025,29-10-2025,Elective,106-47,Discharged,FALSE,8
402996,108176,2071,103,25-11-2025,27-11-2025,Elective,103-32,Transferred,TRUE,2
402997,111198,2077,106,26-04-2026,01-05-2026,Emergency,106-46,Discharged,FALSE,5
402998,101535,2036,102,09-04-2026,23-04-2026,Elective,102-04,Discharged,FALSE,14
402999,103691,2013,105,31-03-2025,04-04-2025,Elective,105-30,Discharged,FALSE,4
403000,101773,2073,101,04-05-2026,06-05-2026,Emergency,101-14,Transferred,FALSE,2
403001,108192,2061,104,15-02-2026,19-02-2026,Elective,104-32,Transferred,FALSE,4
403002,105536,2065,104,23-05-2025,24-05-2025,Elective,104-37,Discharged,FALSE,1
403003,105639,2010,104,14-02-2026,17-02-2026,Referral,104-13,Discharged,TRUE,3
403004,100837,2034,102,09-06-2026,26-06-2026,Emergency,102-25,Discharged,FALSE,17
403005,101156,2075,104,15-04-2026,18-04-2026,Emergency,104-01,Discharged,FALSE,3
403006,107311,2061,104,13-03-2025,15-03-2025,Elective,104-12,Discharged,FALSE,2
403007,100932,2041,105,03-05-2026,05-05-2026,Elective,105-28,Discharged,FALSE,2
403008,104266,2068,101,09-04-2026,12-04-2026,Emergency,101-43,Discharged,FALSE,3
403009,107727,2057,101,17-12-2025,20-12-2025,Referral,101-50,Discharged,FALSE,3
403010,109906,2035,103,31-05-2025,04-06-2025,Emergency,103-21,Discharged,FALSE,4
403011,100395,2044,106,23-02-2026,27-02-2026,Elective,106-43,Discharged,FALSE,4
403012,100989,2005,106,08-05-2026,09-05-2026,Elective,106-41,Discharged,FALSE,1
403013,105236,2078,105,19-06-2025,22-06-2025,Referral,105-31,Discharged,FALSE,3
403014,105089,2010,104,07-01-2025,13-01-2025,Elective,104-05,Discharged,FALSE,6
403015,107037,2027,101,30-01-2025,01-02-2025,Elective,101-43,Under Treatment,FALSE,2
403016,108747,2066,102,12-12-2025,14-12-2025,Emergency,102-46,Discharged,FALSE,2
403017,110248,2069,106,28-12-2025,30-12-2025,Elective,106-50,Discharged,FALSE,2
403018,109437,2021,108,16-01-2026,21-01-2026,Emergency,108-22,Discharged,FALSE,5
403019,103947,2030,105,14-04-2026,16-04-2026,Elective,105-42,Discharged,FALSE,2
403020,110082,2027,101,10-06-2026,15-06-2026,Referral,101-11,Discharged,FALSE,5
403021,108511,2006,106,24-06-2025,25-06-2025,Elective,106-34,Transferred,FALSE,1
403022,105370,2080,107,11-05-2025,13-05-2025,Elective,107-16,Discharged,FALSE,2
403023,101760,2048,101,13-03-2026,15-03-2026,Referral,101-02,Discharged,FALSE,2
403024,102744,2050,101,24-06-2025,03-07-2025,Elective,101-14,Discharged,FALSE,9
403025,111619,2023,108,05-08-2025,06-08-2025,Elective,108-50,Under Treatment,FALSE,1
403026,106074,2055,106,14-04-2026,17-04-2026,Referral,106-07,Discharged,FALSE,3
403027,106980,2055,106,15-07-2025,29-07-2025,Elective,106-45,Discharged,FALSE,14
403028,105937,2003,103,04-07-2025,12-07-2025,Elective,103-07,Discharged,FALSE,8
403029,102987,2061,104,20-01-2026,24-01-2026,Elective,104-05,Under Treatment,FALSE,4
403030,105040,2074,108,25-03-2025,03-04-2025,Emergency,108-24,Discharged,FALSE,9
403031,108341,2037,105,04-08-2025,07-08-2025,Elective,105-02,Discharged,FALSE,3
403032,104738,2056,102,10-02-2025,13-02-2025,Elective,102-15,Discharged,FALSE,3
403033,105366,2058,102,12-06-2025,17-06-2025,Emergency,102-18,Discharged,FALSE,5
403034,104374,2047,102,10-10-2025,12-10-2025,Elective,102-27,Discharged,TRUE,2
403035,111870,2074,108,19-01-2026,22-01-2026,Elective,108-45,Discharged,FALSE,3
403036,103039,2022,101,27-10-2025,28-10-2025,Emergency,101-12,Discharged,FALSE,1
403037,103144,2028,107,21-06-2025,30-06-2025,Elective,107-10,Transferred,FALSE,9
403038,105230,2078,105,19-12-2025,29-12-2025,Elective,105-45,Discharged,FALSE,10
403039,110178,2068,101,01-03-2026,06-03-2026,Elective,101-13,Discharged,TRUE,5
403040,103916,2018,104,29-01-2026,06-02-2026,Elective,104-37,Discharged,FALSE,8
403041,105691,2014,105,11-02-2025,14-02-2025,Elective,105-44,Discharged,FALSE,3
403042,111275,2042,102,24-04-2026,27-04-2026,Emergency,102-18,Discharged,FALSE,3
403043,106168,2033,105,21-03-2026,24-03-2026,Elective,105-08,Discharged,FALSE,3
403044,108618,2078,105,30-12-2025,31-12-2025,Emergency,105-18,Discharged,FALSE,1
403045,105348,2025,105,04-06-2026,07-06-2026,Elective,105-23,Discharged,FALSE,3
403046,111724,2037,105,09-01-2026,18-01-2026,Emergency,105-46,Discharged,TRUE,9
403047,102292,2030,105,14-12-2025,18-12-2025,Elective,105-40,Discharged,FALSE,4
403048,101466,2018,104,13-05-2025,17-05-2025,Elective,104-43,Discharged,FALSE,4
403049,104284,2032,101,16-05-2025,21-05-2025,Elective,101-46,Discharged,FALSE,5
403050,107885,2015,103,23-08-2025,29-08-2025,Emergency,103-38,Discharged,FALSE,6
403051,105862,2072,107,30-01-2025,05-02-2025,Referral,107-27,Discharged,FALSE,6
403052,100672,2039,108,03-04-2025,04-04-2025,Elective,108-18,Discharged,FALSE,1
403053,109386,2006,106,14-05-2025,19-05-2025,Referral,106-09,Discharged,FALSE,5
403054,108248,2017,106,14-08-2025,15-08-2025,Elective,106-32,Discharged,FALSE,1
403055,111880,2027,101,11-12-2025,17-12-2025,Referral,101-05,Discharged,FALSE,6
403056,101019,2023,108,23-01-2026,30-01-2026,Elective,108-45,Discharged,TRUE,7
403057,109455,2023,108,17-03-2025,19-03-2025,Referral,108-25,Discharged,FALSE,2
403058,109826,2022,101,05-02-2026,12-02-2026,Referral,101-20,Discharged,FALSE,7
403059,104203,2057,101,17-05-2026,19-05-2026,Emergency,101-26,Discharged,FALSE,2
403060,108129,2046,107,16-01-2026,21-01-2026,Referral,107-24,Discharged,FALSE,5
403061,103504,2023,108,02-05-2026,05-05-2026,Referral,108-11,Discharged,FALSE,3
403062,103612,2009,105,28-10-2025,01-11-2025,Elective,105-12,Transferred,FALSE,4
403063,106777,2078,105,25-11-2025,01-12-2025,Elective,105-25,Transferred,FALSE,6
403064,100019,2021,108,22-04-2026,23-04-2026,Referral,108-25,Discharged,FALSE,1
403065,103823,2054,102,30-12-2025,06-01-2026,Elective,102-05,Discharged,FALSE,7
403066,102190,2028,107,31-10-2025,01-11-2025,Referral,107-14,Under Treatment,FALSE,1
403067,109648,2031,104,31-03-2026,02-04-2026,Elective,104-38,Under Treatment,TRUE,2
403068,100177,2001,102,11-03-2026,12-03-2026,Elective,102-05,Under Treatment,FALSE,1
403069,104970,2053,105,20-05-2026,23-05-2026,Elective,105-13,Discharged,FALSE,3
403070,104015,2057,101,05-09-2025,09-09-2025,Emergency,101-06,Discharged,FALSE,4
403071,101990,2001,102,22-07-2025,24-07-2025,Elective,102-32,Discharged,FALSE,2
403072,105488,2079,104,14-12-2025,17-12-2025,Elective,104-37,Discharged,FALSE,3
403073,108605,2021,108,03-12-2025,05-12-2025,Emergency,108-13,Discharged,FALSE,2
403074,110203,2068,101,11-07-2025,15-07-2025,Elective,101-33,Discharged,FALSE,4
403075,101462,2017,106,03-05-2026,08-05-2026,Elective,106-04,Discharged,FALSE,5
403076,102880,2033,105,31-05-2025,05-06-2025,Emergency,105-32,Discharged,FALSE,5
403077,107227,2038,108,04-05-2026,06-05-2026,Elective,108-21,Discharged,FALSE,2
403078,101303,2011,108,28-09-2025,04-10-2025,Emergency,108-14,Discharged,FALSE,6
403079,102756,2064,108,26-07-2025,28-07-2025,Elective,108-25,Discharged,FALSE,2
403080,106288,2005,106,02-11-2025,03-11-2025,Elective,106-32,Discharged,FALSE,1
403081,108321,2022,101,28-01-2026,01-02-2026,Referral,101-40,Discharged,FALSE,4
403082,102658,2008,105,09-06-2026,12-06-2026,Emergency,105-29,Discharged,FALSE,3
403083,107683,2029,102,07-06-2025,09-06-2025,Elective,102-03,Discharged,FALSE,2
403084,106659,2072,107,27-07-2025,28-07-2025,Elective,107-41,Under Treatment,FALSE,1
403085,107699,2040,106,29-03-2025,31-03-2025,Elective,106-29,Discharged,FALSE,2
403086,111990,2002,107,29-03-2025,01-04-2025,Elective,107-27,Discharged,FALSE,3
403087,102449,2076,104,16-04-2026,26-04-2026,Emergency,104-43,Discharged,FALSE,10
403088,109701,2050,101,16-08-2025,17-08-2025,Elective,101-18,Discharged,TRUE,1
403089,100731,2011,108,04-04-2025,09-04-2025,Elective,108-05,Discharged,FALSE,5
403090,104934,2006,106,14-03-2026,19-03-2026,Emergency,106-09,Discharged,FALSE,5
403091,111805,2043,108,01-01-2025,03-01-2025,Elective,108-43,Discharged,FALSE,2
403092,111262,2041,105,04-04-2026,09-04-2026,Emergency,105-43,Discharged,FALSE,5
403093,102949,2043,108,23-05-2026,24-05-2026,Emergency,108-04,Discharged,FALSE,1
403094,100006,2070,106,29-11-2025,08-12-2025,Emergency,106-50,Discharged,FALSE,9
403095,100769,2044,106,31-08-2025,02-09-2025,Elective,106-19,Discharged,FALSE,2
403096,109807,2008,105,17-06-2025,24-06-2025,Elective,105-22,Discharged,FALSE,7
403097,106828,2029,102,05-12-2025,09-12-2025,Elective,102-23,Discharged,FALSE,4
403098,107452,2075,104,13-01-2025,22-01-2025,Emergency,104-34,Discharged,FALSE,9
403099,107481,2077,106,15-01-2025,16-01-2025,Emergency,106-11,Discharged,FALSE,1
403100,100101,2017,106,16-09-2025,24-09-2025,Emergency,106-22,Discharged,FALSE,8
403101,108905,2043,108,16-04-2026,17-04-2026,Emergency,108-18,Discharged,FALSE,1
403102,105016,2057,101,02-06-2025,06-06-2025,Referral,101-39,Discharged,FALSE,4
403103,106151,2002,107,02-04-2026,03-04-2026,Emergency,107-46,Discharged,FALSE,1
403104,109475,2003,103,02-04-2025,13-04-2025,Emergency,103-31,Discharged,FALSE,11
403105,102437,2056,102,21-11-2025,24-11-2025,Referral,102-33,Discharged,FALSE,3
403106,110096,2077,106,14-12-2025,18-12-2025,Emergency,106-20,Discharged,FALSE,4
403107,110680,2012,106,02-12-2025,08-12-2025,Elective,106-18,Discharged,FALSE,6
403108,106964,2023,108,20-01-2026,22-01-2026,Referral,108-05,Transferred,FALSE,2
403109,107760,2027,101,02-02-2025,04-02-2025,Elective,101-18,Transferred,FALSE,2
403110,101910,2022,101,06-08-2025,08-08-2025,Elective,101-10,Transferred,FALSE,2
403111,106115,2070,106,05-02-2025,11-02-2025,Elective,106-11,Discharged,FALSE,6
403112,106756,2062,101,22-05-2026,29-05-2026,Emergency,101-06,Discharged,FALSE,7
403113,101725,2059,104,03-03-2025,05-03-2025,Elective,104-50,Discharged,FALSE,2
403114,100252,2059,104,19-04-2026,22-04-2026,Referral,104-35,Discharged,FALSE,3
403115,103888,2066,102,06-10-2025,07-10-2025,Referral,102-10,Discharged,FALSE,1
403116,108164,2039,108,15-07-2025,17-07-2025,Referral,108-19,Under Treatment,FALSE,2
403117,103319,2055,106,12-12-2025,19-12-2025,Referral,106-30,Discharged,FALSE,7
403118,104425,2019,101,19-12-2025,23-12-2025,Emergency,101-36,Discharged,FALSE,4
403119,110437,2073,101,03-04-2025,13-04-2025,Elective,101-30,Discharged,FALSE,10
403120,102755,2005,106,24-01-2026,25-01-2026,Elective,106-22,Discharged,FALSE,1
403121,108998,2077,106,15-05-2025,24-05-2025,Referral,106-04,Discharged,FALSE,9
403122,106204,2026,102,21-11-2025,23-11-2025,Elective,102-36,Discharged,FALSE,2
403123,101210,2025,105,23-12-2025,24-12-2025,Elective,105-23,Discharged,FALSE,1
403124,102381,2044,106,10-02-2025,11-02-2025,Elective,106-04,Transferred,FALSE,1
403125,108352,2041,105,25-04-2026,27-04-2026,Elective,105-46,Discharged,FALSE,2
403126,101714,2019,101,18-01-2026,24-01-2026,Referral,101-09,Discharged,FALSE,6
403127,109747,2059,104,03-01-2025,09-01-2025,Elective,104-45,Transferred,FALSE,6
403128,111605,2073,101,22-05-2025,28-05-2025,Elective,101-32,Discharged,FALSE,6
403129,111370,2040,106,15-01-2025,20-01-2025,Emergency,106-30,Discharged,FALSE,5
403130,104571,2072,107,12-08-2025,24-08-2025,Elective,107-45,Discharged,FALSE,12
403131,100340,2039,108,02-04-2026,03-04-2026,Referral,108-16,Discharged,FALSE,1
403132,102818,2002,107,09-06-2026,14-06-2026,Elective,107-36,Discharged,FALSE,5
403133,108285,2011,108,13-02-2026,18-02-2026,Elective,108-05,Discharged,FALSE,5
403134,100621,2030,105,03-05-2026,10-05-2026,Elective,105-33,Under Treatment,FALSE,7
403135,104640,2023,108,21-08-2025,24-08-2025,Elective,108-09,Discharged,FALSE,3
403136,108302,2031,104,20-06-2026,21-06-2026,Elective,104-34,Discharged,FALSE,1
403137,103128,2042,102,23-01-2026,26-01-2026,Emergency,102-45,Discharged,FALSE,3
403138,106967,2031,104,01-06-2025,02-06-2025,Emergency,104-49,Discharged,FALSE,1
403139,106261,2073,101,27-08-2025,28-08-2025,Elective,101-25,Discharged,FALSE,1
403140,100123,2074,108,12-05-2025,14-05-2025,Emergency,108-33,Transferred,FALSE,2
403141,100279,2026,102,21-11-2025,26-11-2025,Emergency,102-04,Under Treatment,FALSE,5
403142,111871,2029,102,26-04-2025,03-05-2025,Elective,102-20,Discharged,FALSE,7
403143,108976,2050,101,28-01-2026,01-02-2026,Emergency,101-47,Discharged,FALSE,4
403144,102866,2074,108,06-05-2026,09-05-2026,Emergency,108-25,Under Treatment,FALSE,3
403145,111240,2078,105,18-09-2025,20-09-2025,Elective,105-35,Discharged,FALSE,2
403146,101382,2079,104,17-04-2026,22-04-2026,Emergency,104-45,Discharged,FALSE,5
403147,109608,2028,107,31-12-2025,07-01-2026,Elective,107-14,Discharged,FALSE,7
403148,102981,2063,108,13-11-2025,15-11-2025,Referral,108-37,Transferred,FALSE,2
403149,103559,2064,108,08-03-2025,10-03-2025,Emergency,108-25,Discharged,FALSE,2
403150,110723,2029,102,26-09-2025,29-09-2025,Referral,102-38,Discharged,FALSE,3
403151,103427,2007,106,22-09-2025,24-09-2025,Referral,106-41,Discharged,FALSE,2
403152,100527,2042,102,10-03-2025,12-03-2025,Emergency,102-47,Discharged,FALSE,2
403153,111576,2013,105,23-12-2025,24-12-2025,Elective,105-44,Discharged,FALSE,1
403154,111169,2006,106,26-02-2025,01-03-2025,Elective,106-46,Discharged,FALSE,3
403155,105925,2038,108,31-07-2025,08-08-2025,Elective,108-08,Discharged,FALSE,8
403156,101285,2033,105,25-01-2025,27-01-2025,Emergency,105-46,Under Treatment,FALSE,2
403157,103829,2029,102,28-08-2025,29-08-2025,Emergency,102-17,Discharged,FALSE,1
403158,105032,2032,101,17-09-2025,22-09-2025,Elective,101-35,Discharged,FALSE,5
403159,100591,2067,107,21-03-2025,24-03-2025,Elective,107-43,Discharged,FALSE,3
403160,102035,2004,101,14-11-2025,19-11-2025,Elective,101-22,Transferred,FALSE,5
403161,104681,2019,101,10-10-2025,12-10-2025,Emergency,101-01,Discharged,FALSE,2
403162,107666,2043,108,27-03-2025,30-03-2025,Elective,108-17,Discharged,FALSE,3
403163,106004,2003,103,26-06-2025,27-06-2025,Elective,103-23,Discharged,FALSE,1
403164,109798,2019,101,28-01-2026,31-01-2026,Referral,101-26,Discharged,FALSE,3
403165,108849,2035,103,18-04-2025,19-04-2025,Elective,103-42,Discharged,FALSE,1
403166,109907,2006,106,26-01-2025,29-01-2025,Emergency,106-09,Discharged,FALSE,3
403167,105126,2027,101,14-02-2025,15-02-2025,Elective,101-25,Discharged,FALSE,1
403168,100599,2002,107,28-01-2026,30-01-2026,Elective,107-03,Transferred,FALSE,2
403169,108730,2060,103,16-04-2025,19-04-2025,Emergency,103-42,Transferred,FALSE,3
403170,100274,2018,104,16-02-2025,19-02-2025,Emergency,104-15,Discharged,FALSE,3
403171,108783,2078,105,08-06-2026,09-06-2026,Emergency,105-23,Discharged,FALSE,1
403172,107852,2025,105,04-06-2026,07-06-2026,Referral,105-15,Discharged,FALSE,3
403173,107870,2079,104,04-05-2026,09-05-2026,Elective,104-40,Discharged,FALSE,5
403174,105839,2012,106,23-09-2025,04-10-2025,Elective,106-18,Discharged,TRUE,11
403175,105217,2036,102,30-03-2025,09-04-2025,Elective,102-33,Discharged,FALSE,10
403176,106821,2045,107,08-06-2026,10-06-2026,Elective,107-50,Transferred,FALSE,2
403177,110291,2023,108,29-11-2025,09-12-2025,Emergency,108-42,Discharged,FALSE,10
403178,106434,2063,108,23-05-2026,29-05-2026,Elective,108-27,Discharged,FALSE,6
403179,102318,2052,104,01-09-2025,05-09-2025,Elective,104-10,Discharged,FALSE,4
403180,105752,2049,106,10-06-2026,11-06-2026,Emergency,106-43,Discharged,FALSE,1
403181,104353,2079,104,22-10-2025,23-10-2025,Elective,104-13,Discharged,FALSE,1
403182,100648,2061,104,22-05-2025,25-05-2025,Elective,104-02,Discharged,TRUE,3
403183,106494,2067,107,09-02-2026,13-02-2026,Elective,107-09,Discharged,TRUE,4
403184,106777,2030,105,05-03-2025,09-03-2025,Elective,105-20,Discharged,FALSE,4
403185,105937,2016,107,15-03-2026,23-03-2026,Emergency,107-50,Discharged,FALSE,8
403186,106889,2032,101,01-08-2025,05-08-2025,Elective,101-14,Transferred,TRUE,4
403187,108452,2013,105,15-09-2025,22-09-2025,Elective,105-38,Transferred,FALSE,7
403188,104689,2010,104,09-09-2025,13-09-2025,Emergency,104-13,Transferred,FALSE,4
403189,110800,2036,102,03-03-2025,05-03-2025,Emergency,102-11,Discharged,FALSE,2
403190,103158,2012,106,13-06-2025,17-06-2025,Elective,106-22,Discharged,FALSE,4
403191,103061,2028,107,22-12-2025,25-12-2025,Emergency,107-01,Discharged,FALSE,3
403192,102249,2035,103,12-05-2026,13-05-2026,Elective,103-18,Discharged,FALSE,1
403193,105379,2047,102,01-04-2025,07-04-2025,Emergency,102-24,Discharged,FALSE,6
403194,102024,2079,104,21-03-2026,24-03-2026,Elective,104-25,Discharged,FALSE,3
403195,101375,2017,106,02-02-2026,06-02-2026,Referral,106-29,Discharged,FALSE,4
403196,109932,2066,102,17-06-2025,25-06-2025,Elective,102-21,Discharged,FALSE,8
403197,106122,2044,106,13-01-2026,17-01-2026,Elective,106-18,Discharged,FALSE,4
403198,104901,2017,106,06-01-2026,12-01-2026,Emergency,106-04,Discharged,FALSE,6
403199,100731,2058,102,27-01-2026,29-01-2026,Emergency,102-12,Discharged,FALSE,2
403200,110365,2037,105,15-09-2025,18-09-2025,Emergency,105-45,Discharged,FALSE,3
403201,100850,2071,103,14-10-2025,19-10-2025,Elective,103-49,Discharged,FALSE,5
403202,111256,2041,105,15-04-2025,19-04-2025,Elective,105-35,Discharged,FALSE,4
403203,105088,2076,104,12-11-2025,15-11-2025,Elective,104-20,Discharged,FALSE,3
403204,111316,2023,108,24-11-2025,25-11-2025,Elective,108-34,Discharged,FALSE,1
403205,104233,2060,103,06-06-2025,08-06-2025,Emergency,103-24,Discharged,FALSE,2
403206,104614,2059,104,02-07-2025,08-07-2025,Elective,104-26,Discharged,TRUE,6
403207,110480,2037,105,02-08-2025,05-08-2025,Emergency,105-44,Discharged,FALSE,3
403208,100175,2062,101,31-12-2025,01-01-2026,Referral,101-17,Discharged,FALSE,1
403209,103780,2056,102,23-05-2026,30-05-2026,Referral,102-11,Discharged,FALSE,7
403210,106632,2012,106,08-04-2025,14-04-2025,Elective,106-27,Discharged,FALSE,6
403211,106139,2072,107,28-10-2025,31-10-2025,Referral,107-19,Discharged,FALSE,3
403212,101716,2067,107,15-08-2025,17-08-2025,Elective,107-46,Discharged,FALSE,2
403213,110053,2033,105,26-01-2026,27-01-2026,Elective,105-22,Discharged,TRUE,1
403214,102290,2038,108,03-12-2025,06-12-2025,Emergency,108-33,Discharged,FALSE,3
403215,104152,2070,106,17-10-2025,22-10-2025,Elective,106-16,Discharged,FALSE,5
403216,108839,2020,102,07-01-2026,11-01-2026,Elective,102-35,Discharged,FALSE,4
403217,104717,2010,104,30-08-2025,01-09-2025,Elective,104-29,Discharged,FALSE,2
403218,105521,2059,104,09-10-2025,15-10-2025,Emergency,104-28,Discharged,FALSE,6
403219,106676,2063,108,07-02-2025,09-02-2025,Elective,108-41,Discharged,FALSE,2
403220,103310,2027,101,17-04-2025,20-04-2025,Elective,101-12,Discharged,FALSE,3
403221,106563,2078,105,07-10-2025,11-10-2025,Emergency,105-25,Discharged,FALSE,4
403222,103011,2031,104,29-03-2026,04-04-2026,Emergency,104-14,Discharged,FALSE,6
403223,103421,2044,106,02-06-2026,05-06-2026,Elective,106-08,Discharged,FALSE,3
403224,110288,2046,107,28-10-2025,30-10-2025,Elective,107-32,Discharged,FALSE,2
403225,111890,2017,106,10-09-2025,15-09-2025,Referral,106-05,Discharged,FALSE,5
403226,101068,2064,108,22-02-2025,05-03-2025,Elective,108-40,Discharged,FALSE,11
403227,110245,2018,104,13-01-2026,15-01-2026,Elective,104-27,Discharged,FALSE,2
403228,110640,2001,102,19-06-2025,21-06-2025,Emergency,102-11,Transferred,FALSE,2
403229,103904,2064,108,21-02-2025,22-02-2025,Emergency,108-07,Discharged,FALSE,1
403230,111891,2029,102,17-10-2025,19-10-2025,Elective,102-30,Discharged,FALSE,2
403231,108650,2001,102,04-04-2025,10-04-2025,Emergency,102-50,Discharged,FALSE,6
403232,103316,2057,101,19-12-2025,23-12-2025,Emergency,101-46,Discharged,FALSE,4
403233,109101,2005,106,20-03-2026,25-03-2026,Elective,106-03,Discharged,FALSE,5
403234,100196,2039,108,14-01-2025,15-01-2025,Elective,108-17,Discharged,FALSE,1
403235,103115,2051,108,24-02-2025,26-02-2025,Emergency,108-33,Discharged,FALSE,2
403236,109004,2040,106,23-02-2026,24-02-2026,Elective,106-28,Discharged,FALSE,1
403237,104005,2054,102,06-04-2025,10-04-2025,Elective,102-12,Discharged,FALSE,4
403238,102001,2030,105,02-07-2025,08-07-2025,Elective,105-22,Discharged,FALSE,6
403239,104544,2052,104,23-09-2025,26-09-2025,Emergency,104-17,Discharged,FALSE,3
403240,106630,2079,104,30-12-2025,31-12-2025,Emergency,104-47,Discharged,FALSE,1
403241,109051,2076,104,29-09-2025,01-10-2025,Emergency,104-10,Discharged,FALSE,2
403242,101423,2053,105,07-06-2025,11-06-2025,Emergency,105-42,Transferred,FALSE,4
403243,108065,2001,102,18-10-2025,19-10-2025,Referral,102-45,Discharged,FALSE,1
403244,105648,2061,104,19-06-2025,20-06-2025,Elective,104-14,Discharged,FALSE,1
403245,102481,2072,107,05-04-2025,09-04-2025,Referral,107-28,Discharged,FALSE,4
403246,102280,2035,103,25-12-2025,26-12-2025,Elective,103-11,Transferred,FALSE,1
403247,102305,2080,107,29-08-2025,31-08-2025,Emergency,107-22,Discharged,FALSE,2
403248,102499,2013,105,03-12-2025,09-12-2025,Elective,105-41,Discharged,TRUE,6
403249,100379,2045,107,16-06-2025,19-06-2025,Elective,107-01,Discharged,FALSE,3
403250,105761,2012,106,08-01-2025,10-01-2025,Elective,106-28,Discharged,FALSE,2
403251,105826,2042,102,02-11-2025,06-11-2025,Emergency,102-39,Under Treatment,FALSE,4
403252,104990,2066,102,20-03-2026,23-03-2026,Referral,102-47,Transferred,FALSE,3
403253,102267,2057,101,02-05-2026,10-05-2026,Elective,101-42,Discharged,FALSE,8
403254,102084,2058,102,10-06-2026,20-06-2026,Elective,102-47,Discharged,FALSE,10
403255,104565,2008,105,24-02-2026,02-03-2026,Emergency,105-47,Discharged,FALSE,6
403256,109723,2070,106,03-04-2025,04-04-2025,Emergency,106-03,Discharged,FALSE,1
403257,102440,2080,107,27-03-2025,30-03-2025,Referral,107-45,Transferred,FALSE,3
403258,111261,2059,104,19-05-2025,21-05-2025,Referral,104-44,Discharged,TRUE,2
403259,101107,2004,101,09-07-2025,11-07-2025,Elective,101-39,Transferred,FALSE,2
403260,111306,2048,101,13-09-2025,19-09-2025,Elective,101-46,Discharged,FALSE,6
403261,105380,2045,107,16-01-2025,17-01-2025,Elective,107-49,Discharged,TRUE,1
403262,106332,2022,101,27-03-2025,01-04-2025,Elective,101-22,Discharged,FALSE,5
403263,108482,2033,105,14-02-2026,16-02-2026,Referral,105-26,Discharged,FALSE,2
403264,104494,2005,106,21-09-2025,22-09-2025,Emergency,106-02,Discharged,TRUE,1
403265,111429,2032,101,23-01-2025,03-02-2025,Elective,101-13,Discharged,FALSE,11
403266,111705,2028,107,31-05-2026,06-06-2026,Elective,107-09,Under Treatment,FALSE,6
403267,102326,2016,107,31-08-2025,04-09-2025,Elective,107-21,Discharged,FALSE,4
403268,100349,2064,108,23-08-2025,24-08-2025,Referral,108-01,Discharged,FALSE,1
403269,108386,2064,108,06-03-2026,15-03-2026,Referral,108-46,Discharged,FALSE,9
403270,104285,2064,108,27-01-2026,31-01-2026,Elective,108-21,Discharged,FALSE,4
403271,109429,2058,102,11-09-2025,12-09-2025,Elective,102-39,Discharged,TRUE,1
403272,109520,2021,108,23-02-2026,24-02-2026,Emergency,108-37,Discharged,FALSE,1
403273,107354,2041,105,08-12-2025,09-12-2025,Referral,105-50,Discharged,FALSE,1
403274,110207,2029,102,26-05-2026,31-05-2026,Elective,102-21,Under Treatment,FALSE,5
403275,105625,2050,101,14-08-2025,15-08-2025,Referral,101-19,Discharged,FALSE,1
403276,102011,2021,108,28-03-2026,08-04-2026,Elective,108-47,Discharged,FALSE,11
403277,104152,2069,106,09-07-2025,22-07-2025,Emergency,106-41,Discharged,FALSE,13
403278,104947,2013,105,13-04-2025,15-04-2025,Elective,105-27,Discharged,TRUE,2
403279,109326,2051,108,19-03-2025,24-03-2025,Elective,108-11,Discharged,FALSE,5
403280,100716,2013,105,08-10-2025,12-10-2025,Elective,105-47,Discharged,FALSE,4
403281,106368,2036,102,15-05-2025,19-05-2025,Elective,102-16,Discharged,FALSE,4
403282,111542,2029,102,10-06-2025,15-06-2025,Emergency,102-22,Discharged,FALSE,5
403283,109174,2025,105,13-04-2026,16-04-2026,Referral,105-04,Discharged,FALSE,3
403284,104876,2064,108,14-08-2025,16-08-2025,Elective,108-14,Discharged,FALSE,2
403285,103575,2049,106,22-11-2025,23-11-2025,Elective,106-27,Discharged,FALSE,1
403286,111839,2028,107,08-12-2025,17-12-2025,Referral,107-12,Discharged,FALSE,9
403287,110576,2042,102,24-02-2025,28-02-2025,Elective,102-45,Discharged,FALSE,4
403288,107674,2038,108,10-12-2025,18-12-2025,Emergency,108-06,Discharged,FALSE,8
403289,103199,2011,108,22-05-2026,24-05-2026,Referral,108-27,Discharged,FALSE,2
403290,110499,2024,108,09-08-2025,10-08-2025,Elective,108-24,Discharged,FALSE,1
403291,108012,2015,103,27-02-2025,05-03-2025,Elective,103-12,Discharged,FALSE,6
403292,105803,2022,101,07-01-2025,10-01-2025,Elective,101-43,Discharged,FALSE,3
403293,106601,2027,101,02-05-2025,04-05-2025,Elective,101-19,Under Treatment,FALSE,2
403294,109725,2077,106,07-05-2025,13-05-2025,Emergency,106-13,Discharged,FALSE,6
403295,108856,2022,101,13-02-2025,14-02-2025,Elective,101-47,Discharged,FALSE,1
403296,101196,2040,106,18-02-2025,20-02-2025,Elective,106-34,Discharged,FALSE,2
403297,100723,2050,101,06-05-2026,09-05-2026,Elective,101-34,Discharged,FALSE,3
403298,105804,2050,101,27-03-2026,30-03-2026,Elective,101-41,Under Treatment,FALSE,3
403299,111838,2050,101,20-02-2025,22-02-2025,Emergency,101-05,Discharged,FALSE,2
403300,104145,2055,106,05-07-2025,11-07-2025,Elective,106-26,Discharged,TRUE,6
403301,104434,2078,105,30-04-2025,03-05-2025,Elective,105-39,Discharged,FALSE,3
403302,106042,2057,101,30-03-2026,01-04-2026,Referral,101-08,Discharged,FALSE,2
403303,107787,2079,104,03-07-2025,04-07-2025,Referral,104-32,Transferred,FALSE,1
403304,110785,2030,105,28-10-2025,01-11-2025,Elective,105-17,Discharged,FALSE,4
403305,103153,2046,107,01-09-2025,03-09-2025,Referral,107-17,Discharged,FALSE,2
403306,102898,2045,107,18-02-2025,22-02-2025,Emergency,107-12,Under Treatment,FALSE,4
403307,103111,2039,108,30-10-2025,01-11-2025,Elective,108-01,Discharged,TRUE,2
403308,108423,2080,107,04-06-2026,07-06-2026,Emergency,107-05,Discharged,FALSE,3
403309,109657,2065,104,14-03-2025,18-03-2025,Elective,104-26,Transferred,FALSE,4
403310,109246,2066,102,11-03-2025,18-03-2025,Elective,102-25,Discharged,FALSE,7
403311,111878,2026,102,05-10-2025,06-10-2025,Elective,102-09,Discharged,FALSE,1
403312,108791,2033,105,14-08-2025,19-08-2025,Elective,105-50,Discharged,TRUE,5
403313,101356,2049,106,12-04-2026,14-04-2026,Emergency,106-47,Discharged,FALSE,2
403314,100166,2023,108,25-12-2025,26-12-2025,Emergency,108-31,Discharged,FALSE,1
403315,101354,2061,104,08-05-2026,09-05-2026,Elective,104-48,Discharged,FALSE,1
403316,106075,2037,105,25-12-2025,30-12-2025,Referral,105-46,Discharged,FALSE,5
403317,104893,2022,101,16-07-2025,17-07-2025,Elective,101-08,Discharged,FALSE,1
403318,111602,2010,104,08-12-2025,11-12-2025,Referral,104-15,Discharged,FALSE,3
403319,101657,2064,108,25-04-2025,30-04-2025,Referral,108-06,Discharged,FALSE,5
403320,111587,2045,107,03-06-2025,07-06-2025,Elective,107-25,Discharged,FALSE,4
403321,108319,2002,107,18-06-2025,21-06-2025,Emergency,107-03,Discharged,FALSE,3
403322,100226,2027,101,30-04-2026,04-05-2026,Elective,101-01,Discharged,FALSE,4
403323,111093,2049,106,07-01-2026,11-01-2026,Elective,106-41,Discharged,FALSE,4
403324,105027,2040,106,04-09-2025,07-09-2025,Emergency,106-14,Discharged,FALSE,3
403325,102244,2055,106,05-03-2025,08-03-2025,Elective,106-03,Discharged,TRUE,3
403326,104924,2039,108,24-03-2025,26-03-2025,Referral,108-46,Transferred,FALSE,2
403327,106995,2064,108,14-11-2025,17-11-2025,Emergency,108-37,Under Treatment,FALSE,3
403328,100638,2002,107,11-10-2025,17-10-2025,Elective,107-43,Discharged,TRUE,6
403329,109290,2020,102,28-04-2025,30-04-2025,Elective,102-39,Discharged,FALSE,2
403330,110951,2045,107,20-09-2025,02-10-2025,Referral,107-08,Discharged,FALSE,12
403331,103394,2053,105,02-01-2025,08-01-2025,Elective,105-04,Discharged,FALSE,6
403332,103457,2067,107,26-11-2025,28-11-2025,Elective,107-46,Discharged,FALSE,2
403333,101210,2051,108,27-03-2025,04-04-2025,Emergency,108-39,Discharged,FALSE,8
403334,111988,2038,108,21-05-2026,25-05-2026,Referral,108-47,Discharged,TRUE,4
403335,105760,2036,102,09-04-2025,18-04-2025,Elective,102-47,Discharged,FALSE,9
403336,111497,2059,104,12-06-2026,14-06-2026,Elective,104-04,Discharged,FALSE,2
403337,100297,2067,107,31-12-2025,05-01-2026,Elective,107-42,Under Treatment,FALSE,5
403338,109026,2051,108,02-09-2025,09-09-2025,Emergency,108-08,Discharged,FALSE,7
403339,102062,2011,108,16-01-2025,18-01-2025,Elective,108-03,Discharged,FALSE,2
403340,104967,2046,107,30-11-2025,08-12-2025,Elective,107-14,Discharged,TRUE,8
403341,110203,2080,107,01-02-2026,03-02-2026,Emergency,107-24,Discharged,FALSE,2
403342,107159,2080,107,15-11-2025,16-11-2025,Emergency,107-48,Discharged,FALSE,1
403343,109699,2059,104,15-02-2026,21-02-2026,Elective,104-09,Discharged,FALSE,6
403344,103385,2049,106,08-07-2025,09-07-2025,Elective,106-42,Discharged,FALSE,1
403345,105444,2018,104,26-05-2026,05-06-2026,Emergency,104-05,Discharged,FALSE,10
403346,109785,2035,103,16-11-2025,19-11-2025,Emergency,103-43,Discharged,FALSE,3
403347,102630,2042,102,02-04-2025,06-04-2025,Elective,102-09,Transferred,FALSE,4
403348,107072,2007,106,20-10-2025,21-10-2025,Emergency,106-22,Discharged,FALSE,1
403349,105768,2079,104,05-06-2026,06-06-2026,Elective,104-48,Discharged,FALSE,1
403350,101000,2035,103,27-01-2025,03-02-2025,Emergency,103-32,Discharged,FALSE,7
403351,105970,2047,102,20-10-2025,31-10-2025,Elective,102-39,Discharged,FALSE,11
403352,106616,2063,108,12-01-2026,16-01-2026,Elective,108-17,Discharged,FALSE,4
403353,111035,2023,108,07-10-2025,08-10-2025,Elective,108-03,Transferred,FALSE,1
403354,102204,2036,102,14-04-2025,15-04-2025,Referral,102-19,Discharged,FALSE,1
403355,102893,2045,107,13-01-2026,15-01-2026,Emergency,107-08,Discharged,FALSE,2
403356,102811,2005,106,09-02-2026,12-02-2026,Referral,106-48,Discharged,FALSE,3
403357,104147,2025,105,28-01-2025,30-01-2025,Elective,105-43,Discharged,TRUE,2
403358,102548,2028,107,06-03-2025,09-03-2025,Elective,107-24,Discharged,TRUE,3
403359,101282,2011,108,17-12-2025,21-12-2025,Referral,108-48,Discharged,FALSE,4
403360,108108,2061,104,25-11-2025,28-11-2025,Elective,104-37,Discharged,FALSE,3
403361,110684,2034,102,06-02-2026,13-02-2026,Emergency,102-43,Discharged,FALSE,7
403362,101464,2047,102,08-01-2026,14-01-2026,Emergency,102-25,Discharged,FALSE,6
403363,106628,2044,106,25-09-2025,06-10-2025,Elective,106-32,Discharged,FALSE,11
403364,100646,2068,101,08-06-2025,11-06-2025,Elective,101-18,Discharged,FALSE,3
403365,111623,2003,103,11-10-2025,16-10-2025,Elective,103-21,Discharged,FALSE,5
403366,107402,2020,102,20-07-2025,23-07-2025,Elective,102-10,Discharged,FALSE,3
403367,105159,2015,103,26-01-2026,29-01-2026,Elective,103-42,Discharged,FALSE,3
403368,102957,2006,106,09-05-2025,12-05-2025,Elective,106-03,Discharged,FALSE,3
403369,107327,2029,102,01-11-2025,05-11-2025,Elective,102-16,Discharged,FALSE,4
403370,103408,2041,105,25-03-2026,30-03-2026,Emergency,105-11,Discharged,FALSE,5
403371,104854,2017,106,13-06-2026,16-06-2026,Elective,106-33,Discharged,FALSE,3
403372,103738,2025,105,18-07-2025,27-07-2025,Referral,105-02,Discharged,FALSE,9
403373,108040,2044,106,14-10-2025,28-10-2025,Emergency,106-09,Discharged,FALSE,14
403374,103077,2033,105,10-09-2025,13-09-2025,Referral,105-48,Discharged,FALSE,3
403375,108393,2030,105,22-01-2026,31-01-2026,Referral,105-26,Transferred,FALSE,9
403376,111539,2001,102,06-08-2025,08-08-2025,Elective,102-06,Discharged,FALSE,2
403377,109728,2005,106,12-09-2025,15-09-2025,Elective,106-04,Discharged,FALSE,3
403378,101507,2071,103,26-01-2026,01-02-2026,Emergency,103-39,Discharged,FALSE,6
403379,102459,2072,107,07-01-2026,08-01-2026,Elective,107-01,Discharged,FALSE,1
403380,102524,2008,105,29-05-2026,31-05-2026,Emergency,105-29,Discharged,FALSE,2
403381,111591,2059,104,11-07-2025,12-07-2025,Elective,104-34,Discharged,FALSE,1
403382,105934,2006,106,09-01-2026,12-01-2026,Elective,106-32,Under Treatment,FALSE,3
403383,106129,2079,104,24-04-2026,29-04-2026,Emergency,104-25,Discharged,FALSE,5
403384,106159,2026,102,11-02-2025,13-02-2025,Elective,102-31,Discharged,FALSE,2
403385,103843,2011,108,06-10-2025,09-10-2025,Elective,108-29,Discharged,FALSE,3
403386,102973,2024,108,08-06-2026,12-06-2026,Elective,108-03,Discharged,FALSE,4
403387,104774,2013,105,10-12-2025,13-12-2025,Emergency,105-19,Transferred,FALSE,3
403388,110270,2008,105,27-11-2025,02-12-2025,Emergency,105-43,Transferred,TRUE,5
403389,109131,2075,104,07-03-2026,15-03-2026,Elective,104-27,Discharged,FALSE,8
403390,104598,2072,107,16-02-2026,20-02-2026,Elective,107-18,Under Treatment,FALSE,4
403391,110163,2046,107,03-03-2025,06-03-2025,Elective,107-27,Discharged,FALSE,3
403392,111020,2063,108,26-01-2025,04-02-2025,Referral,108-18,Under Treatment,FALSE,9
403393,108502,2058,102,14-02-2025,20-02-2025,Referral,102-20,Discharged,FALSE,6
403394,100784,2075,104,01-04-2026,04-04-2026,Referral,104-11,Transferred,FALSE,3
403395,108881,2041,105,28-08-2025,04-09-2025,Emergency,105-20,Discharged,FALSE,7
403396,108028,2014,105,16-09-2025,18-09-2025,Elective,105-18,Discharged,FALSE,2
403397,103388,2041,105,24-11-2025,05-12-2025,Referral,105-03,Discharged,FALSE,11
403398,101659,2034,102,19-05-2025,25-05-2025,Elective,102-03,Discharged,TRUE,6
403399,100977,2059,104,07-04-2025,09-04-2025,Emergency,104-19,Discharged,FALSE,2
403400,102637,2064,108,28-06-2025,01-07-2025,Elective,108-13,Discharged,FALSE,3
403401,101125,2010,104,13-08-2025,16-08-2025,Emergency,104-40,Discharged,FALSE,3
403402,104645,2011,108,09-06-2025,15-06-2025,Elective,108-47,Discharged,FALSE,6
403403,103180,2015,103,01-09-2025,03-09-2025,Elective,103-49,Discharged,FALSE,2
403404,102592,2045,107,03-01-2026,09-01-2026,Emergency,107-18,Discharged,FALSE,6
403405,102362,2054,102,24-06-2025,27-06-2025,Elective,102-50,Discharged,TRUE,3
403406,100696,2041,105,25-11-2025,26-11-2025,Emergency,105-15,Discharged,FALSE,1
403407,101340,2058,102,14-12-2025,16-12-2025,Emergency,102-49,Transferred,FALSE,2
403408,104467,2029,102,29-03-2025,30-03-2025,Emergency,102-05,Discharged,FALSE,1
403409,107794,2021,108,03-04-2026,09-04-2026,Elective,108-38,Discharged,FALSE,6
403410,103911,2057,101,07-04-2026,10-04-2026,Emergency,101-22,Discharged,FALSE,3
403411,100327,2048,101,22-01-2025,31-01-2025,Elective,101-36,Discharged,FALSE,9
403412,100469,2003,103,04-06-2026,07-06-2026,Elective,103-22,Discharged,FALSE,3
403413,104703,2026,102,25-05-2025,30-05-2025,Referral,102-31,Under Treatment,FALSE,5
403414,109947,2016,107,05-10-2025,07-10-2025,Referral,107-47,Discharged,FALSE,2
403415,101804,2055,106,01-04-2026,02-04-2026,Emergency,106-48,Discharged,FALSE,1
403416,110830,2055,106,25-11-2025,29-11-2025,Elective,106-17,Discharged,FALSE,4
403417,107017,2004,101,17-02-2025,21-02-2025,Emergency,101-19,Discharged,FALSE,4
403418,107832,2049,106,10-01-2025,17-01-2025,Elective,106-44,Discharged,TRUE,7
403419,108660,2007,106,23-10-2025,27-10-2025,Elective,106-03,Transferred,FALSE,4
403420,104120,2077,106,11-06-2025,27-06-2025,Referral,106-08,Discharged,FALSE,16
403421,100105,2017,106,02-01-2026,08-01-2026,Emergency,106-39,Discharged,FALSE,6
403422,110226,2064,108,08-03-2026,10-03-2026,Elective,108-47,Discharged,FALSE,2
403423,100422,2044,106,21-04-2025,22-04-2025,Elective,106-06,Discharged,FALSE,1
403424,101433,2036,102,13-04-2026,16-04-2026,Emergency,102-33,Transferred,FALSE,3
403425,103773,2066,102,16-03-2025,17-03-2025,Elective,102-30,Discharged,FALSE,1
403426,108437,2074,108,02-03-2025,06-03-2025,Elective,108-33,Discharged,FALSE,4
403427,101162,2018,104,17-08-2025,18-08-2025,Emergency,104-04,Transferred,TRUE,1
403428,108116,2053,105,14-11-2025,21-11-2025,Referral,105-05,Discharged,FALSE,7
403429,103296,2047,102,28-03-2026,04-04-2026,Elective,102-18,Discharged,FALSE,7
403430,104594,2080,107,07-01-2026,09-01-2026,Referral,107-16,Discharged,FALSE,2
403431,103565,2052,104,23-01-2025,25-01-2025,Elective,104-21,Transferred,FALSE,2
403432,108478,2065,104,21-05-2025,27-05-2025,Elective,104-37,Discharged,FALSE,6
403433,104093,2032,101,15-01-2025,16-01-2025,Elective,101-24,Discharged,FALSE,1
403434,105878,2036,102,22-03-2025,27-03-2025,Elective,102-28,Discharged,FALSE,5
403435,102418,2053,105,01-11-2025,06-11-2025,Elective,105-09,Discharged,FALSE,5
403436,107776,2005,106,10-06-2026,15-06-2026,Emergency,106-33,Discharged,FALSE,5
403437,110310,2067,107,06-11-2025,15-11-2025,Referral,107-21,Transferred,FALSE,9
403438,101735,2049,106,09-03-2026,11-03-2026,Elective,106-12,Discharged,FALSE,2
403439,103741,2067,107,23-09-2025,28-09-2025,Elective,107-31,Discharged,FALSE,5
403440,108010,2032,101,02-04-2026,08-04-2026,Emergency,101-30,Discharged,FALSE,6
403441,103033,2039,108,20-02-2025,22-02-2025,Emergency,108-39,Discharged,FALSE,2
403442,108723,2041,105,15-03-2025,16-03-2025,Referral,105-08,Discharged,FALSE,1
403443,105494,2074,108,25-12-2025,29-12-2025,Elective,108-01,Discharged,FALSE,4
403444,108528,2070,106,24-09-2025,29-09-2025,Emergency,106-28,Discharged,FALSE,5
403445,107388,2002,107,17-06-2026,20-06-2026,Elective,107-12,Discharged,FALSE,3
403446,111441,2034,102,23-02-2026,25-02-2026,Elective,102-21,Transferred,FALSE,2
403447,109226,2079,104,04-06-2025,08-06-2025,Referral,104-19,Discharged,FALSE,4
403448,110932,2011,108,24-06-2025,25-06-2025,Elective,108-13,Discharged,FALSE,1
403449,106675,2080,107,30-06-2025,01-07-2025,Referral,107-25,Transferred,FALSE,1
403450,105467,2041,105,28-08-2025,30-08-2025,Referral,105-36,Discharged,FALSE,2
403451,105532,2021,108,01-04-2025,05-04-2025,Emergency,108-21,Discharged,FALSE,4
403452,101889,2047,102,12-06-2026,17-06-2026,Elective,102-42,Discharged,FALSE,5
403453,101965,2033,105,25-12-2025,08-01-2026,Emergency,105-46,Discharged,FALSE,14
403454,101093,2014,105,01-06-2026,03-06-2026,Elective,105-28,Discharged,TRUE,2
403455,109821,2020,102,08-05-2025,11-05-2025,Emergency,102-30,Discharged,FALSE,3
403456,103232,2017,106,27-11-2025,04-12-2025,Emergency,106-06,Under Treatment,TRUE,7
403457,101529,2013,105,13-11-2025,16-11-2025,Referral,105-21,Discharged,FALSE,3
403458,104289,2010,104,10-06-2025,15-06-2025,Elective,104-27,Discharged,FALSE,5
403459,106703,2001,102,31-05-2025,06-06-2025,Emergency,102-15,Discharged,FALSE,6
403460,110534,2049,106,16-01-2026,21-01-2026,Elective,106-06,Discharged,FALSE,5
403461,100306,2069,106,28-09-2025,03-10-2025,Referral,106-49,Discharged,FALSE,5
403462,107718,2005,106,10-12-2025,11-12-2025,Emergency,106-08,Discharged,FALSE,1
403463,103775,2049,106,04-12-2025,07-12-2025,Elective,106-14,Discharged,FALSE,3
403464,108695,2065,104,22-03-2026,24-03-2026,Elective,104-50,Discharged,FALSE,2
403465,105891,2003,103,12-01-2026,14-01-2026,Referral,103-10,Discharged,FALSE,2
403466,102686,2068,101,22-04-2025,27-04-2025,Elective,101-11,Discharged,FALSE,5
403467,111345,2078,105,06-02-2026,11-02-2026,Referral,105-37,Discharged,FALSE,5
403468,101528,2025,105,24-02-2025,05-03-2025,Emergency,105-19,Discharged,FALSE,9
403469,109971,2015,103,08-01-2026,09-01-2026,Emergency,103-27,Under Treatment,FALSE,1
403470,102348,2005,106,20-06-2025,22-06-2025,Referral,106-38,Under Treatment,FALSE,2
403471,110811,2034,102,17-06-2025,19-06-2025,Elective,102-16,Discharged,FALSE,2
403472,109690,2040,106,19-01-2026,20-01-2026,Referral,106-13,Discharged,FALSE,1
403473,105104,2042,102,15-06-2025,17-06-2025,Referral,102-08,Discharged,FALSE,2
403474,107595,2023,108,02-02-2025,05-02-2025,Elective,108-09,Discharged,FALSE,3
403475,102610,2015,103,02-11-2025,11-11-2025,Elective,103-26,Transferred,TRUE,9
403476,109255,2053,105,05-03-2025,07-03-2025,Referral,105-17,Discharged,FALSE,2
403477,103559,2067,107,13-06-2026,18-06-2026,Referral,107-02,Discharged,FALSE,5
403478,101255,2053,105,04-05-2026,08-05-2026,Emergency,105-43,Discharged,FALSE,4
403479,105644,2071,103,30-01-2025,31-01-2025,Elective,103-23,Discharged,FALSE,1
403480,107920,2052,104,14-04-2026,20-04-2026,Elective,104-39,Transferred,TRUE,6
403481,104768,2017,106,06-02-2026,08-02-2026,Emergency,106-19,Transferred,FALSE,2
403482,110434,2056,102,10-02-2025,12-02-2025,Elective,102-22,Discharged,FALSE,2
403483,108178,2002,107,27-11-2025,30-11-2025,Elective,107-37,Discharged,FALSE,3
403484,100439,2023,108,27-07-2025,28-07-2025,Elective,108-15,Discharged,FALSE,1
403485,108115,2068,101,23-05-2025,26-05-2025,Elective,101-22,Discharged,FALSE,3
403486,110570,2024,108,13-06-2025,16-06-2025,Elective,108-22,Discharged,TRUE,3
403487,100683,2070,106,12-01-2025,17-01-2025,Elective,106-25,Discharged,FALSE,5
403488,103270,2068,101,01-03-2025,20-03-2025,Elective,101-13,Discharged,FALSE,19
403489,107548,2078,105,01-01-2026,05-01-2026,Emergency,105-34,Discharged,FALSE,4
403490,103677,2036,102,11-10-2025,14-10-2025,Elective,102-27,Discharged,FALSE,3
403491,107928,2027,101,23-06-2025,25-06-2025,Elective,101-05,Transferred,FALSE,2
403492,100896,2060,103,21-07-2025,24-07-2025,Elective,103-09,Discharged,FALSE,3
403493,107907,2044,106,12-09-2025,20-09-2025,Elective,106-22,Discharged,FALSE,8
403494,104016,2073,101,10-02-2025,15-02-2025,Elective,101-14,Discharged,FALSE,5
403495,104500,2037,105,14-06-2026,17-06-2026,Elective,105-31,Discharged,FALSE,3
403496,101747,2027,101,05-05-2025,10-05-2025,Emergency,101-35,Discharged,FALSE,5
403497,102527,2077,106,14-05-2025,15-05-2025,Elective,106-44,Discharged,FALSE,1
403498,101111,2013,105,03-12-2025,05-12-2025,Elective,105-23,Discharged,FALSE,2
403499,108712,2070,106,03-05-2025,06-05-2025,Elective,106-13,Discharged,FALSE,3
403500,109893,2042,102,23-04-2025,28-04-2025,Emergency,102-32,Discharged,FALSE,5
403501,107420,2024,108,09-04-2026,11-04-2026,Emergency,108-07,Discharged,FALSE,2
403502,111965,2046,107,24-10-2025,25-10-2025,Emergency,107-31,Discharged,FALSE,1
403503,100858,2025,105,03-08-2025,08-08-2025,Emergency,105-34,Discharged,FALSE,5
403504,108221,2050,101,26-04-2026,28-04-2026,Referral,101-28,Discharged,FALSE,2
403505,110407,2017,106,30-11-2025,06-12-2025,Elective,106-48,Discharged,FALSE,6
403506,110432,2053,105,25-04-2026,02-05-2026,Elective,105-44,Discharged,FALSE,7
403507,103177,2037,105,13-01-2026,31-01-2026,Emergency,105-08,Discharged,FALSE,18
403508,110426,2080,107,27-10-2025,02-11-2025,Elective,107-32,Under Treatment,FALSE,6
403509,109446,2007,106,19-06-2025,04-07-2025,Emergency,106-26,Transferred,FALSE,15
403510,109236,2074,108,23-02-2025,01-03-2025,Elective,108-26,Discharged,FALSE,6
403511,103290,2021,108,24-02-2026,25-02-2026,Elective,108-50,Discharged,FALSE,1
403512,101653,2063,108,28-10-2025,29-10-2025,Emergency,108-14,Discharged,FALSE,1
403513,104721,2050,101,22-05-2025,26-05-2025,Emergency,101-10,Discharged,FALSE,4
403514,100347,2072,107,12-12-2025,13-12-2025,Elective,107-28,Discharged,FALSE,1
403515,105364,2059,104,10-05-2025,14-05-2025,Elective,104-33,Discharged,FALSE,4
403516,109113,2027,101,25-02-2026,27-02-2026,Elective,101-39,Discharged,FALSE,2
403517,109149,2075,104,30-03-2026,01-04-2026,Referral,104-46,Under Treatment,FALSE,2
403518,110814,2060,103,24-04-2025,26-04-2025,Referral,103-20,Discharged,FALSE,2
403519,111072,2037,105,06-06-2025,12-06-2025,Elective,105-31,Discharged,TRUE,6
403520,108290,2028,107,31-08-2025,04-09-2025,Elective,107-50,Discharged,FALSE,4
403521,101386,2043,108,17-08-2025,22-08-2025,Referral,108-28,Discharged,TRUE,5
403522,101843,2015,103,26-09-2025,28-09-2025,Elective,103-19,Discharged,FALSE,2
403523,111842,2010,104,21-10-2025,23-10-2025,Elective,104-15,Discharged,FALSE,2
403524,105708,2078,105,04-09-2025,13-09-2025,Emergency,105-48,Discharged,FALSE,9
403525,109531,2065,104,04-06-2026,11-06-2026,Emergency,104-34,Discharged,FALSE,7
403526,102607,2044,106,15-04-2026,18-04-2026,Elective,106-13,Discharged,FALSE,3
403527,108994,2052,104,23-12-2025,27-12-2025,Emergency,104-18,Discharged,FALSE,4
403528,108204,2078,105,06-09-2025,13-09-2025,Elective,105-39,Discharged,FALSE,7
403529,104539,2006,106,18-07-2025,21-07-2025,Referral,106-02,Discharged,FALSE,3
403530,107528,2027,101,15-05-2026,17-05-2026,Referral,101-49,Discharged,FALSE,2
403531,102509,2071,103,23-08-2025,27-08-2025,Elective,103-09,Discharged,TRUE,4
403532,110811,2029,102,01-04-2025,04-04-2025,Emergency,102-10,Under Treatment,FALSE,3
403533,104825,2060,103,28-02-2025,03-03-2025,Elective,103-22,Discharged,FALSE,3
403534,104269,2057,101,06-06-2025,10-06-2025,Referral,101-33,Discharged,FALSE,4
403535,105626,2056,102,09-01-2025,14-01-2025,Elective,102-05,Discharged,FALSE,5
403536,103358,2006,106,22-12-2025,24-12-2025,Elective,106-07,Discharged,TRUE,2
403537,106271,2074,108,23-02-2025,24-02-2025,Emergency,108-48,Under Treatment,FALSE,1
403538,103161,2065,104,01-01-2026,02-01-2026,Emergency,104-28,Discharged,FALSE,1
403539,110422,2028,107,23-02-2025,24-02-2025,Emergency,107-19,Discharged,FALSE,1
403540,105657,2060,103,20-04-2026,21-04-2026,Referral,103-40,Discharged,FALSE,1
403541,102536,2045,107,20-04-2025,30-04-2025,Elective,107-40,Under Treatment,FALSE,10
403542,101952,2074,108,06-02-2026,12-02-2026,Elective,108-43,Discharged,FALSE,6
403543,109274,2002,107,15-11-2025,21-11-2025,Elective,107-25,Discharged,TRUE,6
403544,102807,2080,107,06-01-2026,09-01-2026,Emergency,107-25,Discharged,FALSE,3
403545,105980,2037,105,12-08-2025,15-08-2025,Emergency,105-02,Discharged,FALSE,3
403546,106657,2040,106,10-08-2025,13-08-2025,Emergency,106-36,Discharged,FALSE,3
403547,107265,2008,105,01-09-2025,02-09-2025,Elective,105-18,Discharged,FALSE,1
403548,106462,2032,101,23-04-2025,27-04-2025,Elective,101-23,Discharged,FALSE,4
403549,108377,2037,105,05-03-2025,09-03-2025,Referral,105-04,Discharged,FALSE,4
403550,108903,2074,108,20-04-2026,23-04-2026,Emergency,108-42,Transferred,FALSE,3
403551,106829,2025,105,04-01-2025,09-01-2025,Elective,105-20,Discharged,FALSE,5
403552,101793,2058,102,01-04-2026,03-04-2026,Elective,102-26,Discharged,FALSE,2
403553,105941,2062,101,11-02-2026,17-02-2026,Elective,101-03,Discharged,FALSE,6
403554,102224,2054,102,17-03-2026,24-03-2026,Elective,102-38,Discharged,FALSE,7
403555,103978,2050,101,10-05-2026,12-05-2026,Emergency,101-34,Transferred,FALSE,2
403556,111370,2075,104,18-11-2025,20-11-2025,Emergency,104-08,Discharged,FALSE,2
403557,109759,2079,104,19-09-2025,21-09-2025,Emergency,104-25,Discharged,FALSE,2
403558,104111,2069,106,11-06-2025,16-06-2025,Emergency,106-49,Discharged,TRUE,5
403559,100983,2012,106,01-01-2025,07-01-2025,Emergency,106-07,Discharged,FALSE,6
403560,100626,2014,105,30-04-2025,01-05-2025,Referral,105-35,Discharged,FALSE,1
403561,104852,2050,101,02-11-2025,11-11-2025,Elective,101-08,Discharged,FALSE,9
403562,109406,2049,106,30-03-2026,31-03-2026,Elective,106-19,Discharged,FALSE,1
403563,102710,2031,104,07-01-2026,09-01-2026,Elective,104-12,Discharged,FALSE,2
403564,110404,2036,102,27-05-2026,31-05-2026,Elective,102-35,Discharged,FALSE,4
403565,108575,2040,106,29-06-2025,01-07-2025,Elective,106-23,Discharged,FALSE,2
403566,101267,2038,108,15-05-2026,19-05-2026,Emergency,108-31,Discharged,FALSE,4
403567,104318,2049,106,01-05-2025,02-05-2025,Emergency,106-27,Discharged,FALSE,1
403568,103053,2041,105,12-01-2026,18-01-2026,Elective,105-39,Discharged,FALSE,6
403569,100199,2017,106,01-01-2026,05-01-2026,Emergency,106-29,Under Treatment,FALSE,4
403570,102540,2049,106,16-01-2025,18-01-2025,Elective,106-42,Discharged,FALSE,2
403571,109148,2057,101,01-05-2026,04-05-2026,Emergency,101-24,Discharged,FALSE,3
403572,106105,2044,106,02-07-2025,05-07-2025,Emergency,106-19,Discharged,FALSE,3
403573,109023,2046,107,13-05-2025,15-05-2025,Elective,107-45,Discharged,FALSE,2
403574,109238,2076,104,09-12-2025,12-12-2025,Emergency,104-35,Under Treatment,FALSE,3
403575,100373,2010,104,08-02-2026,13-02-2026,Elective,104-09,Discharged,FALSE,5
403576,105960,2069,106,19-06-2026,20-06-2026,Elective,106-12,Transferred,FALSE,1
403577,106552,2045,107,08-05-2026,13-05-2026,Emergency,107-28,Under Treatment,FALSE,5
403578,102222,2069,106,22-06-2025,29-06-2025,Emergency,106-36,Discharged,FALSE,7
403579,102072,2010,104,21-04-2026,23-04-2026,Elective,104-44,Discharged,FALSE,2
403580,101245,2030,105,18-11-2025,19-11-2025,Elective,105-05,Discharged,FALSE,1
403581,101925,2056,102,02-06-2025,04-06-2025,Elective,102-38,Discharged,TRUE,2
403582,107566,2064,108,19-02-2026,21-02-2026,Elective,108-39,Under Treatment,FALSE,2
403583,107173,2007,106,04-07-2025,05-07-2025,Elective,106-50,Discharged,FALSE,1
403584,102443,2023,108,23-12-2025,24-12-2025,Elective,108-30,Discharged,FALSE,1
403585,102424,2034,102,18-06-2026,25-06-2026,Elective,102-37,Discharged,FALSE,7
403586,110099,2076,104,13-04-2025,16-04-2025,Elective,104-25,Discharged,FALSE,3
403587,111808,2008,105,28-07-2025,01-08-2025,Elective,105-44,Transferred,FALSE,4
403588,103498,2026,102,14-01-2025,28-01-2025,Elective,102-18,Discharged,FALSE,14
403589,100786,2004,101,21-04-2025,23-04-2025,Emergency,101-48,Discharged,FALSE,2
403590,105339,2069,106,30-11-2025,06-12-2025,Emergency,106-29,Discharged,TRUE,6
403591,100549,2063,108,29-09-2025,30-09-2025,Emergency,108-22,Discharged,FALSE,1
403592,110893,2067,107,20-06-2025,26-06-2025,Elective,107-25,Discharged,FALSE,6
403593,106935,2019,101,18-09-2025,21-09-2025,Elective,101-31,Discharged,FALSE,3
403594,111528,2009,105,20-01-2026,26-01-2026,Emergency,105-35,Transferred,FALSE,6
403595,104206,2043,108,20-06-2026,21-06-2026,Referral,108-26,Under Treatment,FALSE,1
403596,111054,2012,106,14-01-2025,24-01-2025,Elective,106-24,Discharged,FALSE,10
403597,105446,2044,106,24-11-2025,26-11-2025,Elective,106-12,Discharged,FALSE,2
403598,105838,2045,107,22-03-2025,24-03-2025,Elective,107-24,Discharged,FALSE,2
403599,107389,2018,104,07-09-2025,08-09-2025,Elective,104-16,Discharged,FALSE,1
403600,103660,2073,101,19-01-2026,23-01-2026,Referral,101-02,Discharged,FALSE,4
403601,103812,2049,106,13-03-2025,19-03-2025,Elective,106-15,Discharged,TRUE,6
403602,108980,2014,105,11-05-2025,14-05-2025,Elective,105-29,Transferred,FALSE,3
403603,106687,2061,104,02-01-2025,08-01-2025,Elective,104-31,Discharged,FALSE,6
403604,100185,2050,101,15-05-2025,17-05-2025,Referral,101-27,Discharged,FALSE,2
403605,110358,2069,106,26-11-2025,28-11-2025,Emergency,106-01,Discharged,FALSE,2
403606,103372,2059,104,04-02-2026,11-02-2026,Elective,104-02,Discharged,FALSE,7
403607,109188,2054,102,24-10-2025,28-10-2025,Emergency,102-30,Discharged,TRUE,4
403608,101843,2042,102,15-06-2026,18-06-2026,Elective,102-13,Discharged,FALSE,3
403609,111276,2041,105,11-11-2025,18-11-2025,Emergency,105-21,Discharged,FALSE,7
403610,101633,2061,104,12-12-2025,18-12-2025,Elective,104-05,Discharged,FALSE,6
403611,105127,2026,102,22-01-2025,26-01-2025,Emergency,102-40,Discharged,TRUE,4
403612,103305,2023,108,08-01-2026,10-01-2026,Elective,108-24,Discharged,FALSE,2
403613,108834,2054,102,04-01-2026,06-01-2026,Emergency,102-49,Discharged,FALSE,2
403614,102668,2041,105,23-03-2025,26-03-2025,Emergency,105-39,Under Treatment,FALSE,3
403615,102721,2045,107,30-10-2025,01-11-2025,Elective,107-28,Discharged,FALSE,2
403616,100369,2054,102,13-07-2025,15-07-2025,Elective,102-20,Discharged,FALSE,2
403617,104112,2061,104,08-10-2025,09-10-2025,Elective,104-20,Discharged,FALSE,1
403618,104598,2039,108,19-08-2025,20-08-2025,Elective,108-38,Discharged,FALSE,1
403619,105260,2005,106,31-03-2025,04-04-2025,Emergency,106-46,Discharged,FALSE,4
403620,102444,2040,106,05-02-2026,11-02-2026,Elective,106-04,Discharged,FALSE,6
403621,109005,2011,108,21-07-2025,25-07-2025,Elective,108-17,Discharged,FALSE,4
403622,109973,2079,104,13-07-2025,17-07-2025,Elective,104-43,Discharged,TRUE,4
403623,110670,2076,104,17-02-2025,20-02-2025,Elective,104-17,Discharged,FALSE,3
403624,102215,2023,108,17-12-2025,19-12-2025,Elective,108-31,Under Treatment,FALSE,2
403625,104209,2030,105,20-02-2026,27-02-2026,Elective,105-33,Discharged,FALSE,7
403626,105696,2043,108,29-03-2025,02-04-2025,Emergency,108-25,Discharged,FALSE,4
403627,106215,2006,106,14-05-2025,18-05-2025,Elective,106-35,Discharged,FALSE,4
403628,106836,2027,101,16-11-2025,18-11-2025,Elective,101-03,Discharged,FALSE,2
403629,101633,2005,106,15-12-2025,16-12-2025,Referral,106-20,Discharged,FALSE,1
403630,105862,2056,102,30-01-2025,02-02-2025,Emergency,102-32,Transferred,TRUE,3
403631,106859,2062,101,25-11-2025,30-11-2025,Elective,101-02,Discharged,FALSE,5
403632,100040,2030,105,21-01-2025,24-01-2025,Elective,105-31,Transferred,FALSE,3
403633,107030,2047,102,13-01-2026,17-01-2026,Emergency,102-08,Transferred,FALSE,4
403634,109842,2069,106,20-08-2025,27-08-2025,Elective,106-17,Discharged,FALSE,7
403635,109071,2060,103,22-02-2025,03-03-2025,Emergency,103-28,Discharged,FALSE,9
403636,101843,2060,103,19-05-2025,23-05-2025,Referral,103-49,Discharged,FALSE,4
403637,107477,2001,102,28-03-2025,29-03-2025,Emergency,102-18,Discharged,FALSE,1
403638,106949,2031,104,13-08-2025,15-08-2025,Emergency,104-03,Discharged,FALSE,2
403639,101564,2023,108,16-12-2025,20-12-2025,Elective,108-44,Discharged,FALSE,4
403640,104664,2073,101,30-12-2025,04-01-2026,Elective,101-46,Discharged,FALSE,5
403641,108620,2045,107,06-09-2025,18-09-2025,Elective,107-27,Discharged,FALSE,12
403642,100875,2065,104,09-11-2025,12-11-2025,Elective,104-05,Discharged,FALSE,3
403643,107127,2034,102,09-11-2025,11-11-2025,Elective,102-24,Discharged,FALSE,2
403644,100489,2001,102,04-12-2025,11-12-2025,Elective,102-29,Discharged,FALSE,7
403645,102868,2059,104,10-01-2025,14-01-2025,Elective,104-08,Discharged,FALSE,4
403646,103240,2064,108,12-11-2025,19-11-2025,Emergency,108-02,Discharged,FALSE,7
403647,104067,2042,102,25-05-2025,28-05-2025,Emergency,102-22,Discharged,FALSE,3
403648,102596,2057,101,09-02-2026,11-02-2026,Elective,101-40,Discharged,FALSE,2
403649,110947,2050,101,25-01-2025,27-01-2025,Elective,101-20,Discharged,FALSE,2
403650,108466,2076,104,25-04-2026,02-05-2026,Elective,104-06,Discharged,FALSE,7
403651,108701,2079,104,08-03-2025,11-03-2025,Elective,104-31,Discharged,FALSE,3
403652,111474,2050,101,15-06-2026,17-06-2026,Elective,101-47,Discharged,FALSE,2
403653,110145,2002,107,02-01-2025,07-01-2025,Elective,107-45,Discharged,FALSE,5
403654,105040,2017,106,16-12-2025,18-12-2025,Elective,106-49,Discharged,FALSE,2
403655,103233,2006,106,03-12-2025,08-12-2025,Emergency,106-23,Discharged,FALSE,5
403656,101592,2077,106,01-03-2025,04-03-2025,Emergency,106-20,Discharged,FALSE,3
403657,105354,2013,105,09-10-2025,10-10-2025,Elective,105-31,Transferred,FALSE,1
403658,111201,2055,106,01-05-2025,06-05-2025,Emergency,106-37,Transferred,FALSE,5
403659,101709,2048,101,14-03-2026,18-03-2026,Elective,101-47,Discharged,FALSE,4
403660,102427,2053,105,20-02-2025,01-03-2025,Elective,105-19,Discharged,FALSE,9
403661,110153,2068,101,23-01-2025,31-01-2025,Referral,101-41,Transferred,FALSE,8
403662,111461,2035,103,25-04-2026,02-05-2026,Elective,103-45,Discharged,FALSE,7
403663,100324,2052,104,06-03-2025,09-03-2025,Emergency,104-09,Discharged,FALSE,3
403664,104554,2018,104,10-01-2025,15-01-2025,Emergency,104-28,Discharged,FALSE,5
403665,100276,2004,101,16-05-2025,21-05-2025,Elective,101-18,Discharged,FALSE,5
403666,108904,2010,104,03-05-2025,05-05-2025,Emergency,104-38,Discharged,FALSE,2
403667,101757,2029,102,13-08-2025,17-08-2025,Elective,102-18,Discharged,FALSE,4
403668,106957,2061,104,09-08-2025,14-08-2025,Elective,104-15,Discharged,FALSE,5
403669,111775,2020,102,28-05-2026,30-05-2026,Emergency,102-38,Transferred,FALSE,2
403670,110747,2076,104,07-03-2025,10-03-2025,Elective,104-23,Discharged,FALSE,3
403671,109118,2044,106,27-10-2025,04-11-2025,Elective,106-05,Discharged,FALSE,8
403672,111873,2038,108,05-06-2026,06-06-2026,Referral,108-22,Discharged,FALSE,1
403673,101482,2053,105,01-09-2025,05-09-2025,Emergency,105-39,Discharged,FALSE,4
403674,107014,2039,108,09-11-2025,12-11-2025,Elective,108-29,Discharged,FALSE,3
403675,111864,2016,107,19-03-2026,24-03-2026,Elective,107-36,Discharged,FALSE,5
403676,110257,2011,108,03-02-2026,04-02-2026,Emergency,108-33,Transferred,TRUE,1
403677,102705,2074,108,05-08-2025,07-08-2025,Referral,108-18,Discharged,FALSE,2
403678,106472,2079,104,28-06-2025,01-07-2025,Elective,104-17,Discharged,TRUE,3
403679,110380,2068,101,06-01-2025,08-01-2025,Elective,101-07,Discharged,FALSE,2
403680,101043,2035,103,14-04-2026,21-04-2026,Elective,103-26,Discharged,FALSE,7
403681,103125,2003,103,24-04-2026,01-05-2026,Emergency,103-23,Discharged,FALSE,7
403682,109527,2069,106,15-02-2025,16-02-2025,Referral,106-03,Transferred,FALSE,1
403683,105750,2043,108,23-04-2025,28-04-2025,Elective,108-47,Discharged,FALSE,5
403684,105932,2009,105,06-12-2025,08-12-2025,Referral,105-03,Discharged,FALSE,2
403685,104290,2043,108,20-05-2025,21-05-2025,Elective,108-17,Discharged,FALSE,1
403686,100719,2009,105,01-04-2026,06-04-2026,Elective,105-47,Discharged,FALSE,5
403687,104016,2076,104,28-05-2025,31-05-2025,Elective,104-28,Discharged,FALSE,3
403688,107943,2037,105,24-05-2026,25-05-2026,Elective,105-30,Discharged,TRUE,1
403689,102706,2077,106,21-04-2026,23-04-2026,Elective,106-07,Discharged,FALSE,2
403690,107254,2009,105,13-04-2025,21-04-2025,Emergency,105-42,Discharged,FALSE,8
403691,101766,2051,108,10-07-2025,12-07-2025,Elective,108-04,Discharged,FALSE,2
403692,104875,2072,107,14-09-2025,17-09-2025,Elective,107-43,Discharged,FALSE,3
403693,107849,2057,101,02-01-2025,07-01-2025,Referral,101-34,Discharged,FALSE,5
403694,110038,2012,106,21-05-2025,28-05-2025,Emergency,106-01,Discharged,FALSE,7
403695,101521,2013,105,27-03-2025,29-03-2025,Emergency,105-22,Discharged,FALSE,2
403696,103046,2056,102,25-01-2025,30-01-2025,Elective,102-12,Discharged,FALSE,5
403697,104237,2026,102,13-10-2025,17-10-2025,Elective,102-31,Discharged,TRUE,4
403698,109956,2014,105,30-01-2026,05-02-2026,Emergency,105-05,Discharged,FALSE,6
403699,102397,2069,106,25-02-2025,26-02-2025,Emergency,106-20,Discharged,FALSE,1
403700,104810,2006,106,19-08-2025,23-08-2025,Elective,106-10,Discharged,FALSE,4
403701,108440,2017,106,07-03-2025,09-03-2025,Emergency,106-23,Discharged,FALSE,2
403702,102928,2072,107,16-01-2026,19-01-2026,Referral,107-28,Discharged,FALSE,3
403703,103234,2074,108,10-04-2026,15-04-2026,Elective,108-08,Discharged,FALSE,5
403704,104887,2010,104,23-05-2025,27-05-2025,Elective,104-31,Discharged,FALSE,4
403705,104847,2008,105,22-03-2025,25-03-2025,Referral,105-08,Discharged,FALSE,3
403706,103382,2028,107,27-03-2026,30-03-2026,Elective,107-11,Discharged,FALSE,3
403707,100535,2018,104,21-03-2026,27-03-2026,Elective,104-46,Discharged,FALSE,6
403708,103179,2057,101,22-01-2025,25-01-2025,Elective,101-39,Discharged,FALSE,3
403709,101516,2022,101,21-05-2025,26-05-2025,Elective,101-04,Under Treatment,FALSE,5
403710,108129,2011,108,29-12-2025,04-01-2026,Elective,108-25,Discharged,FALSE,6
403711,106877,2075,104,06-07-2025,14-07-2025,Emergency,104-39,Discharged,FALSE,8
403712,106433,2048,101,15-02-2026,22-02-2026,Elective,101-28,Under Treatment,FALSE,7
403713,107595,2064,108,19-05-2026,21-05-2026,Elective,108-42,Discharged,TRUE,2
403714,100275,2054,102,25-03-2025,27-03-2025,Elective,102-04,Discharged,FALSE,2
403715,100473,2047,102,30-01-2025,02-02-2025,Elective,102-21,Discharged,FALSE,3
403716,102527,2039,108,19-08-2025,20-08-2025,Emergency,108-06,Discharged,FALSE,1
403717,111253,2080,107,17-04-2026,23-04-2026,Referral,107-31,Discharged,FALSE,6
403718,109763,2073,101,06-02-2025,07-02-2025,Elective,101-06,Discharged,FALSE,1
403719,110038,2070,106,15-10-2025,18-10-2025,Emergency,106-46,Transferred,TRUE,3
403720,110213,2060,103,16-06-2026,19-06-2026,Emergency,103-41,Discharged,TRUE,3
403721,106266,2051,108,20-08-2025,02-09-2025,Elective,108-34,Discharged,FALSE,13
403722,105957,2022,101,17-05-2025,22-05-2025,Elective,101-32,Discharged,FALSE,5
403723,110188,2080,107,18-03-2026,20-03-2026,Elective,107-18,Discharged,FALSE,2
403724,110726,2001,102,26-12-2025,29-12-2025,Elective,102-47,Discharged,FALSE,3
403725,100365,2071,103,12-11-2025,19-11-2025,Elective,103-45,Discharged,FALSE,7
403726,110581,2067,107,19-05-2025,20-05-2025,Elective,107-47,Discharged,FALSE,1
403727,102831,2006,106,29-04-2025,04-05-2025,Emergency,106-04,Discharged,FALSE,5
403728,102098,2046,107,22-04-2025,25-04-2025,Elective,107-27,Discharged,FALSE,3
403729,101578,2008,105,27-09-2025,28-09-2025,Elective,105-12,Discharged,FALSE,1
403730,110193,2016,107,12-06-2026,16-06-2026,Elective,107-46,Discharged,FALSE,4
403731,111050,2026,102,26-06-2025,30-06-2025,Elective,102-46,Discharged,FALSE,4
403732,100127,2009,105,27-02-2025,01-03-2025,Emergency,105-27,Discharged,FALSE,2
403733,107132,2057,101,09-12-2025,14-12-2025,Emergency,101-24,Discharged,FALSE,5
403734,102165,2021,108,23-05-2025,30-05-2025,Referral,108-02,Discharged,FALSE,7
403735,101994,2007,106,19-01-2025,27-01-2025,Elective,106-08,Discharged,FALSE,8
403736,110040,2048,101,30-03-2025,01-04-2025,Elective,101-36,Discharged,FALSE,2
403737,111466,2003,103,19-08-2025,21-08-2025,Referral,103-18,Discharged,FALSE,2
403738,103913,2058,102,14-06-2026,22-06-2026,Elective,102-47,Discharged,FALSE,8
403739,104682,2060,103,19-01-2025,26-01-2025,Elective,103-08,Discharged,FALSE,7
403740,106746,2041,105,07-04-2026,14-04-2026,Emergency,105-23,Discharged,FALSE,7
403741,101235,2060,103,15-06-2026,27-06-2026,Elective,103-06,Discharged,FALSE,12
403742,111889,2032,101,08-10-2025,11-10-2025,Emergency,101-17,Discharged,FALSE,3
403743,102185,2052,104,03-04-2025,05-04-2025,Emergency,104-34,Discharged,FALSE,2
403744,110024,2033,105,08-02-2026,12-02-2026,Emergency,105-24,Discharged,FALSE,4
403745,107355,2002,107,22-06-2025,01-07-2025,Referral,107-18,Discharged,FALSE,9
403746,107370,2030,105,10-12-2025,11-12-2025,Elective,105-33,Discharged,FALSE,1
403747,108528,2009,105,19-08-2025,25-08-2025,Emergency,105-04,Discharged,FALSE,6
403748,101474,2013,105,15-03-2026,20-03-2026,Referral,105-19,Under Treatment,FALSE,5
403749,100423,2068,101,05-10-2025,06-10-2025,Elective,101-20,Discharged,FALSE,1
403750,104628,2007,106,03-09-2025,04-09-2025,Elective,106-42,Discharged,FALSE,1
403751,107424,2005,106,30-12-2025,01-01-2026,Elective,106-38,Discharged,TRUE,2
403752,102116,2014,105,28-09-2025,06-10-2025,Elective,105-27,Discharged,FALSE,8
403753,110724,2078,105,16-10-2025,23-10-2025,Elective,105-43,Discharged,FALSE,7
403754,106487,2071,103,05-10-2025,10-10-2025,Emergency,103-39,Discharged,FALSE,5
403755,102546,2043,108,11-05-2025,13-05-2025,Elective,108-45,Discharged,FALSE,2
403756,103823,2069,106,09-02-2025,12-02-2025,Emergency,106-46,Discharged,FALSE,3
403757,101969,2047,102,22-09-2025,24-09-2025,Emergency,102-19,Discharged,FALSE,2
403758,100677,2021,108,15-06-2026,18-06-2026,Emergency,108-01,Discharged,FALSE,3
403759,109671,2065,104,21-12-2025,23-12-2025,Elective,104-30,Discharged,TRUE,2
403760,103186,2048,101,15-12-2025,21-12-2025,Referral,101-46,Discharged,FALSE,6
403761,108048,2006,106,27-08-2025,06-09-2025,Elective,106-42,Discharged,FALSE,10
403762,109569,2040,106,16-11-2025,20-11-2025,Elective,106-16,Discharged,FALSE,4
403763,104161,2001,102,26-06-2025,29-06-2025,Elective,102-31,Discharged,TRUE,3
403764,110947,2023,108,28-05-2026,06-06-2026,Emergency,108-06,Discharged,FALSE,9
403765,109996,2070,106,20-03-2026,27-03-2026,Emergency,106-07,Discharged,FALSE,7
403766,105591,2034,102,10-06-2026,11-06-2026,Elective,102-47,Discharged,FALSE,1
403767,102129,2008,105,14-04-2025,23-04-2025,Elective,105-12,Transferred,TRUE,9
403768,108523,2050,101,29-10-2025,04-11-2025,Elective,101-03,Discharged,FALSE,6
403769,104747,2032,101,23-08-2025,26-08-2025,Elective,101-21,Discharged,FALSE,3
403770,103242,2056,102,05-01-2025,11-01-2025,Elective,102-48,Discharged,FALSE,6
403771,110076,2023,108,19-11-2025,27-11-2025,Referral,108-10,Discharged,FALSE,8
403772,106554,2009,105,14-05-2026,20-05-2026,Elective,105-46,Discharged,FALSE,6
403773,103114,2005,106,01-03-2026,04-03-2026,Elective,106-07,Discharged,TRUE,3
403774,111256,2024,108,01-03-2026,06-03-2026,Elective,108-21,Discharged,FALSE,5
403775,110165,2067,107,15-03-2026,18-03-2026,Referral,107-46,Discharged,FALSE,3
403776,103403,2066,102,19-02-2026,23-02-2026,Referral,102-41,Discharged,FALSE,4
403777,108744,2079,104,18-05-2026,19-05-2026,Emergency,104-28,Discharged,FALSE,1
403778,110721,2065,104,07-02-2025,11-02-2025,Emergency,104-21,Discharged,FALSE,4
403779,108798,2013,105,26-12-2025,31-12-2025,Elective,105-12,Discharged,FALSE,5
403780,104324,2065,104,11-03-2025,17-03-2025,Elective,104-15,Discharged,FALSE,6
403781,107190,2046,107,05-07-2025,08-07-2025,Referral,107-18,Discharged,FALSE,3
403782,103715,2021,108,31-05-2025,04-06-2025,Elective,108-35,Discharged,FALSE,4
403783,110361,2012,106,06-07-2025,09-07-2025,Elective,106-38,Discharged,FALSE,3
403784,100926,2025,105,20-05-2026,23-05-2026,Elective,105-02,Discharged,FALSE,3
403785,106433,2033,105,31-10-2025,08-11-2025,Elective,105-43,Discharged,FALSE,8
403786,103142,2048,101,08-10-2025,09-10-2025,Referral,101-02,Discharged,FALSE,1
403787,105384,2037,105,13-06-2026,15-06-2026,Emergency,105-47,Discharged,FALSE,2
403788,100072,2075,104,31-03-2026,08-04-2026,Emergency,104-28,Discharged,FALSE,8
403789,110485,2043,108,26-11-2025,29-11-2025,Emergency,108-07,Discharged,FALSE,3
403790,104434,2061,104,11-06-2025,18-06-2025,Elective,104-41,Transferred,FALSE,7
403791,111290,2033,105,28-03-2025,31-03-2025,Emergency,105-12,Discharged,FALSE,3
403792,106969,2033,105,28-03-2025,01-04-2025,Referral,105-16,Discharged,FALSE,4
403793,100291,2074,108,04-05-2025,08-05-2025,Referral,108-23,Under Treatment,FALSE,4
403794,103732,2039,108,30-03-2025,02-04-2025,Elective,108-05,Discharged,FALSE,3
403795,105332,2058,102,09-08-2025,13-08-2025,Elective,102-46,Discharged,FALSE,4
403796,105999,2011,108,12-02-2026,14-02-2026,Referral,108-12,Discharged,FALSE,2
403797,102107,2012,106,31-01-2025,03-02-2025,Elective,106-07,Discharged,FALSE,3
403798,102233,2048,101,13-04-2026,19-04-2026,Emergency,101-43,Discharged,FALSE,6
403799,110140,2052,104,29-10-2025,02-11-2025,Elective,104-31,Discharged,FALSE,4
403800,100178,2002,107,26-05-2025,01-06-2025,Elective,107-37,Discharged,FALSE,6
403801,110971,2030,105,20-12-2025,25-12-2025,Referral,105-43,Under Treatment,FALSE,5
403802,102434,2047,102,28-03-2026,01-04-2026,Elective,102-37,Discharged,FALSE,4
403803,104994,2077,106,16-02-2025,21-02-2025,Elective,106-33,Discharged,FALSE,5
403804,111743,2042,102,02-12-2025,05-12-2025,Elective,102-07,Discharged,FALSE,3
403805,107455,2038,108,01-04-2026,06-04-2026,Elective,108-40,Discharged,FALSE,5
403806,100743,2052,104,02-03-2026,07-03-2026,Elective,104-44,Discharged,FALSE,5
403807,109339,2003,103,20-07-2025,25-07-2025,Emergency,103-20,Discharged,TRUE,5
403808,105426,2075,104,04-12-2025,08-12-2025,Elective,104-04,Transferred,FALSE,4
403809,111909,2001,102,11-12-2025,17-12-2025,Elective,102-27,Discharged,FALSE,6
403810,104791,2065,104,18-04-2026,27-04-2026,Elective,104-25,Transferred,FALSE,9
403811,105628,2064,108,10-01-2026,15-01-2026,Emergency,108-22,Under Treatment,FALSE,5
403812,102959,2065,104,15-04-2025,24-04-2025,Emergency,104-10,Transferred,FALSE,9
403813,109571,2004,101,08-05-2025,13-05-2025,Elective,101-36,Discharged,TRUE,5
403814,106829,2011,108,19-11-2025,30-11-2025,Elective,108-46,Discharged,FALSE,11
403815,111876,2048,101,18-05-2026,21-05-2026,Elective,101-08,Discharged,FALSE,3
403816,104977,2076,104,26-01-2025,28-01-2025,Emergency,104-50,Discharged,TRUE,2
403817,106603,2047,102,12-12-2025,15-12-2025,Emergency,102-12,Discharged,FALSE,3
403818,109689,2076,104,16-01-2025,19-01-2025,Elective,104-27,Discharged,FALSE,3
403819,105556,2028,107,22-11-2025,28-11-2025,Emergency,107-36,Discharged,FALSE,6
403820,100854,2058,102,08-11-2025,17-11-2025,Elective,102-33,Under Treatment,TRUE,9
403821,109852,2068,101,08-03-2026,09-03-2026,Emergency,101-22,Discharged,FALSE,1
403822,106076,2017,106,15-02-2026,19-02-2026,Referral,106-38,Discharged,FALSE,4
403823,105841,2065,104,03-04-2026,04-04-2026,Referral,104-22,Discharged,FALSE,1
403824,102377,2016,107,02-10-2025,04-10-2025,Elective,107-07,Discharged,FALSE,2
403825,106722,2059,104,26-03-2026,28-03-2026,Elective,104-09,Discharged,FALSE,2
403826,108892,2017,106,06-11-2025,08-11-2025,Elective,106-39,Discharged,FALSE,2
403827,111270,2054,102,16-03-2026,19-03-2026,Elective,102-45,Transferred,FALSE,3
403828,108695,2048,101,02-10-2025,07-10-2025,Referral,101-50,Discharged,FALSE,5
403829,107207,2067,107,30-05-2025,31-05-2025,Elective,107-16,Discharged,FALSE,1
403830,105339,2066,102,29-09-2025,01-10-2025,Elective,102-05,Discharged,TRUE,2
403831,105829,2007,106,23-07-2025,26-07-2025,Emergency,106-34,Discharged,FALSE,3
403832,109466,2019,101,07-01-2026,11-01-2026,Emergency,101-26,Discharged,FALSE,4
403833,105825,2062,101,22-04-2025,25-04-2025,Emergency,101-31,Transferred,FALSE,3
403834,103755,2075,104,09-04-2025,10-04-2025,Emergency,104-28,Discharged,FALSE,1
403835,111083,2038,108,04-12-2025,22-12-2025,Elective,108-21,Discharged,FALSE,18
403836,108862,2059,104,09-05-2026,12-05-2026,Emergency,104-27,Discharged,FALSE,3
403837,109997,2038,108,22-07-2025,23-07-2025,Elective,108-17,Discharged,FALSE,1
403838,100133,2025,105,27-05-2025,02-06-2025,Elective,105-41,Under Treatment,FALSE,6
403839,108806,2012,106,25-12-2025,26-12-2025,Referral,106-49,Discharged,FALSE,1
403840,101815,2058,102,12-09-2025,17-09-2025,Elective,102-27,Discharged,FALSE,5
403841,104253,2062,101,23-01-2026,25-01-2026,Elective,101-22,Discharged,FALSE,2
403842,106099,2037,105,01-03-2025,05-03-2025,Emergency,105-13,Discharged,FALSE,4
403843,101088,2004,101,19-03-2026,21-03-2026,Elective,101-11,Discharged,TRUE,2
403844,105208,2037,105,10-11-2025,17-11-2025,Emergency,105-41,Discharged,FALSE,7
403845,101320,2076,104,13-04-2026,17-04-2026,Elective,104-22,Discharged,TRUE,4
403846,103523,2001,102,09-06-2026,12-06-2026,Emergency,102-40,Discharged,TRUE,3
403847,111167,2072,107,23-03-2026,25-03-2026,Elective,107-28,Discharged,FALSE,2
403848,103430,2069,106,28-01-2026,03-02-2026,Elective,106-11,Discharged,FALSE,6
403849,110234,2014,105,06-02-2026,08-02-2026,Referral,105-02,Discharged,FALSE,2
403850,107546,2061,104,07-04-2025,13-04-2025,Referral,104-45,Discharged,FALSE,6
403851,102815,2034,102,15-01-2026,22-01-2026,Emergency,102-18,Discharged,TRUE,7
403852,102831,2065,104,02-02-2026,03-02-2026,Emergency,104-50,Discharged,FALSE,1
403853,110674,2075,104,13-07-2025,14-07-2025,Elective,104-32,Transferred,FALSE,1
403854,102614,2002,107,31-03-2026,04-04-2026,Emergency,107-40,Transferred,FALSE,4
403855,103617,2074,108,16-06-2026,18-06-2026,Emergency,108-18,Discharged,FALSE,2
403856,102913,2043,108,17-02-2026,23-02-2026,Emergency,108-13,Discharged,TRUE,6
403857,108600,2016,107,15-12-2025,19-12-2025,Elective,107-23,Discharged,FALSE,4
403858,106646,2049,106,23-11-2025,26-11-2025,Emergency,106-03,Discharged,FALSE,3
403859,102447,2024,108,20-12-2025,21-12-2025,Elective,108-29,Transferred,FALSE,1
403860,103440,2014,105,25-05-2025,03-06-2025,Elective,105-10,Discharged,FALSE,9
403861,110981,2005,106,11-07-2025,18-07-2025,Emergency,106-38,Discharged,TRUE,7
403862,104061,2050,101,19-03-2025,24-03-2025,Elective,101-49,Discharged,FALSE,5
403863,110698,2056,102,22-02-2025,25-02-2025,Emergency,102-28,Discharged,TRUE,3
403864,104168,2076,104,13-10-2025,18-10-2025,Emergency,104-36,Transferred,TRUE,5
403865,111030,2031,104,04-01-2026,06-01-2026,Emergency,104-10,Discharged,FALSE,2
403866,104081,2028,107,13-03-2025,15-03-2025,Elective,107-26,Discharged,FALSE,2
403867,100911,2044,106,08-11-2025,12-11-2025,Elective,106-23,Discharged,FALSE,4
403868,105082,2014,105,28-05-2026,31-05-2026,Elective,105-36,Discharged,FALSE,3
403869,103196,2020,102,15-02-2026,22-02-2026,Referral,102-19,Discharged,TRUE,7
403870,109557,2054,102,09-01-2026,18-01-2026,Elective,102-28,Discharged,FALSE,9
403871,106883,2054,102,23-05-2026,03-06-2026,Referral,102-47,Discharged,FALSE,11
403872,107649,2053,105,25-04-2026,26-04-2026,Emergency,105-21,Discharged,TRUE,1
403873,105336,2038,108,01-02-2026,03-02-2026,Emergency,108-50,Discharged,FALSE,2
403874,103250,2051,108,16-05-2025,17-05-2025,Elective,108-03,Discharged,FALSE,1
403875,100650,2052,104,18-04-2025,21-04-2025,Elective,104-22,Discharged,FALSE,3
403876,100122,2056,102,04-04-2026,08-04-2026,Referral,102-23,Discharged,FALSE,4
403877,110009,2061,104,13-01-2025,19-01-2025,Referral,104-36,Discharged,FALSE,6
403878,100679,2042,102,22-11-2025,26-11-2025,Elective,102-15,Discharged,FALSE,4
403879,109574,2074,108,30-09-2025,01-10-2025,Emergency,108-35,Discharged,FALSE,1
403880,107022,2007,106,02-07-2025,07-07-2025,Emergency,106-49,Discharged,FALSE,5
403881,111697,2037,105,04-09-2025,12-09-2025,Referral,105-44,Discharged,FALSE,8
403882,103131,2042,102,09-06-2025,10-06-2025,Referral,102-25,Discharged,FALSE,1
403883,101411,2027,101,17-10-2025,19-10-2025,Emergency,101-29,Discharged,FALSE,2
403884,102174,2034,102,10-09-2025,14-09-2025,Elective,102-48,Discharged,FALSE,4
403885,102748,2071,103,21-06-2025,27-06-2025,Emergency,103-26,Discharged,FALSE,6
403886,102379,2050,101,28-05-2026,31-05-2026,Elective,101-21,Discharged,FALSE,3
403887,107712,2014,105,11-06-2025,14-06-2025,Elective,105-15,Discharged,FALSE,3
403888,110007,2073,101,23-07-2025,03-08-2025,Emergency,101-23,Discharged,FALSE,11
403889,110092,2034,102,14-01-2026,20-01-2026,Emergency,102-25,Discharged,FALSE,6
403890,105282,2045,107,29-01-2025,01-02-2025,Referral,107-21,Discharged,FALSE,3
403891,100119,2009,105,05-04-2025,09-04-2025,Emergency,105-07,Discharged,FALSE,4
403892,104032,2046,107,08-10-2025,16-10-2025,Emergency,107-24,Discharged,FALSE,8
403893,110227,2046,107,18-01-2026,21-01-2026,Referral,107-23,Discharged,FALSE,3
403894,110435,2033,105,23-06-2025,18-07-2025,Emergency,105-42,Transferred,FALSE,25
403895,109223,2048,101,18-02-2025,19-02-2025,Elective,101-06,Discharged,FALSE,1
403896,107031,2034,102,20-01-2026,23-01-2026,Emergency,102-09,Discharged,FALSE,3
403897,105357,2045,107,14-06-2026,18-06-2026,Elective,107-27,Discharged,FALSE,4
403898,104665,2001,102,24-05-2026,27-05-2026,Elective,102-34,Discharged,FALSE,3
403899,106535,2006,106,19-01-2025,27-01-2025,Emergency,106-48,Discharged,FALSE,8
403900,101695,2075,104,27-03-2025,03-04-2025,Emergency,104-33,Discharged,FALSE,7
403901,101161,2005,106,09-08-2025,14-08-2025,Elective,106-36,Discharged,FALSE,5
403902,108605,2078,105,05-01-2025,07-01-2025,Elective,105-40,Under Treatment,FALSE,2
403903,110148,2074,108,28-04-2025,01-05-2025,Elective,108-45,Discharged,TRUE,3
403904,108032,2027,101,03-03-2025,06-03-2025,Referral,101-38,Discharged,FALSE,3
403905,106878,2056,102,05-06-2025,09-06-2025,Elective,102-26,Discharged,FALSE,4
403906,109824,2044,106,15-12-2025,28-12-2025,Referral,106-07,Discharged,FALSE,13
403907,107768,2080,107,25-07-2025,27-07-2025,Elective,107-27,Discharged,FALSE,2
403908,107521,2037,105,11-05-2026,12-05-2026,Elective,105-04,Discharged,FALSE,1
403909,104137,2050,101,26-02-2025,01-03-2025,Emergency,101-10,Discharged,FALSE,3
403910,102247,2027,101,24-02-2026,27-02-2026,Emergency,101-25,Discharged,FALSE,3
403911,100624,2014,105,01-07-2025,03-07-2025,Elective,105-06,Discharged,TRUE,2
403912,104356,2059,104,07-10-2025,08-10-2025,Elective,104-32,Discharged,FALSE,1
403913,100619,2073,101,03-03-2025,05-03-2025,Referral,101-15,Discharged,FALSE,2
403914,105775,2067,107,06-03-2026,11-03-2026,Emergency,107-03,Discharged,FALSE,5
403915,100896,2073,101,27-07-2025,31-07-2025,Elective,101-46,Discharged,FALSE,4
403916,103238,2027,101,18-01-2026,25-01-2026,Elective,101-34,Discharged,FALSE,7
403917,111932,2004,101,02-07-2025,05-07-2025,Elective,101-50,Discharged,FALSE,3
403918,102829,2018,104,10-03-2025,11-03-2025,Elective,104-01,Transferred,FALSE,1
403919,100183,2045,107,07-08-2025,15-08-2025,Emergency,107-01,Discharged,FALSE,8
403920,103825,2053,105,11-06-2026,14-06-2026,Emergency,105-48,Transferred,FALSE,3
403921,106742,2069,106,10-02-2025,11-02-2025,Elective,106-14,Discharged,FALSE,1
403922,103921,2026,102,30-12-2025,08-01-2026,Emergency,102-18,Under Treatment,FALSE,9
403923,106859,2032,101,01-07-2025,02-07-2025,Elective,101-49,Discharged,FALSE,1
403924,101660,2074,108,17-06-2025,23-06-2025,Elective,108-35,Discharged,FALSE,6
403925,107507,2029,102,13-02-2026,19-02-2026,Emergency,102-26,Discharged,FALSE,6
403926,104898,2066,102,14-06-2025,15-06-2025,Elective,102-09,Transferred,FALSE,1
403927,106630,2038,108,21-03-2025,22-03-2025,Elective,108-02,Discharged,FALSE,1
403928,104708,2042,102,09-03-2026,13-03-2026,Emergency,102-17,Under Treatment,FALSE,4
403929,100352,2002,107,06-08-2025,13-08-2025,Elective,107-26,Discharged,FALSE,7
403930,103419,2004,101,21-01-2026,26-01-2026,Elective,101-31,Discharged,FALSE,5
403931,105766,2035,103,29-06-2025,30-06-2025,Elective,103-46,Discharged,FALSE,1
403932,103392,2040,106,15-01-2026,19-01-2026,Elective,106-44,Discharged,FALSE,4
403933,105877,2046,107,29-11-2025,06-12-2025,Elective,107-31,Discharged,TRUE,7
403934,103302,2040,106,15-01-2026,16-01-2026,Elective,106-15,Discharged,FALSE,1
403935,110622,2023,108,15-01-2025,16-01-2025,Emergency,108-10,Transferred,FALSE,1
403936,111389,2053,105,04-03-2025,07-03-2025,Elective,105-18,Discharged,FALSE,3
403937,106173,2036,102,27-10-2025,30-10-2025,Elective,102-21,Transferred,FALSE,3
403938,111151,2054,102,06-11-2025,07-11-2025,Emergency,102-13,Discharged,FALSE,1
403939,109798,2062,101,31-01-2026,04-02-2026,Elective,101-47,Discharged,FALSE,4
403940,106955,2005,106,06-11-2025,10-11-2025,Emergency,106-11,Discharged,FALSE,4
403941,110243,2009,105,19-05-2026,20-05-2026,Emergency,105-04,Discharged,FALSE,1
403942,101475,2049,106,20-10-2025,21-10-2025,Elective,106-42,Discharged,TRUE,1
403943,105503,2063,108,28-05-2025,02-06-2025,Emergency,108-20,Discharged,FALSE,5
403944,102820,2074,108,02-06-2025,05-06-2025,Emergency,108-38,Discharged,FALSE,3
403945,100421,2075,104,31-07-2025,05-08-2025,Referral,104-11,Discharged,FALSE,5
403946,101731,2029,102,17-05-2025,22-05-2025,Referral,102-10,Discharged,FALSE,5
403947,103056,2027,101,21-04-2026,24-04-2026,Emergency,101-03,Discharged,FALSE,3
403948,104235,2027,101,27-02-2026,01-03-2026,Referral,101-23,Discharged,FALSE,2
403949,109006,2079,104,04-04-2025,07-04-2025,Emergency,104-01,Discharged,FALSE,3
403950,103150,2023,108,02-03-2026,04-03-2026,Elective,108-22,Under Treatment,FALSE,2
403951,107781,2067,107,06-09-2025,08-09-2025,Elective,107-20,Discharged,FALSE,2
403952,111878,2063,108,12-05-2026,16-05-2026,Elective,108-34,Discharged,FALSE,4
403953,103189,2012,106,20-10-2025,23-10-2025,Referral,106-47,Discharged,FALSE,3
403954,108611,2025,105,11-11-2025,14-11-2025,Emergency,105-38,Discharged,TRUE,3
403955,101982,2042,102,26-01-2026,29-01-2026,Referral,102-25,Discharged,FALSE,3
403956,106214,2060,103,11-04-2025,19-04-2025,Emergency,103-34,Under Treatment,FALSE,8
403957,103226,2010,104,23-02-2026,27-02-2026,Elective,104-42,Discharged,FALSE,4
403958,109725,2044,106,29-05-2025,01-06-2025,Emergency,106-48,Discharged,FALSE,3
403959,106080,2051,108,03-07-2025,05-07-2025,Elective,108-25,Discharged,FALSE,2
403960,109474,2025,105,12-03-2026,19-03-2026,Emergency,105-06,Discharged,FALSE,7
403961,101406,2033,105,11-04-2025,13-04-2025,Elective,105-12,Transferred,FALSE,2
403962,106044,2030,105,24-01-2025,25-01-2025,Emergency,105-31,Discharged,FALSE,1
403963,107196,2070,106,16-04-2025,23-04-2025,Emergency,106-03,Transferred,FALSE,7
403964,102136,2048,101,08-11-2025,12-11-2025,Emergency,101-10,Discharged,FALSE,4
403965,106489,2017,106,20-05-2026,23-05-2026,Elective,106-17,Discharged,FALSE,3
403966,108196,2016,107,28-07-2025,01-08-2025,Emergency,107-47,Transferred,FALSE,4
403967,108618,2032,101,20-12-2025,25-12-2025,Referral,101-18,Transferred,FALSE,5
403968,106109,2077,106,17-12-2025,22-12-2025,Elective,106-05,Discharged,FALSE,5
403969,110393,2008,105,25-01-2026,28-01-2026,Referral,105-48,Discharged,FALSE,3
403970,105728,2057,101,23-04-2026,29-04-2026,Elective,101-18,Discharged,FALSE,6
403971,110951,2055,106,28-11-2025,29-11-2025,Elective,106-35,Discharged,FALSE,1
403972,104434,2080,107,19-12-2025,20-12-2025,Elective,107-10,Discharged,FALSE,1
403973,100889,2018,104,28-04-2026,06-05-2026,Emergency,104-23,Transferred,TRUE,8
403974,104347,2062,101,14-06-2026,17-06-2026,Elective,101-18,Discharged,FALSE,3
403975,102607,2028,107,25-08-2025,28-08-2025,Emergency,107-26,Discharged,FALSE,3
403976,101703,2079,104,25-12-2025,31-12-2025,Elective,104-42,Transferred,FALSE,6
403977,101013,2077,106,23-05-2026,01-06-2026,Elective,106-13,Discharged,FALSE,9
403978,110639,2053,105,18-01-2026,21-01-2026,Emergency,105-23,Discharged,FALSE,3
403979,100323,2023,108,19-06-2026,20-06-2026,Emergency,108-15,Under Treatment,TRUE,1
403980,104283,2055,106,26-04-2026,28-04-2026,Referral,106-40,Discharged,FALSE,2
403981,107991,2004,101,05-02-2025,07-02-2025,Elective,101-21,Discharged,FALSE,2
403982,111803,2047,102,25-04-2026,27-04-2026,Elective,102-03,Discharged,FALSE,2
403983,109135,2023,108,23-11-2025,25-11-2025,Elective,108-50,Discharged,FALSE,2
403984,111219,2016,107,28-03-2026,31-03-2026,Emergency,107-18,Discharged,FALSE,3
403985,109139,2074,108,09-04-2026,12-04-2026,Referral,108-48,Discharged,FALSE,3
403986,103979,2037,105,21-12-2025,26-12-2025,Elective,105-41,Discharged,FALSE,5
403987,111861,2021,108,11-11-2025,14-11-2025,Elective,108-03,Discharged,FALSE,3
403988,103392,2057,101,30-09-2025,02-10-2025,Elective,101-30,Discharged,FALSE,2
403989,107696,2033,105,17-04-2025,22-04-2025,Elective,105-46,Discharged,FALSE,5
403990,104537,2013,105,18-11-2025,29-11-2025,Emergency,105-15,Discharged,FALSE,11
403991,100041,2007,106,27-08-2025,30-08-2025,Elective,106-05,Discharged,FALSE,3
403992,107658,2051,108,16-05-2025,22-05-2025,Elective,108-08,Under Treatment,FALSE,6
403993,104682,2008,105,03-09-2025,04-09-2025,Emergency,105-30,Discharged,FALSE,1
403994,102761,2021,108,11-04-2025,12-04-2025,Elective,108-32,Discharged,FALSE,1
403995,109505,2060,103,18-11-2025,23-11-2025,Elective,103-12,Transferred,FALSE,5
403996,100037,2004,101,03-12-2025,10-12-2025,Emergency,101-24,Discharged,FALSE,7
403997,108073,2020,102,11-01-2026,12-01-2026,Elective,102-11,Transferred,FALSE,1
403998,110313,2076,104,06-05-2026,09-05-2026,Referral,104-20,Discharged,FALSE,3
403999,108107,2072,107,23-11-2025,24-11-2025,Elective,107-38,Discharged,FALSE,1
404000,105797,2055,106,06-05-2025,12-05-2025,Elective,106-27,Discharged,FALSE,6
404001,102799,2070,106,01-12-2025,02-12-2025,Elective,106-25,Under Treatment,FALSE,1
404002,100764,2064,108,19-04-2026,26-04-2026,Emergency,108-25,Discharged,FALSE,7
404003,107007,2011,108,26-04-2026,28-04-2026,Emergency,108-26,Discharged,FALSE,2
404004,104528,2004,101,20-06-2026,27-06-2026,Elective,101-20,Discharged,FALSE,7
404005,108379,2051,108,08-05-2026,13-05-2026,Elective,108-46,Discharged,FALSE,5
404006,108955,2063,108,21-01-2026,25-01-2026,Elective,108-25,Transferred,FALSE,4
404007,102495,2031,104,02-03-2026,05-03-2026,Elective,104-39,Discharged,FALSE,3
404008,109375,2065,104,07-06-2026,13-06-2026,Elective,104-33,Discharged,FALSE,6
404009,101130,2027,101,12-11-2025,15-11-2025,Elective,101-18,Discharged,FALSE,3
404010,106440,2056,102,21-06-2025,28-06-2025,Elective,102-29,Under Treatment,FALSE,7
404011,102674,2006,106,05-10-2025,16-10-2025,Elective,106-12,Discharged,FALSE,11
404012,109190,2009,105,06-06-2026,08-06-2026,Referral,105-07,Discharged,FALSE,2
404013,102985,2063,108,16-05-2025,18-05-2025,Emergency,108-42,Under Treatment,FALSE,2
404014,108827,2034,102,05-06-2025,07-06-2025,Elective,102-36,Discharged,FALSE,2
404015,106764,2069,106,26-01-2025,27-01-2025,Referral,106-37,Discharged,FALSE,1
404016,107458,2025,105,11-09-2025,16-09-2025,Elective,105-32,Discharged,TRUE,5
404017,105468,2038,108,25-10-2025,28-10-2025,Elective,108-46,Discharged,FALSE,3
404018,103160,2020,102,10-07-2025,12-07-2025,Elective,102-19,Discharged,FALSE,2
404019,110678,2078,105,30-04-2025,01-05-2025,Emergency,105-41,Discharged,FALSE,1
404020,108548,2030,105,24-06-2025,28-06-2025,Emergency,105-49,Discharged,FALSE,4
404021,109820,2014,105,19-03-2026,21-03-2026,Emergency,105-41,Discharged,FALSE,2
404022,100257,2021,108,30-08-2025,02-09-2025,Elective,108-33,Discharged,FALSE,3
404023,102492,2072,107,01-06-2026,14-06-2026,Elective,107-31,Discharged,FALSE,13
404024,109773,2041,105,21-01-2026,26-01-2026,Elective,105-01,Discharged,FALSE,5
404025,101190,2020,102,17-04-2025,20-04-2025,Elective,102-30,Under Treatment,TRUE,3
404026,107998,2028,107,16-04-2025,28-04-2025,Emergency,107-12,Discharged,FALSE,12
404027,101517,2072,107,14-03-2026,16-03-2026,Elective,107-03,Discharged,FALSE,2
404028,110541,2058,102,17-05-2026,19-05-2026,Elective,102-03,Discharged,FALSE,2
404029,107909,2005,106,04-06-2025,11-06-2025,Emergency,106-19,Discharged,FALSE,7
404030,103066,2077,106,01-01-2025,02-01-2025,Elective,106-43,Discharged,FALSE,1
404031,110047,2071,103,08-06-2026,09-06-2026,Referral,103-26,Discharged,FALSE,1
404032,103984,2048,101,19-05-2026,20-05-2026,Elective,101-09,Discharged,FALSE,1
404033,107803,2036,102,29-04-2026,04-05-2026,Elective,102-45,Discharged,FALSE,5
404034,102830,2061,104,28-01-2025,29-01-2025,Elective,104-46,Discharged,FALSE,1
404035,108762,2052,104,27-08-2025,29-08-2025,Elective,104-35,Discharged,FALSE,2
404036,101043,2016,107,20-02-2026,23-02-2026,Elective,107-45,Discharged,FALSE,3
404037,103974,2066,102,04-02-2025,14-02-2025,Elective,102-27,Discharged,FALSE,10
404038,105123,2080,107,05-06-2025,12-06-2025,Elective,107-17,Discharged,FALSE,7
404039,107896,2052,104,10-08-2025,19-08-2025,Emergency,104-32,Discharged,FALSE,9
404040,111205,2006,106,31-03-2026,04-04-2026,Elective,106-18,Discharged,FALSE,4
404041,110252,2071,103,09-04-2026,13-04-2026,Referral,103-41,Discharged,FALSE,4
404042,110228,2028,107,10-08-2025,11-08-2025,Elective,107-07,Discharged,FALSE,1
404043,100877,2060,103,11-04-2025,12-04-2025,Elective,103-02,Discharged,FALSE,1
404044,105746,2034,102,09-11-2025,17-11-2025,Elective,102-31,Discharged,FALSE,8
404045,107244,2038,108,16-09-2025,21-09-2025,Elective,108-31,Discharged,FALSE,5
404046,108855,2001,102,09-05-2026,12-05-2026,Elective,102-25,Discharged,FALSE,3
404047,100974,2066,102,31-03-2026,01-04-2026,Emergency,102-37,Discharged,FALSE,1
404048,107796,2056,102,18-04-2026,22-04-2026,Elective,102-09,Under Treatment,FALSE,4
404049,102767,2046,107,17-01-2025,20-01-2025,Elective,107-44,Discharged,FALSE,3
404050,105266,2067,107,06-09-2025,10-09-2025,Elective,107-36,Transferred,FALSE,4
404051,107272,2001,102,09-07-2025,10-07-2025,Elective,102-48,Discharged,FALSE,1
404052,110565,2036,102,18-04-2025,20-04-2025,Elective,102-13,Discharged,FALSE,2
404053,102798,2055,106,14-03-2026,18-03-2026,Referral,106-48,Discharged,FALSE,4
404054,102438,2067,107,11-08-2025,12-08-2025,Elective,107-12,Discharged,FALSE,1
404055,109891,2016,107,05-09-2025,08-09-2025,Emergency,107-14,Discharged,FALSE,3
404056,108309,2079,104,31-03-2026,01-04-2026,Referral,104-08,Under Treatment,FALSE,1
404057,101888,2050,101,11-05-2026,30-05-2026,Elective,101-02,Discharged,FALSE,19
404058,103835,2028,107,05-06-2026,10-06-2026,Elective,107-08,Discharged,FALSE,5
404059,105897,2008,105,10-01-2026,11-01-2026,Emergency,105-44,Discharged,FALSE,1
404060,105541,2006,106,11-07-2025,20-07-2025,Emergency,106-11,Discharged,FALSE,9
404061,106662,2071,103,28-03-2026,01-04-2026,Elective,103-01,Discharged,FALSE,4
404062,109425,2018,104,13-03-2025,19-03-2025,Elective,104-01,Under Treatment,FALSE,6
404063,103946,2034,102,12-05-2026,24-05-2026,Elective,102-07,Discharged,FALSE,12
404064,105068,2005,106,08-10-2025,15-10-2025,Emergency,106-25,Discharged,FALSE,7
404065,110357,2038,108,27-02-2026,04-03-2026,Elective,108-12,Discharged,FALSE,5
404066,111444,2043,108,10-04-2025,14-04-2025,Emergency,108-31,Discharged,FALSE,4
404067,103331,2018,104,07-01-2026,10-01-2026,Referral,104-49,Under Treatment,FALSE,3
404068,101897,2014,105,13-08-2025,16-08-2025,Elective,105-30,Discharged,FALSE,3
404069,107351,2038,108,23-05-2026,31-05-2026,Elective,108-45,Discharged,FALSE,8
404070,105736,2067,107,23-01-2025,31-01-2025,Emergency,107-44,Under Treatment,FALSE,8
404071,111515,2061,104,10-05-2025,14-05-2025,Emergency,104-12,Discharged,FALSE,4
404072,108806,2025,105,31-07-2025,03-08-2025,Elective,105-16,Transferred,TRUE,3
404073,109509,2050,101,18-01-2025,20-01-2025,Elective,101-35,Discharged,FALSE,2
404074,105839,2009,105,07-03-2025,10-03-2025,Elective,105-33,Under Treatment,TRUE,3
404075,109358,2075,104,18-08-2025,24-08-2025,Referral,104-06,Under Treatment,FALSE,6
404076,106544,2044,106,19-04-2025,24-04-2025,Referral,106-34,Discharged,FALSE,5
404077,100976,2070,106,10-02-2026,12-02-2026,Emergency,106-29,Discharged,FALSE,2
404078,106941,2029,102,28-10-2025,31-10-2025,Emergency,102-01,Discharged,TRUE,3
404079,100451,2040,106,10-06-2025,12-06-2025,Elective,106-34,Discharged,FALSE,2
404080,108792,2063,108,25-02-2026,26-02-2026,Elective,108-35,Discharged,FALSE,1
404081,109416,2063,108,14-06-2026,21-06-2026,Elective,108-04,Discharged,FALSE,7
404082,103228,2037,105,23-06-2025,30-06-2025,Elective,105-12,Transferred,FALSE,7
404083,102516,2009,105,18-06-2026,21-06-2026,Elective,105-28,Discharged,FALSE,3
404084,109255,2032,101,20-02-2025,22-02-2025,Referral,101-48,Discharged,FALSE,2
404085,104310,2009,105,06-01-2026,09-01-2026,Referral,105-09,Discharged,FALSE,3
404086,105424,2034,102,04-09-2025,06-09-2025,Elective,102-18,Discharged,TRUE,2
404087,107985,2028,107,21-03-2025,25-03-2025,Elective,107-20,Discharged,FALSE,4
404088,110509,2005,106,10-06-2026,12-06-2026,Emergency,106-08,Discharged,FALSE,2
404089,105833,2009,105,18-03-2025,21-03-2025,Elective,105-24,Under Treatment,TRUE,3
404090,109142,2005,106,13-05-2025,15-05-2025,Elective,106-35,Discharged,FALSE,2
404091,109742,2028,107,29-07-2025,01-08-2025,Emergency,107-50,Discharged,FALSE,3
404092,107879,2045,107,28-02-2026,01-03-2026,Emergency,107-08,Discharged,FALSE,1
404093,108145,2007,106,04-04-2026,09-04-2026,Elective,106-02,Discharged,TRUE,5
404094,106056,2051,108,29-03-2025,30-03-2025,Referral,108-42,Discharged,FALSE,1
404095,110250,2041,105,31-07-2025,01-08-2025,Elective,105-23,Discharged,FALSE,1
404096,100574,2044,106,28-01-2026,05-02-2026,Emergency,106-22,Discharged,FALSE,8
404097,109500,2046,107,29-01-2026,01-02-2026,Elective,107-42,Discharged,FALSE,3
404098,106452,2046,107,31-01-2026,03-02-2026,Elective,107-25,Discharged,FALSE,3
404099,107675,2074,108,26-02-2026,03-03-2026,Emergency,108-34,Discharged,FALSE,5
404100,101826,2034,102,19-12-2025,20-12-2025,Elective,102-06,Discharged,FALSE,1
404101,103562,2036,102,03-04-2026,04-04-2026,Emergency,102-26,Discharged,FALSE,1
404102,105522,2001,102,12-01-2026,17-01-2026,Elective,102-03,Discharged,FALSE,5
404103,111906,2009,105,14-05-2026,18-05-2026,Elective,105-37,Discharged,FALSE,4
404104,106602,2029,102,31-03-2026,02-04-2026,Referral,102-49,Discharged,FALSE,2
404105,107462,2003,103,19-05-2026,24-05-2026,Emergency,103-50,Discharged,FALSE,5
404106,105217,2069,106,09-05-2025,14-05-2025,Referral,106-32,Discharged,FALSE,5
404107,110720,2029,102,10-09-2025,17-09-2025,Elective,102-10,Discharged,FALSE,7
404108,103275,2002,107,10-03-2026,13-03-2026,Elective,107-36,Transferred,FALSE,3
404109,107818,2024,108,28-12-2025,03-01-2026,Elective,108-50,Discharged,FALSE,6
404110,102313,2030,105,22-02-2026,26-02-2026,Referral,105-26,Discharged,FALSE,4
404111,102101,2034,102,21-02-2026,02-03-2026,Elective,102-41,Discharged,FALSE,9
404112,107588,2047,102,11-01-2025,13-01-2025,Emergency,102-32,Transferred,FALSE,2
404113,106222,2075,104,06-10-2025,10-10-2025,Elective,104-12,Discharged,FALSE,4
404114,111129,2066,102,25-06-2025,27-06-2025,Elective,102-15,Discharged,FALSE,2
404115,104287,2012,106,07-02-2026,09-02-2026,Elective,106-23,Discharged,FALSE,2
404116,110240,2038,108,26-11-2025,30-11-2025,Elective,108-35,Discharged,FALSE,4
404117,111658,2040,106,13-07-2025,15-07-2025,Elective,106-36,Discharged,FALSE,2
404118,102904,2034,102,22-09-2025,23-09-2025,Elective,102-13,Discharged,FALSE,1
404119,105225,2065,104,08-03-2025,13-03-2025,Elective,104-48,Discharged,FALSE,5
404120,106295,2073,101,25-02-2025,02-03-2025,Elective,101-12,Discharged,TRUE,5
404121,109288,2065,104,17-08-2025,28-08-2025,Elective,104-25,Discharged,FALSE,11
404122,105391,2034,102,09-08-2025,13-08-2025,Elective,102-10,Discharged,FALSE,4
404123,101439,2018,104,20-12-2025,22-12-2025,Referral,104-28,Discharged,FALSE,2
404124,100501,2043,108,27-03-2026,31-03-2026,Referral,108-19,Discharged,FALSE,4
404125,111179,2077,106,24-10-2025,27-10-2025,Elective,106-36,Discharged,FALSE,3
404126,100401,2018,104,02-06-2026,07-06-2026,Elective,104-40,Discharged,FALSE,5
404127,106330,2070,106,22-03-2025,25-03-2025,Elective,106-46,Discharged,FALSE,3
404128,107798,2011,108,30-04-2026,03-05-2026,Elective,108-49,Discharged,FALSE,3
404129,105783,2043,108,01-07-2025,04-07-2025,Referral,108-03,Discharged,FALSE,3
404130,106581,2078,105,19-06-2026,21-06-2026,Referral,105-01,Discharged,FALSE,2
404131,110512,2059,104,20-04-2026,29-04-2026,Emergency,104-22,Transferred,FALSE,9
404132,100389,2060,103,28-01-2026,01-02-2026,Emergency,103-30,Discharged,FALSE,4
404133,106736,2013,105,11-12-2025,16-12-2025,Emergency,105-24,Discharged,FALSE,5
404134,102829,2030,105,25-01-2025,31-01-2025,Emergency,105-14,Discharged,FALSE,6
404135,108073,2006,106,24-02-2026,05-03-2026,Emergency,106-41,Discharged,FALSE,9
404136,111292,2039,108,07-05-2025,09-05-2025,Elective,108-05,Discharged,FALSE,2
404137,107944,2055,106,22-01-2026,23-01-2026,Referral,106-01,Discharged,FALSE,1
404138,102720,2008,105,02-06-2025,04-06-2025,Elective,105-27,Discharged,FALSE,2
404139,102351,2004,101,05-01-2026,06-01-2026,Elective,101-20,Discharged,FALSE,1
404140,102378,2057,101,10-03-2026,17-03-2026,Elective,101-33,Discharged,FALSE,7
404141,100986,2072,107,06-10-2025,12-10-2025,Emergency,107-17,Discharged,FALSE,6
404142,101176,2052,104,28-01-2025,30-01-2025,Referral,104-12,Discharged,FALSE,2
404143,106361,2080,107,25-09-2025,29-09-2025,Elective,107-29,Discharged,FALSE,4
404144,110230,2064,108,25-04-2025,04-05-2025,Emergency,108-08,Discharged,FALSE,9
404145,111628,2076,104,10-06-2025,11-06-2025,Elective,104-24,Discharged,FALSE,1
404146,108784,2044,106,03-12-2025,11-12-2025,Elective,106-50,Discharged,FALSE,8
404147,104600,2064,108,04-06-2026,07-06-2026,Emergency,108-22,Transferred,FALSE,3
404148,108483,2060,103,02-11-2025,04-11-2025,Elective,103-35,Discharged,FALSE,2
404149,102995,2052,104,28-02-2026,03-03-2026,Emergency,104-18,Discharged,FALSE,3
404150,103178,2063,108,28-05-2026,04-06-2026,Elective,108-12,Discharged,FALSE,7
404151,110574,2034,102,14-04-2026,15-04-2026,Emergency,102-33,Transferred,FALSE,1
404152,106604,2005,106,15-01-2025,19-01-2025,Emergency,106-06,Discharged,FALSE,4
404153,104225,2053,105,20-01-2025,24-01-2025,Elective,105-39,Discharged,FALSE,4
404154,103766,2034,102,22-09-2025,24-09-2025,Emergency,102-26,Discharged,FALSE,2
404155,109111,2006,106,04-08-2025,09-08-2025,Referral,106-10,Discharged,TRUE,5
404156,102590,2066,102,08-04-2026,09-04-2026,Elective,102-36,Discharged,FALSE,1
404157,104621,2014,105,22-03-2026,31-03-2026,Elective,105-36,Discharged,FALSE,9
404158,111873,2061,104,23-12-2025,27-12-2025,Emergency,104-05,Discharged,FALSE,4
404159,110978,2051,108,29-01-2026,01-02-2026,Emergency,108-04,Discharged,FALSE,3
404160,106698,2058,102,03-11-2025,08-11-2025,Elective,102-24,Discharged,FALSE,5
404161,101595,2008,105,13-01-2026,21-01-2026,Emergency,105-19,Under Treatment,FALSE,8
404162,103151,2014,105,30-11-2025,02-12-2025,Elective,105-22,Discharged,FALSE,2
404163,109426,2064,108,11-12-2025,14-12-2025,Referral,108-19,Discharged,FALSE,3
404164,107162,2003,103,03-04-2026,06-04-2026,Elective,103-32,Transferred,FALSE,3
404165,100825,2056,102,12-03-2025,15-03-2025,Elective,102-10,Discharged,FALSE,3
404166,103913,2003,103,08-07-2025,15-07-2025,Elective,103-19,Discharged,FALSE,7
404167,109277,2058,102,09-01-2025,12-01-2025,Referral,102-12,Discharged,FALSE,3
404168,106402,2019,101,08-02-2026,09-02-2026,Referral,101-33,Discharged,FALSE,1
404169,100903,2053,105,06-08-2025,07-08-2025,Emergency,105-04,Discharged,FALSE,1
404170,110404,2043,108,17-12-2025,24-12-2025,Referral,108-31,Discharged,FALSE,7
404171,101982,2075,104,23-04-2025,26-04-2025,Emergency,104-28,Discharged,FALSE,3
404172,107725,2039,108,10-12-2025,11-12-2025,Elective,108-44,Discharged,FALSE,1
404173,107540,2052,104,26-02-2026,04-03-2026,Referral,104-26,Discharged,FALSE,6
404174,103334,2014,105,03-04-2026,04-04-2026,Elective,105-34,Under Treatment,FALSE,1
404175,108606,2016,107,12-03-2026,14-03-2026,Elective,107-21,Discharged,FALSE,2
404176,106700,2073,101,16-04-2026,21-04-2026,Elective,101-10,Transferred,FALSE,5
404177,104268,2038,108,09-11-2025,20-11-2025,Elective,108-34,Under Treatment,FALSE,11
404178,108614,2035,103,01-01-2025,04-01-2025,Elective,103-33,Discharged,FALSE,3
404179,110103,2023,108,14-04-2026,16-04-2026,Elective,108-35,Discharged,FALSE,2
404180,110057,2069,106,15-02-2026,18-02-2026,Elective,106-18,Discharged,FALSE,3
404181,109043,2068,101,08-04-2025,10-04-2025,Emergency,101-02,Discharged,TRUE,2
404182,103577,2014,105,09-03-2026,14-03-2026,Emergency,105-37,Discharged,FALSE,5
404183,102335,2024,108,19-04-2026,21-04-2026,Emergency,108-25,Transferred,TRUE,2
404184,101741,2015,103,02-03-2026,07-03-2026,Referral,103-02,Discharged,TRUE,5
404185,102796,2051,108,19-05-2026,25-05-2026,Emergency,108-04,Under Treatment,FALSE,6
404186,110175,2074,108,17-10-2025,18-10-2025,Elective,108-46,Discharged,FALSE,1
404187,108299,2021,108,11-09-2025,12-09-2025,Referral,108-42,Discharged,FALSE,1
404188,100329,2011,108,05-09-2025,07-09-2025,Elective,108-44,Discharged,FALSE,2
404189,107217,2044,106,12-05-2025,13-05-2025,Elective,106-06,Discharged,TRUE,1
404190,103712,2023,108,19-11-2025,21-11-2025,Elective,108-18,Discharged,FALSE,2
404191,101879,2059,104,16-04-2026,21-04-2026,Elective,104-49,Discharged,FALSE,5
404192,111114,2029,102,26-01-2026,04-02-2026,Elective,102-05,Discharged,FALSE,9
404193,104801,2028,107,12-06-2026,13-06-2026,Emergency,107-39,Discharged,FALSE,1
404194,102618,2026,102,15-03-2026,18-03-2026,Emergency,102-21,Discharged,FALSE,3
404195,104322,2039,108,07-01-2025,08-01-2025,Elective,108-12,Discharged,FALSE,1
404196,109263,2057,101,31-03-2026,03-04-2026,Elective,101-04,Discharged,FALSE,3
404197,107579,2072,107,25-05-2026,02-06-2026,Elective,107-11,Discharged,FALSE,8
404198,109518,2025,105,21-04-2025,23-04-2025,Emergency,105-29,Discharged,FALSE,2
404199,108143,2025,105,10-05-2026,17-05-2026,Referral,105-45,Transferred,FALSE,7
404200,106617,2007,106,04-04-2026,13-04-2026,Emergency,106-03,Discharged,FALSE,9
404201,102873,2033,105,11-08-2025,14-08-2025,Referral,105-25,Under Treatment,FALSE,3
404202,104651,2024,108,10-01-2025,12-01-2025,Emergency,108-30,Discharged,FALSE,2
404203,107850,2015,103,10-07-2025,11-07-2025,Elective,103-13,Discharged,FALSE,1
404204,101036,2058,102,17-01-2025,23-01-2025,Elective,102-25,Discharged,FALSE,6
404205,105456,2018,104,04-03-2025,13-03-2025,Elective,104-02,Discharged,FALSE,9
404206,110587,2004,101,09-01-2026,24-01-2026,Emergency,101-01,Discharged,FALSE,15
404207,111306,2063,108,20-03-2025,22-03-2025,Emergency,108-41,Transferred,FALSE,2
404208,111535,2033,105,30-10-2025,04-11-2025,Elective,105-43,Transferred,FALSE,5
404209,100513,2046,107,12-03-2025,19-03-2025,Elective,107-36,Discharged,FALSE,7
404210,111009,2080,107,20-04-2026,25-04-2026,Elective,107-07,Discharged,FALSE,5
404211,101442,2056,102,26-05-2025,31-05-2025,Elective,102-10,Transferred,FALSE,5
404212,105236,2044,106,02-07-2025,09-07-2025,Elective,106-18,Under Treatment,FALSE,7
404213,109333,2025,105,23-11-2025,24-11-2025,Elective,105-36,Discharged,FALSE,1
404214,111739,2067,107,15-02-2026,20-02-2026,Emergency,107-25,Discharged,TRUE,5
404215,101846,2030,105,10-08-2025,14-08-2025,Elective,105-13,Discharged,FALSE,4
404216,100664,2038,108,10-03-2025,12-03-2025,Elective,108-27,Under Treatment,TRUE,2
404217,105543,2010,104,12-06-2025,14-06-2025,Elective,104-09,Discharged,FALSE,2
404218,103209,2023,108,04-04-2025,06-04-2025,Elective,108-10,Discharged,FALSE,2
404219,109492,2067,107,11-09-2025,15-09-2025,Elective,107-38,Discharged,FALSE,4
404220,110403,2080,107,08-05-2026,12-05-2026,Elective,107-19,Transferred,TRUE,4
404221,106418,2044,106,08-09-2025,11-09-2025,Elective,106-41,Discharged,FALSE,3
404222,101347,2046,107,25-12-2025,26-12-2025,Referral,107-47,Discharged,FALSE,1
404223,110931,2005,106,08-01-2026,11-01-2026,Elective,106-22,Under Treatment,FALSE,3
404224,111493,2041,105,16-08-2025,24-08-2025,Elective,105-34,Discharged,FALSE,8
404225,111060,2026,102,16-02-2025,17-02-2025,Elective,102-04,Discharged,FALSE,1
404226,110739,2016,107,25-03-2026,01-04-2026,Referral,107-04,Discharged,FALSE,7
404227,108110,2004,101,29-06-2025,06-07-2025,Elective,101-06,Discharged,TRUE,7
404228,103427,2002,107,21-04-2026,01-05-2026,Elective,107-37,Discharged,FALSE,10
404229,105232,2048,101,28-08-2025,10-09-2025,Elective,101-30,Discharged,TRUE,13
404230,101333,2013,105,05-10-2025,09-10-2025,Elective,105-03,Discharged,FALSE,4
404231,101888,2045,107,18-05-2026,20-05-2026,Elective,107-42,Discharged,FALSE,2
404232,110807,2005,106,18-06-2026,20-06-2026,Elective,106-42,Discharged,FALSE,2
404233,103131,2030,105,29-05-2025,31-05-2025,Elective,105-19,Discharged,FALSE,2
404234,109210,2056,102,07-05-2025,11-05-2025,Elective,102-25,Discharged,FALSE,4
404235,101159,2031,104,30-06-2025,07-07-2025,Referral,104-43,Transferred,FALSE,7
404236,100675,2052,104,31-10-2025,07-11-2025,Emergency,104-38,Under Treatment,FALSE,7
404237,105097,2066,102,02-08-2025,03-08-2025,Elective,102-09,Discharged,FALSE,1
404238,101548,2062,101,01-03-2025,05-03-2025,Elective,101-22,Discharged,FALSE,4
404239,106374,2049,106,29-08-2025,02-09-2025,Elective,106-24,Discharged,FALSE,4
404240,107026,2064,108,27-04-2026,04-05-2026,Elective,108-20,Discharged,FALSE,7
404241,105876,2044,106,04-03-2026,06-03-2026,Emergency,106-33,Discharged,FALSE,2
404242,103503,2041,105,24-09-2025,25-09-2025,Elective,105-03,Discharged,FALSE,1
404243,100577,2031,104,11-03-2025,13-03-2025,Elective,104-31,Discharged,FALSE,2
404244,104234,2018,104,08-10-2025,11-10-2025,Emergency,104-36,Discharged,FALSE,3
404245,106469,2077,106,18-12-2025,20-12-2025,Referral,106-19,Discharged,FALSE,2
404246,101799,2034,102,22-04-2025,03-05-2025,Elective,102-20,Discharged,TRUE,11
404247,110972,2057,101,25-09-2025,27-09-2025,Referral,101-04,Discharged,FALSE,2
404248,108704,2058,102,22-10-2025,25-10-2025,Referral,102-16,Discharged,FALSE,3
404249,107872,2044,106,25-08-2025,26-08-2025,Elective,106-32,Discharged,FALSE,1
404250,101633,2021,108,23-09-2025,28-09-2025,Elective,108-24,Discharged,FALSE,5
404251,106709,2080,107,28-03-2025,29-03-2025,Elective,107-45,Discharged,FALSE,1
404252,105782,2005,106,28-12-2025,30-12-2025,Emergency,106-33,Discharged,FALSE,2
404253,102525,2049,106,15-08-2025,17-08-2025,Elective,106-22,Discharged,FALSE,2
404254,104723,2066,102,27-08-2025,01-09-2025,Emergency,102-32,Discharged,FALSE,5
404255,103265,2017,106,03-01-2025,11-01-2025,Emergency,106-35,Discharged,FALSE,8
404256,105688,2054,102,03-08-2025,05-08-2025,Elective,102-16,Discharged,FALSE,2
404257,110176,2015,103,04-11-2025,05-11-2025,Elective,103-49,Discharged,FALSE,1
404258,106253,2048,101,09-10-2025,13-10-2025,Emergency,101-35,Under Treatment,FALSE,4
404259,103107,2031,104,14-06-2026,21-06-2026,Referral,104-23,Discharged,FALSE,7
404260,109219,2075,104,03-05-2025,12-05-2025,Elective,104-49,Discharged,FALSE,9
404261,104035,2079,104,29-10-2025,07-11-2025,Emergency,104-07,Discharged,FALSE,9
404262,102263,2039,108,01-04-2025,11-04-2025,Referral,108-27,Discharged,TRUE,10
404263,108247,2021,108,28-03-2026,02-04-2026,Elective,108-26,Transferred,FALSE,5
404264,102960,2060,103,14-07-2025,17-07-2025,Elective,103-05,Transferred,FALSE,3
404265,102632,2069,106,28-01-2026,01-02-2026,Emergency,106-07,Discharged,FALSE,4
404266,104511,2057,101,26-03-2026,27-03-2026,Elective,101-44,Discharged,FALSE,1
404267,103519,2076,104,18-01-2026,22-01-2026,Emergency,104-04,Discharged,FALSE,4
404268,103619,2071,103,08-02-2026,13-02-2026,Elective,103-33,Discharged,TRUE,5
404269,111039,2001,102,19-06-2026,21-06-2026,Emergency,102-31,Under Treatment,FALSE,2
404270,108333,2019,101,13-12-2025,18-12-2025,Referral,101-32,Discharged,FALSE,5
404271,100456,2005,106,30-08-2025,31-08-2025,Referral,106-12,Discharged,FALSE,1
404272,109767,2032,101,04-01-2025,05-01-2025,Elective,101-50,Discharged,FALSE,1
404273,105608,2060,103,01-02-2025,09-02-2025,Referral,103-30,Discharged,FALSE,8
404274,108984,2060,103,07-07-2025,08-07-2025,Referral,103-35,Discharged,FALSE,1
404275,111112,2072,107,29-04-2025,03-05-2025,Elective,107-01,Discharged,FALSE,4
404276,105060,2066,102,16-12-2025,20-12-2025,Elective,102-31,Discharged,FALSE,4
404277,110233,2007,106,17-01-2025,20-01-2025,Elective,106-10,Discharged,TRUE,3
404278,101060,2007,106,16-12-2025,21-12-2025,Elective,106-15,Discharged,FALSE,5
404279,102185,2015,103,19-04-2025,25-04-2025,Referral,103-38,Discharged,FALSE,6
404280,108775,2068,101,01-09-2025,17-09-2025,Elective,101-16,Discharged,TRUE,16
404281,107339,2040,106,09-08-2025,12-08-2025,Elective,106-22,Discharged,FALSE,3
404282,102304,2052,104,06-04-2025,11-04-2025,Elective,104-06,Discharged,FALSE,5
404283,106677,2029,102,28-04-2026,29-04-2026,Elective,102-27,Discharged,FALSE,1
404284,103204,2062,101,20-08-2025,30-08-2025,Elective,101-13,Discharged,TRUE,10
404285,109060,2067,107,31-05-2026,03-06-2026,Emergency,107-33,Discharged,FALSE,3
404286,106789,2014,105,16-04-2026,20-04-2026,Elective,105-07,Discharged,FALSE,4
404287,109650,2014,105,04-01-2026,06-01-2026,Emergency,105-08,Discharged,TRUE,2
404288,102370,2075,104,23-08-2025,28-08-2025,Emergency,104-41,Discharged,FALSE,5
404289,111001,2050,101,11-01-2025,18-01-2025,Emergency,101-39,Discharged,FALSE,7
404290,103686,2055,106,07-04-2026,08-04-2026,Emergency,106-02,Discharged,FALSE,1
404291,103528,2069,106,13-04-2026,17-04-2026,Elective,106-12,Discharged,FALSE,4
404292,103467,2059,104,11-02-2026,17-02-2026,Emergency,104-20,Discharged,FALSE,6
404293,111661,2069,106,29-12-2025,01-01-2026,Emergency,106-23,Discharged,FALSE,3
404294,108478,2030,105,11-03-2025,12-03-2025,Emergency,105-19,Discharged,FALSE,1
404295,102339,2049,106,03-12-2025,04-12-2025,Elective,106-46,Discharged,FALSE,1
404296,111665,2057,101,08-10-2025,11-10-2025,Elective,101-05,Discharged,FALSE,3
404297,110823,2062,101,07-05-2026,14-05-2026,Emergency,101-18,Under Treatment,FALSE,7
404298,110281,2058,102,21-05-2026,24-05-2026,Emergency,102-06,Discharged,FALSE,3
404299,107429,2062,101,07-03-2025,10-03-2025,Emergency,101-04,Discharged,FALSE,3
404300,109427,2017,106,05-06-2025,10-06-2025,Elective,106-17,Discharged,FALSE,5
404301,104521,2043,108,25-02-2025,04-03-2025,Referral,108-26,Discharged,FALSE,7
404302,104711,2078,105,19-09-2025,25-09-2025,Elective,105-04,Discharged,FALSE,6
404303,104890,2024,108,31-05-2025,05-06-2025,Elective,108-02,Discharged,FALSE,5
404304,102409,2073,101,14-07-2025,23-07-2025,Emergency,101-34,Discharged,FALSE,9
404305,105799,2021,108,23-01-2025,30-01-2025,Emergency,108-01,Discharged,TRUE,7
404306,111242,2022,101,15-01-2026,16-01-2026,Elective,101-44,Discharged,FALSE,1
404307,101985,2068,101,27-12-2025,31-12-2025,Emergency,101-06,Transferred,FALSE,4
404308,104853,2021,108,06-11-2025,10-11-2025,Emergency,108-28,Discharged,FALSE,4
404309,101262,2057,101,19-07-2025,03-08-2025,Referral,101-18,Discharged,FALSE,15
404310,109100,2009,105,14-02-2025,20-02-2025,Emergency,105-07,Discharged,TRUE,6
404311,109699,2039,108,29-01-2025,01-02-2025,Referral,108-10,Transferred,FALSE,3
404312,105492,2047,102,03-09-2025,06-09-2025,Referral,102-10,Discharged,FALSE,3
404313,102752,2005,106,10-03-2025,17-03-2025,Elective,106-37,Discharged,FALSE,7
404314,103257,2008,105,11-05-2025,12-05-2025,Elective,105-29,Discharged,TRUE,1
404315,108418,2060,103,02-03-2025,05-03-2025,Elective,103-21,Discharged,FALSE,3
404316,107478,2007,106,27-02-2025,08-03-2025,Elective,106-47,Discharged,TRUE,9
404317,107809,2059,104,06-03-2026,10-03-2026,Elective,104-29,Discharged,FALSE,4
404318,108940,2045,107,14-03-2026,16-03-2026,Elective,107-21,Discharged,FALSE,2
404319,108159,2027,101,17-06-2025,23-06-2025,Elective,101-34,Discharged,FALSE,6
404320,109945,2063,108,10-06-2026,13-06-2026,Elective,108-20,Discharged,FALSE,3
404321,104015,2028,107,03-10-2025,08-10-2025,Elective,107-44,Discharged,FALSE,5
404322,111592,2077,106,21-10-2025,22-10-2025,Elective,106-48,Discharged,FALSE,1
404323,107223,2012,106,29-03-2026,02-04-2026,Elective,106-26,Discharged,FALSE,4
404324,102442,2037,105,03-06-2025,13-06-2025,Emergency,105-19,Discharged,FALSE,10
404325,105614,2062,101,29-12-2025,07-01-2026,Elective,101-38,Discharged,FALSE,9
404326,105653,2074,108,28-03-2026,29-03-2026,Emergency,108-21,Discharged,FALSE,1
404327,104574,2049,106,25-01-2026,27-01-2026,Referral,106-37,Discharged,FALSE,2
404328,104385,2017,106,19-10-2025,21-10-2025,Elective,106-09,Discharged,TRUE,2
404329,108433,2001,102,06-08-2025,09-08-2025,Emergency,102-21,Discharged,TRUE,3
404330,110604,2019,101,20-07-2025,24-07-2025,Elective,101-23,Discharged,FALSE,4
404331,111529,2062,101,12-08-2025,15-08-2025,Elective,101-22,Discharged,FALSE,3
404332,111812,2023,108,09-03-2026,11-03-2026,Elective,108-22,Discharged,FALSE,2
404333,103728,2010,104,02-01-2026,11-01-2026,Elective,104-29,Discharged,TRUE,9
404334,110616,2006,106,23-02-2025,26-02-2025,Elective,106-33,Discharged,FALSE,3
404335,111436,2040,106,13-11-2025,16-11-2025,Elective,106-34,Discharged,FALSE,3
404336,111269,2068,101,11-04-2025,14-04-2025,Emergency,101-33,Discharged,FALSE,3
404337,105988,2036,102,31-01-2025,08-02-2025,Emergency,102-39,Discharged,TRUE,8
404338,107598,2017,106,21-02-2025,23-02-2025,Elective,106-24,Discharged,FALSE,2
404339,108863,2018,104,23-06-2025,28-06-2025,Elective,104-07,Discharged,FALSE,5
404340,111342,2002,107,07-09-2025,17-09-2025,Elective,107-22,Discharged,TRUE,10
404341,102243,2078,105,26-03-2025,29-03-2025,Elective,105-23,Discharged,FALSE,3
404342,111120,2066,102,24-02-2025,05-03-2025,Elective,102-06,Discharged,FALSE,9
404343,109402,2034,102,18-12-2025,19-12-2025,Elective,102-29,Discharged,FALSE,1
404344,106189,2022,101,16-06-2026,17-06-2026,Emergency,101-40,Discharged,FALSE,1
404345,103107,2036,102,03-08-2025,06-08-2025,Elective,102-11,Discharged,FALSE,3
404346,104837,2080,107,09-12-2025,17-12-2025,Elective,107-42,Discharged,FALSE,8
404347,111250,2077,106,24-04-2026,28-04-2026,Emergency,106-03,Discharged,FALSE,4
404348,101679,2003,103,09-06-2026,14-06-2026,Elective,103-12,Discharged,FALSE,5
404349,102291,2060,103,10-02-2026,13-02-2026,Emergency,103-38,Discharged,FALSE,3
404350,106756,2024,108,25-02-2026,02-03-2026,Elective,108-27,Discharged,FALSE,5
404351,100200,2072,107,12-05-2026,18-05-2026,Elective,107-41,Discharged,FALSE,6
404352,111177,2053,105,22-08-2025,24-08-2025,Elective,105-44,Discharged,FALSE,2
404353,108369,2032,101,10-02-2025,13-02-2025,Elective,101-22,Discharged,FALSE,3
404354,105296,2059,104,16-02-2026,20-02-2026,Emergency,104-15,Discharged,FALSE,4
404355,107964,2004,101,01-04-2025,07-04-2025,Elective,101-27,Discharged,FALSE,6
404356,108473,2038,108,15-02-2025,17-02-2025,Referral,108-32,Discharged,FALSE,2
404357,104819,2061,104,20-12-2025,22-12-2025,Referral,104-09,Discharged,FALSE,2
404358,100025,2032,101,14-05-2025,16-05-2025,Referral,101-01,Discharged,FALSE,2
404359,100729,2044,106,03-05-2025,08-05-2025,Elective,106-49,Discharged,FALSE,5
404360,100279,2028,107,04-03-2025,09-03-2025,Emergency,107-33,Discharged,FALSE,5
404361,103216,2053,105,13-06-2026,15-06-2026,Elective,105-45,Discharged,FALSE,2
404362,108732,2016,107,20-06-2026,22-06-2026,Elective,107-29,Discharged,FALSE,2
404363,104406,2068,101,11-07-2025,17-07-2025,Elective,101-04,Discharged,FALSE,6
404364,103516,2051,108,06-05-2026,08-05-2026,Emergency,108-50,Discharged,FALSE,2
404365,108852,2010,104,28-03-2025,04-04-2025,Referral,104-27,Discharged,FALSE,7
404366,107126,2071,103,09-09-2025,18-09-2025,Emergency,103-04,Transferred,FALSE,9
404367,103678,2029,102,21-05-2026,31-05-2026,Emergency,102-16,Discharged,FALSE,10
404368,107750,2017,106,31-12-2025,03-01-2026,Emergency,106-11,Discharged,FALSE,3
404369,111298,2050,101,12-08-2025,16-08-2025,Referral,101-31,Discharged,FALSE,4
404370,106579,2008,105,15-12-2025,17-12-2025,Referral,105-18,Discharged,FALSE,2
404371,110267,2077,106,17-01-2025,19-01-2025,Elective,106-01,Discharged,FALSE,2
404372,102585,2018,104,09-06-2025,12-06-2025,Elective,104-44,Discharged,FALSE,3
404373,109256,2076,104,20-03-2026,24-03-2026,Referral,104-19,Discharged,FALSE,4
404374,100646,2007,106,23-06-2025,28-06-2025,Referral,106-04,Discharged,FALSE,5
404375,106860,2038,108,03-04-2026,09-04-2026,Emergency,108-10,Discharged,FALSE,6
404376,106587,2011,108,23-02-2026,03-03-2026,Emergency,108-47,Discharged,FALSE,8
404377,105457,2077,106,14-07-2025,16-07-2025,Referral,106-04,Under Treatment,FALSE,2
404378,110050,2026,102,12-03-2025,17-03-2025,Emergency,102-17,Discharged,FALSE,5
404379,108097,2040,106,13-04-2025,14-04-2025,Elective,106-07,Discharged,FALSE,1
404380,111019,2021,108,31-03-2025,03-04-2025,Elective,108-45,Discharged,FALSE,3
404381,106339,2019,101,09-06-2026,10-06-2026,Referral,101-07,Discharged,FALSE,1
404382,107066,2034,102,05-12-2025,09-12-2025,Emergency,102-36,Transferred,FALSE,4
404383,109747,2034,102,03-01-2025,05-01-2025,Elective,102-38,Discharged,FALSE,2
404384,110979,2050,101,05-03-2026,10-03-2026,Elective,101-15,Discharged,FALSE,5
404385,103633,2050,101,22-01-2025,26-01-2025,Referral,101-36,Discharged,FALSE,4
404386,106516,2048,101,26-03-2025,06-04-2025,Emergency,101-10,Discharged,FALSE,11
404387,107863,2008,105,02-10-2025,04-10-2025,Elective,105-35,Discharged,TRUE,2
404388,107497,2047,102,01-11-2025,08-11-2025,Referral,102-37,Discharged,FALSE,7
404389,109179,2068,101,18-04-2025,20-04-2025,Elective,101-32,Transferred,FALSE,2
404390,106069,2041,105,02-02-2025,03-02-2025,Elective,105-44,Discharged,FALSE,1
404391,100929,2065,104,14-06-2026,15-06-2026,Elective,104-06,Discharged,FALSE,1
404392,101051,2032,101,19-09-2025,21-09-2025,Elective,101-18,Discharged,FALSE,2
404393,103616,2048,101,07-05-2026,08-05-2026,Emergency,101-19,Discharged,FALSE,1
404394,108098,2067,107,11-10-2025,14-10-2025,Elective,107-05,Discharged,FALSE,3
404395,107333,2072,107,02-05-2025,09-05-2025,Emergency,107-13,Discharged,FALSE,7
404396,109572,2076,104,09-12-2025,12-12-2025,Elective,104-35,Discharged,FALSE,3
404397,105665,2073,101,14-04-2025,15-04-2025,Referral,101-22,Discharged,FALSE,1
404398,104010,2037,105,06-06-2026,12-06-2026,Emergency,105-40,Under Treatment,FALSE,6
404399,107684,2030,105,09-01-2025,15-01-2025,Elective,105-50,Discharged,FALSE,6
404400,101914,2055,106,06-06-2025,08-06-2025,Elective,106-49,Discharged,FALSE,2
404401,101909,2017,106,22-02-2026,23-02-2026,Elective,106-34,Transferred,FALSE,1
404402,100131,2005,106,18-04-2025,21-04-2025,Elective,106-44,Discharged,FALSE,3
404403,106626,2035,103,22-04-2026,25-04-2026,Emergency,103-35,Transferred,FALSE,3
404404,101959,2072,107,22-03-2025,24-03-2025,Emergency,107-36,Discharged,FALSE,2
404405,100017,2036,102,10-03-2025,12-03-2025,Elective,102-11,Discharged,FALSE,2
404406,111445,2039,108,25-02-2025,28-02-2025,Referral,108-13,Discharged,FALSE,3
404407,107357,2059,104,03-10-2025,06-10-2025,Elective,104-29,Under Treatment,FALSE,3
404408,103683,2065,104,14-08-2025,16-08-2025,Elective,104-45,Discharged,FALSE,2
404409,109494,2009,105,08-11-2025,21-11-2025,Elective,105-46,Discharged,FALSE,13
404410,104763,2011,108,09-06-2025,16-06-2025,Elective,108-21,Discharged,FALSE,7
404411,107575,2022,101,12-01-2026,16-01-2026,Emergency,101-15,Discharged,FALSE,4
404412,100629,2043,108,06-07-2025,15-07-2025,Referral,108-35,Discharged,FALSE,9
404413,101574,2065,104,03-02-2025,04-02-2025,Elective,104-26,Discharged,TRUE,1
404414,109091,2016,107,27-06-2025,03-07-2025,Emergency,107-14,Discharged,FALSE,6
404415,100267,2049,106,12-04-2026,14-04-2026,Elective,106-49,Discharged,TRUE,2
404416,108190,2050,101,03-06-2025,04-06-2025,Elective,101-10,Discharged,TRUE,1
404417,105591,2064,108,01-06-2026,03-06-2026,Emergency,108-20,Transferred,FALSE,2
404418,103744,2071,103,17-02-2025,22-02-2025,Emergency,103-39,Discharged,FALSE,5
404419,110957,2001,102,11-04-2025,13-04-2025,Elective,102-18,Discharged,FALSE,2
404420,106389,2026,102,03-01-2026,10-01-2026,Emergency,102-17,Discharged,FALSE,7
404421,107959,2073,101,20-11-2025,24-11-2025,Elective,101-33,Discharged,FALSE,4
404422,111167,2054,102,20-05-2026,25-05-2026,Elective,102-20,Under Treatment,TRUE,5
404423,108616,2047,102,11-06-2026,13-06-2026,Elective,102-45,Discharged,FALSE,2
404424,109985,2026,102,11-08-2025,15-08-2025,Referral,102-11,Discharged,FALSE,4
404425,101191,2007,106,31-10-2025,02-11-2025,Emergency,106-33,Discharged,FALSE,2
404426,101274,2028,107,12-05-2025,14-05-2025,Referral,107-37,Discharged,FALSE,2
404427,107974,2006,106,04-10-2025,08-10-2025,Elective,106-01,Discharged,FALSE,4
404428,103906,2070,106,11-11-2025,21-11-2025,Referral,106-20,Discharged,FALSE,10
404429,101422,2025,105,18-02-2026,23-02-2026,Emergency,105-39,Discharged,FALSE,5
404430,100334,2045,107,07-05-2025,14-05-2025,Elective,107-12,Discharged,FALSE,7
404431,110568,2053,105,24-04-2026,02-05-2026,Elective,105-14,Discharged,FALSE,8
404432,107387,2036,102,07-01-2026,08-01-2026,Elective,102-49,Discharged,FALSE,1
404433,110157,2030,105,19-03-2026,21-03-2026,Elective,105-32,Discharged,TRUE,2
404434,110584,2051,108,04-08-2025,11-08-2025,Referral,108-45,Discharged,TRUE,7
404435,104763,2064,108,02-01-2025,08-01-2025,Elective,108-42,Discharged,FALSE,6
404436,102948,2073,101,19-11-2025,20-11-2025,Emergency,101-45,Discharged,FALSE,1
404437,108921,2076,104,10-06-2026,16-06-2026,Referral,104-14,Discharged,FALSE,6
404438,108795,2056,102,30-04-2025,04-05-2025,Elective,102-40,Discharged,FALSE,4
404439,110426,2072,107,20-02-2026,28-02-2026,Elective,107-25,Discharged,FALSE,8
404440,104186,2009,105,10-02-2026,11-02-2026,Emergency,105-28,Discharged,FALSE,1
404441,100606,2012,106,02-02-2026,05-02-2026,Referral,106-02,Discharged,FALSE,3
404442,110873,2012,106,16-03-2026,20-03-2026,Elective,106-27,Discharged,FALSE,4
404443,104300,2060,103,14-10-2025,15-10-2025,Elective,103-14,Discharged,FALSE,1
404444,102608,2043,108,13-05-2025,16-05-2025,Elective,108-41,Discharged,FALSE,3
404445,110325,2008,105,12-02-2026,13-02-2026,Referral,105-47,Discharged,FALSE,1
404446,110310,2069,106,31-05-2025,04-06-2025,Elective,106-30,Discharged,FALSE,4
404447,104843,2043,108,09-01-2026,12-01-2026,Elective,108-21,Discharged,FALSE,3
404448,108798,2040,106,15-03-2026,19-03-2026,Emergency,106-07,Transferred,FALSE,4
404449,105083,2048,101,31-12-2025,09-01-2026,Emergency,101-06,Discharged,FALSE,9
404450,104205,2016,107,25-06-2025,28-06-2025,Referral,107-41,Discharged,TRUE,3
404451,105368,2064,108,19-10-2025,26-10-2025,Elective,108-37,Discharged,FALSE,7
404452,107861,2023,108,03-03-2026,07-03-2026,Referral,108-17,Discharged,FALSE,4
404453,108079,2079,104,10-06-2025,22-06-2025,Emergency,104-12,Discharged,FALSE,12
404454,101677,2034,102,29-09-2025,05-10-2025,Elective,102-17,Discharged,FALSE,6
404455,102187,2041,105,20-05-2026,29-05-2026,Referral,105-28,Discharged,FALSE,9
404456,108157,2043,108,20-03-2025,24-03-2025,Elective,108-33,Discharged,FALSE,4
404457,109762,2034,102,28-05-2025,06-06-2025,Emergency,102-23,Discharged,FALSE,9
404458,105343,2026,102,04-12-2025,07-12-2025,Referral,102-50,Under Treatment,FALSE,3
404459,103980,2046,107,07-06-2025,10-06-2025,Elective,107-17,Transferred,TRUE,3
404460,101860,2037,105,29-03-2026,01-04-2026,Elective,105-28,Discharged,FALSE,3
404461,104427,2041,105,17-04-2025,19-04-2025,Referral,105-04,Under Treatment,FALSE,2
404462,108768,2049,106,12-03-2025,14-03-2025,Elective,106-31,Discharged,FALSE,2
404463,101156,2040,106,20-12-2025,25-12-2025,Elective,106-45,Discharged,FALSE,5
404464,103026,2048,101,06-05-2025,09-05-2025,Elective,101-08,Discharged,FALSE,3
404465,105318,2073,101,27-07-2025,31-07-2025,Elective,101-43,Discharged,FALSE,4
404466,106584,2018,104,04-08-2025,06-08-2025,Emergency,104-07,Discharged,FALSE,2
404467,102254,2038,108,08-02-2026,10-02-2026,Elective,108-08,Discharged,FALSE,2
404468,101383,2025,105,10-04-2026,12-04-2026,Emergency,105-17,Discharged,FALSE,2
404469,105351,2012,106,09-12-2025,23-12-2025,Referral,106-09,Under Treatment,FALSE,14
404470,111529,2052,104,20-05-2025,30-05-2025,Referral,104-17,Discharged,FALSE,10
404471,101445,2061,104,21-03-2025,24-03-2025,Emergency,104-42,Discharged,FALSE,3
404472,100703,2004,101,01-01-2025,03-01-2025,Emergency,101-46,Discharged,FALSE,2
404473,106247,2051,108,03-07-2025,05-07-2025,Elective,108-10,Discharged,FALSE,2
404474,102303,2053,105,12-04-2025,19-04-2025,Elective,105-27,Discharged,FALSE,7
404475,109209,2040,106,07-10-2025,11-10-2025,Elective,106-08,Discharged,FALSE,4
404476,111578,2032,101,06-05-2026,11-05-2026,Elective,101-39,Under Treatment,FALSE,5
404477,102387,2075,104,29-07-2025,31-07-2025,Elective,104-27,Discharged,FALSE,2
404478,108454,2023,108,24-04-2026,02-05-2026,Referral,108-29,Discharged,TRUE,8
404479,101360,2038,108,13-06-2026,17-06-2026,Elective,108-30,Discharged,FALSE,4
404480,100852,2035,103,03-10-2025,04-10-2025,Elective,103-04,Discharged,TRUE,1
404481,108344,2012,106,11-04-2026,15-04-2026,Emergency,106-20,Discharged,FALSE,4
404482,100037,2042,102,10-07-2025,19-07-2025,Elective,102-35,Discharged,FALSE,9
404483,100792,2079,104,09-06-2025,10-06-2025,Emergency,104-46,Discharged,FALSE,1
404484,109660,2059,104,27-05-2025,29-05-2025,Elective,104-26,Discharged,FALSE,2
404485,104564,2066,102,25-02-2026,26-02-2026,Elective,102-34,Discharged,FALSE,1
404486,105310,2074,108,24-03-2026,25-03-2026,Emergency,108-35,Discharged,FALSE,1
404487,108044,2018,104,28-01-2025,31-01-2025,Emergency,104-38,Discharged,TRUE,3
404488,105510,2041,105,27-02-2026,01-03-2026,Elective,105-11,Discharged,TRUE,2
404489,100420,2031,104,17-01-2026,20-01-2026,Elective,104-13,Discharged,FALSE,3
404490,100556,2043,108,18-05-2025,19-05-2025,Emergency,108-05,Under Treatment,FALSE,1
404491,102974,2025,105,29-11-2025,01-12-2025,Emergency,105-03,Under Treatment,FALSE,2
404492,102233,2028,107,02-07-2025,07-07-2025,Elective,107-03,Discharged,FALSE,5
404493,108451,2024,108,04-02-2025,12-02-2025,Referral,108-25,Discharged,FALSE,8
404494,105462,2015,103,23-06-2025,30-06-2025,Elective,103-32,Discharged,FALSE,7
404495,109998,2039,108,05-01-2026,10-01-2026,Emergency,108-36,Discharged,FALSE,5
404496,108239,2040,106,25-06-2025,26-06-2025,Elective,106-34,Transferred,FALSE,1
404497,104741,2069,106,25-06-2025,26-06-2025,Elective,106-35,Discharged,TRUE,1
404498,102765,2002,107,17-03-2026,24-03-2026,Referral,107-49,Discharged,FALSE,7
404499,106480,2065,104,16-02-2025,20-02-2025,Elective,104-08,Discharged,FALSE,4
404500,110596,2002,107,01-10-2025,04-10-2025,Emergency,107-24,Discharged,TRUE,3
404501,109952,2056,102,09-11-2025,16-11-2025,Elective,102-15,Transferred,FALSE,7
404502,103760,2022,101,17-07-2025,22-07-2025,Referral,101-28,Discharged,TRUE,5
404503,108415,2022,101,30-03-2026,01-04-2026,Elective,101-39,Discharged,FALSE,2
404504,103608,2073,101,15-06-2026,20-06-2026,Emergency,101-11,Under Treatment,FALSE,5
404505,106049,2079,104,21-12-2025,26-12-2025,Elective,104-49,Discharged,FALSE,5
404506,105155,2045,107,20-09-2025,27-09-2025,Referral,107-19,Discharged,FALSE,7
404507,104373,2038,108,18-11-2025,21-11-2025,Emergency,108-03,Discharged,FALSE,3
404508,101823,2023,108,08-08-2025,10-08-2025,Emergency,108-04,Under Treatment,FALSE,2
404509,108826,2059,104,21-02-2025,22-02-2025,Emergency,104-16,Discharged,FALSE,1
404510,110808,2038,108,18-04-2026,24-04-2026,Elective,108-31,Discharged,FALSE,6
404511,111468,2049,106,08-08-2025,09-08-2025,Emergency,106-50,Discharged,FALSE,1
404512,100836,2014,105,27-01-2025,28-01-2025,Elective,105-36,Transferred,FALSE,1
404513,101536,2067,107,04-12-2025,05-12-2025,Elective,107-28,Transferred,FALSE,1
404514,107311,2046,107,01-12-2025,02-12-2025,Elective,107-22,Discharged,FALSE,1
404515,108805,2070,106,26-05-2025,27-05-2025,Emergency,106-28,Discharged,FALSE,1
404516,104422,2047,102,10-03-2025,12-03-2025,Elective,102-28,Discharged,FALSE,2
404517,108598,2080,107,23-05-2026,29-05-2026,Elective,107-09,Discharged,FALSE,6
404518,105557,2034,102,26-09-2025,29-09-2025,Elective,102-10,Discharged,FALSE,3
404519,106051,2049,106,14-01-2025,21-01-2025,Emergency,106-45,Discharged,FALSE,7
404520,104740,2080,107,21-03-2025,26-03-2025,Elective,107-08,Discharged,FALSE,5
404521,101534,2003,103,13-02-2025,18-02-2025,Elective,103-14,Discharged,FALSE,5
404522,106203,2009,105,28-03-2025,30-03-2025,Referral,105-32,Discharged,FALSE,2
404523,109482,2069,106,01-02-2026,06-02-2026,Elective,106-16,Transferred,FALSE,5
404524,107603,2044,106,22-06-2025,27-06-2025,Emergency,106-33,Discharged,FALSE,5
404525,103740,2051,108,06-06-2025,13-06-2025,Emergency,108-01,Discharged,FALSE,7
404526,107677,2031,104,14-04-2025,18-04-2025,Elective,104-20,Discharged,FALSE,4
404527,103131,2060,103,16-03-2026,19-03-2026,Emergency,103-28,Discharged,FALSE,3
404528,107116,2034,102,21-03-2025,03-04-2025,Emergency,102-34,Discharged,FALSE,13
404529,101895,2005,106,09-06-2025,16-06-2025,Elective,106-07,Discharged,TRUE,7
404530,101143,2029,102,21-03-2025,25-03-2025,Elective,102-33,Transferred,FALSE,4
404531,101438,2027,101,12-04-2026,13-04-2026,Emergency,101-08,Under Treatment,FALSE,1
404532,109129,2009,105,30-09-2025,02-10-2025,Elective,105-07,Discharged,FALSE,2
404533,101716,2007,106,10-04-2025,12-04-2025,Elective,106-05,Discharged,FALSE,2
404534,105644,2078,105,27-02-2026,17-03-2026,Referral,105-21,Discharged,TRUE,18
404535,109333,2076,104,04-02-2026,05-02-2026,Elective,104-19,Discharged,FALSE,1
404536,111018,2040,106,12-04-2025,13-04-2025,Elective,106-41,Discharged,FALSE,1
404537,108140,2076,104,08-06-2026,09-06-2026,Emergency,104-22,Discharged,FALSE,1
404538,106372,2040,106,18-04-2026,19-04-2026,Emergency,106-02,Discharged,FALSE,1
404539,100425,2073,101,17-01-2025,21-01-2025,Elective,101-35,Discharged,FALSE,4
404540,104843,2065,104,10-01-2026,16-01-2026,Elective,104-33,Discharged,FALSE,6
404541,100422,2074,108,16-10-2025,23-10-2025,Elective,108-29,Discharged,FALSE,7
404542,104142,2049,106,31-01-2026,01-02-2026,Emergency,106-42,Discharged,FALSE,1
404543,110888,2012,106,22-06-2025,25-06-2025,Elective,106-34,Transferred,FALSE,3
404544,106841,2012,106,10-09-2025,15-09-2025,Emergency,106-32,Discharged,FALSE,5
404545,101464,2075,104,13-08-2025,14-08-2025,Emergency,104-28,Under Treatment,FALSE,1
404546,109638,2072,107,24-04-2025,01-05-2025,Elective,107-43,Discharged,FALSE,7
404547,110953,2001,102,16-04-2026,25-04-2026,Emergency,102-22,Discharged,FALSE,9
404548,100212,2046,107,14-04-2025,15-04-2025,Emergency,107-10,Discharged,FALSE,1
404549,100612,2062,101,06-05-2025,10-05-2025,Elective,101-19,Discharged,FALSE,4
404550,105371,2003,103,15-02-2025,17-02-2025,Elective,103-03,Discharged,TRUE,2
404551,107263,2029,102,24-08-2025,25-08-2025,Elective,102-34,Discharged,FALSE,1
404552,110758,2059,104,17-12-2025,23-12-2025,Referral,104-40,Discharged,TRUE,6
404553,105448,2007,106,16-10-2025,19-10-2025,Referral,106-30,Transferred,FALSE,3
404554,108493,2037,105,10-03-2025,12-03-2025,Elective,105-47,Discharged,FALSE,2
404555,110750,2019,101,01-04-2026,03-04-2026,Elective,101-41,Discharged,FALSE,2
404556,106090,2068,101,26-02-2025,02-03-2025,Elective,101-12,Discharged,TRUE,4
404557,110384,2053,105,22-02-2025,26-02-2025,Emergency,105-21,Discharged,FALSE,4
404558,111736,2049,106,11-01-2025,13-01-2025,Elective,106-05,Discharged,FALSE,2
404559,107022,2052,104,14-06-2025,18-06-2025,Emergency,104-45,Discharged,FALSE,4
404560,108441,2071,103,17-11-2025,18-11-2025,Emergency,103-07,Discharged,FALSE,1
404561,104930,2065,104,14-04-2026,15-04-2026,Elective,104-43,Discharged,FALSE,1
404562,110492,2080,107,27-05-2025,30-05-2025,Emergency,107-30,Discharged,FALSE,3
404563,108044,2008,105,30-01-2026,31-01-2026,Emergency,105-17,Under Treatment,FALSE,1
404564,106759,2038,108,05-01-2026,06-01-2026,Referral,108-25,Discharged,FALSE,1
404565,109023,2037,105,17-12-2025,23-12-2025,Elective,105-31,Discharged,FALSE,6
404566,107756,2075,104,05-05-2025,06-05-2025,Referral,104-17,Discharged,TRUE,1
404567,102828,2002,107,30-01-2025,03-02-2025,Elective,107-41,Discharged,FALSE,4
404568,106321,2073,101,28-12-2025,29-12-2025,Emergency,101-03,Discharged,FALSE,1
404569,104178,2070,106,20-01-2025,28-01-2025,Elective,106-43,Discharged,FALSE,8
404570,102168,2058,102,05-03-2026,08-03-2026,Elective,102-08,Discharged,FALSE,3
404571,105152,2001,102,26-11-2025,04-12-2025,Elective,102-39,Discharged,FALSE,8
404572,103869,2006,106,17-03-2026,21-03-2026,Elective,106-49,Discharged,FALSE,4
404573,105562,2077,106,28-01-2026,02-02-2026,Elective,106-39,Discharged,FALSE,5
404574,107097,2070,106,22-12-2025,27-12-2025,Elective,106-11,Transferred,FALSE,5
404575,101548,2055,106,05-02-2026,13-02-2026,Elective,106-27,Transferred,FALSE,8
404576,102357,2029,102,24-08-2025,29-08-2025,Elective,102-44,Discharged,FALSE,5
404577,101823,2025,105,16-12-2025,18-12-2025,Elective,105-07,Discharged,FALSE,2
404578,104896,2072,107,31-08-2025,06-09-2025,Elective,107-29,Discharged,FALSE,6
404579,104293,2004,101,07-01-2025,08-01-2025,Elective,101-04,Discharged,FALSE,1
404580,102578,2068,101,30-12-2025,31-12-2025,Elective,101-18,Discharged,FALSE,1
404581,105456,2058,102,24-02-2026,25-02-2026,Elective,102-47,Discharged,TRUE,1
404582,105520,2016,107,19-01-2025,24-01-2025,Elective,107-24,Discharged,FALSE,5
404583,108581,2067,107,07-08-2025,11-08-2025,Elective,107-21,Discharged,FALSE,4
404584,109279,2034,102,15-03-2026,19-03-2026,Elective,102-14,Discharged,FALSE,4
404585,108044,2070,106,23-04-2026,01-05-2026,Elective,106-48,Discharged,FALSE,8
404586,108447,2076,104,30-03-2025,02-04-2025,Emergency,104-47,Discharged,FALSE,3
404587,107158,2047,102,13-03-2025,18-03-2025,Elective,102-43,Discharged,FALSE,5
404588,103063,2008,105,17-08-2025,25-08-2025,Elective,105-37,Discharged,FALSE,8
404589,102281,2064,108,20-02-2025,23-02-2025,Elective,108-17,Discharged,FALSE,3
404590,107444,2020,102,08-04-2026,11-04-2026,Referral,102-20,Discharged,TRUE,3
404591,108322,2037,105,08-02-2026,12-02-2026,Referral,105-27,Discharged,FALSE,4
404592,106509,2011,108,28-04-2026,29-04-2026,Emergency,108-29,Discharged,TRUE,1
404593,111031,2012,106,16-12-2025,18-12-2025,Emergency,106-32,Discharged,FALSE,2
404594,111433,2050,101,06-06-2025,22-06-2025,Elective,101-06,Discharged,FALSE,16
404595,100317,2023,108,24-03-2025,31-03-2025,Referral,108-25,Discharged,TRUE,7
404596,102554,2045,107,04-08-2025,07-08-2025,Elective,107-26,Discharged,FALSE,3
404597,109286,2007,106,13-01-2025,21-01-2025,Emergency,106-16,Discharged,FALSE,8
404598,111553,2019,101,16-03-2026,17-03-2026,Referral,101-02,Discharged,FALSE,1
404599,105831,2013,105,17-05-2025,27-05-2025,Referral,105-07,Discharged,FALSE,10
404600,104071,2001,102,12-09-2025,20-09-2025,Elective,102-04,Discharged,FALSE,8
404601,110780,2010,104,07-12-2025,10-12-2025,Emergency,104-19,Discharged,FALSE,3
404602,108280,2080,107,02-04-2025,11-04-2025,Emergency,107-27,Discharged,FALSE,9
404603,107430,2026,102,04-04-2026,05-04-2026,Elective,102-30,Discharged,TRUE,1
404604,102430,2011,108,27-04-2025,28-04-2025,Elective,108-06,Discharged,FALSE,1
404605,110879,2063,108,26-10-2025,28-10-2025,Elective,108-35,Transferred,FALSE,2
404606,105461,2034,102,13-08-2025,17-08-2025,Emergency,102-43,Discharged,FALSE,4
404607,108735,2043,108,09-06-2026,11-06-2026,Elective,108-34,Discharged,FALSE,2
404608,100580,2044,106,28-07-2025,01-08-2025,Referral,106-03,Discharged,FALSE,4
404609,102929,2039,108,22-12-2025,25-12-2025,Emergency,108-27,Discharged,FALSE,3
404610,104698,2007,106,11-05-2026,12-05-2026,Elective,106-27,Discharged,FALSE,1
404611,108270,2017,106,09-06-2026,17-06-2026,Emergency,106-12,Discharged,FALSE,8
404612,109185,2020,102,20-05-2025,21-05-2025,Elective,102-49,Discharged,FALSE,1
404613,105031,2043,108,25-10-2025,28-10-2025,Emergency,108-36,Discharged,FALSE,3
404614,104316,2075,104,02-07-2025,07-07-2025,Elective,104-16,Discharged,TRUE,5
404615,102942,2005,106,28-06-2025,05-07-2025,Elective,106-06,Discharged,FALSE,7
404616,105288,2016,107,28-11-2025,06-12-2025,Elective,107-40,Discharged,FALSE,8
404617,100392,2068,101,27-05-2026,29-05-2026,Elective,101-03,Discharged,TRUE,2
404618,107650,2012,106,05-08-2025,06-08-2025,Elective,106-09,Discharged,FALSE,1
404619,110898,2005,106,07-02-2026,08-02-2026,Elective,106-21,Discharged,FALSE,1
404620,107957,2074,108,07-09-2025,09-09-2025,Referral,108-23,Discharged,FALSE,2
404621,102179,2001,102,28-01-2025,07-02-2025,Referral,102-11,Discharged,FALSE,10
404622,111624,2034,102,20-03-2025,23-03-2025,Elective,102-38,Discharged,FALSE,3
404623,101467,2076,104,28-01-2025,13-02-2025,Elective,104-46,Discharged,FALSE,16
404624,100719,2035,103,30-08-2025,03-09-2025,Elective,103-31,Discharged,FALSE,4
404625,109777,2073,101,17-09-2025,18-09-2025,Elective,101-22,Discharged,FALSE,1
404626,107121,2064,108,08-03-2026,09-03-2026,Emergency,108-06,Discharged,FALSE,1
404627,110316,2065,104,19-09-2025,21-09-2025,Elective,104-23,Discharged,FALSE,2
404628,105024,2010,104,25-01-2026,26-01-2026,Elective,104-28,Discharged,TRUE,1
404629,107774,2028,107,21-10-2025,25-10-2025,Elective,107-15,Under Treatment,TRUE,4
404630,111833,2039,108,18-05-2026,20-05-2026,Emergency,108-47,Discharged,FALSE,2
404631,106847,2001,102,16-10-2025,22-10-2025,Elective,102-38,Discharged,FALSE,6
404632,101486,2073,101,24-08-2025,27-08-2025,Elective,101-47,Discharged,FALSE,3
404633,102934,2041,105,26-11-2025,02-12-2025,Elective,105-18,Discharged,FALSE,6
404634,101371,2051,108,11-02-2026,24-02-2026,Referral,108-04,Discharged,FALSE,13
404635,107077,2002,107,04-01-2026,06-01-2026,Elective,107-34,Discharged,FALSE,2
404636,110381,2042,102,05-06-2025,14-06-2025,Referral,102-42,Discharged,FALSE,9
404637,103300,2045,107,11-03-2025,13-03-2025,Elective,107-13,Under Treatment,FALSE,2
404638,110138,2014,105,03-03-2026,11-03-2026,Emergency,105-24,Discharged,TRUE,8
404639,105131,2033,105,08-11-2025,11-11-2025,Elective,105-11,Under Treatment,FALSE,3
404640,101613,2008,105,13-03-2026,14-03-2026,Elective,105-33,Transferred,FALSE,1
404641,105257,2030,105,20-05-2025,21-05-2025,Elective,105-06,Discharged,FALSE,1
404642,108194,2024,108,27-02-2025,01-03-2025,Emergency,108-33,Discharged,FALSE,2
404643,111074,2076,104,10-05-2025,18-05-2025,Elective,104-43,Discharged,FALSE,8
404644,110959,2067,107,15-10-2025,18-10-2025,Elective,107-08,Discharged,FALSE,3
404645,103419,2034,102,01-12-2025,05-12-2025,Emergency,102-24,Under Treatment,TRUE,4
404646,103139,2050,101,24-06-2025,28-06-2025,Elective,101-22,Discharged,FALSE,4
404647,111834,2041,105,01-10-2025,05-10-2025,Referral,105-47,Discharged,TRUE,4
404648,107520,2071,103,31-05-2026,02-06-2026,Elective,103-25,Discharged,FALSE,2
404649,104817,2080,107,26-02-2026,08-03-2026,Emergency,107-06,Discharged,FALSE,10
404650,100715,2049,106,10-02-2025,12-02-2025,Referral,106-01,Discharged,FALSE,2
404651,103354,2012,106,14-02-2025,16-02-2025,Emergency,106-21,Transferred,FALSE,2
404652,106840,2017,106,18-01-2025,20-01-2025,Elective,106-35,Discharged,FALSE,2
404653,104487,2025,105,01-05-2026,04-05-2026,Elective,105-12,Discharged,FALSE,3
404654,111018,2038,108,10-10-2025,13-10-2025,Emergency,108-16,Transferred,FALSE,3
404655,102449,2056,102,09-11-2025,10-11-2025,Emergency,102-50,Discharged,FALSE,1
404656,109706,2020,102,03-11-2025,09-11-2025,Referral,102-08,Discharged,FALSE,6
404657,109120,2072,107,15-07-2025,17-07-2025,Elective,107-48,Discharged,FALSE,2
404658,101643,2052,104,28-02-2026,02-03-2026,Elective,104-11,Transferred,FALSE,2
404659,109108,2053,105,07-06-2025,08-06-2025,Emergency,105-46,Discharged,FALSE,1
404660,103789,2058,102,13-01-2026,20-01-2026,Emergency,102-45,Discharged,FALSE,7
404661,105247,2071,103,19-06-2025,22-06-2025,Elective,103-06,Transferred,FALSE,3
404662,102506,2015,103,29-03-2026,01-04-2026,Elective,103-25,Discharged,FALSE,3
404663,103287,2028,107,22-12-2025,25-12-2025,Elective,107-42,Discharged,FALSE,3
404664,105554,2014,105,06-02-2025,07-02-2025,Elective,105-49,Transferred,FALSE,1
404665,104191,2078,105,04-11-2025,10-11-2025,Emergency,105-38,Discharged,FALSE,6
404666,109151,2012,106,25-05-2025,28-05-2025,Elective,106-16,Discharged,FALSE,3
404667,101897,2064,108,21-02-2026,25-02-2026,Emergency,108-24,Discharged,TRUE,4
404668,109093,2031,104,20-06-2026,23-06-2026,Elective,104-47,Discharged,FALSE,3
404669,100698,2073,101,21-01-2026,22-01-2026,Emergency,101-12,Discharged,FALSE,1
404670,104475,2047,102,11-05-2026,14-05-2026,Emergency,102-01,Discharged,TRUE,3
404671,101188,2061,104,26-04-2025,27-04-2025,Emergency,104-25,Discharged,FALSE,1
404672,106002,2009,105,13-07-2025,19-07-2025,Elective,105-27,Discharged,FALSE,6
404673,107819,2029,102,26-04-2026,27-04-2026,Elective,102-14,Discharged,TRUE,1
404674,110063,2024,108,09-11-2025,15-11-2025,Emergency,108-19,Discharged,TRUE,6
404675,105266,2010,104,16-02-2026,17-02-2026,Elective,104-07,Discharged,FALSE,1
404676,109696,2019,101,30-04-2025,03-05-2025,Emergency,101-27,Discharged,FALSE,3
404677,107577,2021,108,08-03-2026,11-03-2026,Elective,108-23,Discharged,TRUE,3
404678,103752,2041,105,24-03-2026,02-04-2026,Elective,105-39,Discharged,FALSE,9
404679,100746,2005,106,31-03-2025,03-04-2025,Elective,106-25,Discharged,FALSE,3
404680,101437,2070,106,25-02-2026,26-02-2026,Referral,106-33,Discharged,FALSE,1
404681,111215,2030,105,11-06-2025,12-06-2025,Elective,105-35,Transferred,FALSE,1
404682,104719,2027,101,30-08-2025,11-09-2025,Elective,101-15,Discharged,TRUE,12
404683,104917,2049,106,28-04-2025,29-04-2025,Emergency,106-11,Discharged,FALSE,1
404684,100808,2015,103,10-01-2026,13-01-2026,Elective,103-11,Discharged,TRUE,3
404685,109041,2064,108,05-02-2026,08-02-2026,Emergency,108-02,Discharged,FALSE,3
404686,111708,2033,105,04-05-2025,06-05-2025,Elective,105-38,Discharged,FALSE,2
404687,104469,2014,105,25-12-2025,26-12-2025,Elective,105-50,Discharged,FALSE,1
404688,103826,2058,102,07-12-2025,10-12-2025,Elective,102-42,Discharged,FALSE,3
404689,110491,2055,106,18-09-2025,21-09-2025,Emergency,106-36,Discharged,FALSE,3
404690,101895,2079,104,27-04-2026,29-04-2026,Emergency,104-42,Discharged,FALSE,2
404691,106102,2014,105,14-01-2026,16-01-2026,Elective,105-43,Discharged,FALSE,2
404692,102007,2001,102,02-08-2025,13-08-2025,Elective,102-43,Discharged,FALSE,11
404693,100527,2031,104,19-05-2026,04-06-2026,Emergency,104-27,Discharged,TRUE,16
404694,105362,2073,101,11-04-2026,12-04-2026,Elective,101-43,Discharged,FALSE,1
404695,103797,2030,105,22-06-2025,24-06-2025,Emergency,105-30,Discharged,FALSE,2
404696,105813,2063,108,27-05-2025,02-06-2025,Elective,108-02,Discharged,FALSE,6
404697,104927,2078,105,28-12-2025,30-12-2025,Referral,105-49,Discharged,FALSE,2
404698,111819,2012,106,22-05-2025,27-05-2025,Elective,106-03,Discharged,FALSE,5
404699,100525,2053,105,05-08-2025,07-08-2025,Referral,105-37,Transferred,FALSE,2
404700,102885,2012,106,17-03-2025,18-03-2025,Elective,106-43,Discharged,FALSE,1
404701,111634,2076,104,21-11-2025,25-11-2025,Elective,104-38,Discharged,FALSE,4
404702,111371,2055,106,08-03-2025,09-03-2025,Emergency,106-50,Discharged,FALSE,1
404703,101546,2003,103,21-01-2025,26-01-2025,Elective,103-49,Transferred,FALSE,5
404704,111102,2074,108,28-07-2025,29-07-2025,Elective,108-33,Discharged,TRUE,1
404705,102858,2055,106,28-05-2025,07-06-2025,Elective,106-11,Discharged,FALSE,10
404706,106769,2019,101,14-05-2025,16-05-2025,Elective,101-25,Discharged,TRUE,2
404707,111505,2028,107,01-01-2025,04-01-2025,Elective,107-10,Discharged,FALSE,3
404708,107913,2072,107,14-04-2025,15-04-2025,Elective,107-23,Discharged,FALSE,1
404709,105155,2055,106,29-01-2026,31-01-2026,Emergency,106-18,Discharged,FALSE,2
404710,104529,2075,104,15-02-2026,22-02-2026,Emergency,104-50,Discharged,FALSE,7
404711,110686,2080,107,22-02-2025,27-02-2025,Elective,107-41,Discharged,FALSE,5
404712,104562,2059,104,31-05-2026,02-06-2026,Elective,104-13,Discharged,FALSE,2
404713,105046,2001,102,07-05-2026,11-05-2026,Emergency,102-36,Discharged,FALSE,4
404714,109940,2001,102,24-01-2026,28-01-2026,Elective,102-27,Discharged,FALSE,4
404715,109439,2001,102,23-07-2025,27-07-2025,Elective,102-12,Discharged,FALSE,4
404716,106475,2023,108,10-04-2026,15-04-2026,Elective,108-07,Discharged,FALSE,5
404717,100003,2050,101,20-03-2026,05-04-2026,Referral,101-44,Discharged,TRUE,16
404718,106596,2063,108,05-02-2026,10-02-2026,Elective,108-31,Discharged,FALSE,5
404719,109295,2017,106,31-08-2025,05-09-2025,Referral,106-26,Discharged,FALSE,5
404720,104408,2041,105,20-10-2025,25-10-2025,Elective,105-29,Discharged,FALSE,5
404721,110831,2005,106,23-02-2025,27-02-2025,Emergency,106-23,Transferred,FALSE,4
404722,107144,2053,105,29-05-2026,01-06-2026,Elective,105-32,Discharged,FALSE,3
404723,109600,2051,108,06-02-2026,10-02-2026,Referral,108-50,Transferred,FALSE,4
404724,109927,2041,105,26-02-2026,02-03-2026,Elective,105-34,Discharged,FALSE,4
404725,101019,2044,106,30-09-2025,03-10-2025,Emergency,106-28,Discharged,FALSE,3
404726,101924,2072,107,22-03-2025,25-03-2025,Elective,107-42,Transferred,FALSE,3
404727,101480,2059,104,05-03-2025,09-03-2025,Elective,104-16,Discharged,FALSE,4
404728,110231,2017,106,09-02-2025,12-02-2025,Elective,106-18,Discharged,FALSE,3
404729,106988,2077,106,14-05-2026,21-05-2026,Referral,106-39,Discharged,FALSE,7
404730,109748,2071,103,17-01-2026,18-01-2026,Referral,103-12,Discharged,FALSE,1
404731,107027,2065,104,22-04-2025,25-04-2025,Elective,104-05,Discharged,FALSE,3
404732,110682,2078,105,17-03-2025,19-03-2025,Elective,105-20,Discharged,FALSE,2
404733,101498,2037,105,11-02-2025,24-02-2025,Elective,105-50,Discharged,FALSE,13
404734,108975,2054,102,30-09-2025,01-10-2025,Emergency,102-50,Discharged,FALSE,1
404735,102989,2066,102,07-10-2025,10-10-2025,Emergency,102-39,Discharged,FALSE,3
404736,106118,2051,108,26-03-2026,01-04-2026,Elective,108-06,Transferred,FALSE,6
404737,103664,2076,104,30-09-2025,05-10-2025,Elective,104-45,Discharged,FALSE,5
404738,110985,2062,101,04-05-2026,06-05-2026,Elective,101-14,Discharged,FALSE,2
404739,109940,2014,105,06-10-2025,20-10-2025,Elective,105-01,Discharged,FALSE,14
404740,106237,2036,102,26-08-2025,03-09-2025,Emergency,102-20,Discharged,FALSE,8
404741,102867,2053,105,13-07-2025,21-07-2025,Elective,105-17,Transferred,FALSE,8
404742,100898,2045,107,26-10-2025,01-11-2025,Emergency,107-34,Discharged,FALSE,6
404743,104046,2027,101,15-07-2025,18-07-2025,Emergency,101-10,Discharged,FALSE,3
404744,107458,2025,105,09-02-2026,12-02-2026,Elective,105-34,Discharged,FALSE,3
404745,110235,2077,106,14-06-2025,16-06-2025,Referral,106-48,Discharged,FALSE,2
404746,106632,2015,103,14-09-2025,18-09-2025,Elective,103-26,Discharged,FALSE,4
404747,105263,2059,104,31-03-2025,02-04-2025,Elective,104-09,Discharged,FALSE,2
404748,107430,2018,104,29-06-2025,07-07-2025,Elective,104-40,Discharged,FALSE,8
404749,102427,2026,102,02-01-2026,03-01-2026,Referral,102-09,Discharged,TRUE,1
404750,110380,2057,101,27-10-2025,05-11-2025,Emergency,101-44,Discharged,FALSE,9
404751,100846,2043,108,28-10-2025,04-11-2025,Elective,108-36,Discharged,FALSE,7
404752,107248,2013,105,11-01-2025,15-01-2025,Referral,105-15,Discharged,FALSE,4
404753,104187,2004,101,23-02-2026,24-02-2026,Elective,101-16,Discharged,FALSE,1
404754,105751,2023,108,02-01-2025,06-01-2025,Emergency,108-46,Discharged,FALSE,4
404755,107106,2079,104,27-04-2025,28-04-2025,Elective,104-41,Discharged,FALSE,1
404756,100860,2019,101,19-10-2025,25-10-2025,Elective,101-05,Discharged,FALSE,6
404757,111129,2043,108,09-07-2025,16-07-2025,Emergency,108-28,Discharged,FALSE,7
404758,100571,2032,101,26-03-2026,27-03-2026,Referral,101-35,Discharged,FALSE,1
404759,102744,2048,101,16-03-2026,28-03-2026,Referral,101-38,Discharged,FALSE,12
404760,109715,2048,101,05-02-2026,07-02-2026,Elective,101-41,Discharged,FALSE,2
404761,110650,2071,103,18-03-2026,26-03-2026,Elective,103-17,Discharged,FALSE,8
404762,109966,2005,106,30-01-2025,03-02-2025,Referral,106-46,Discharged,FALSE,4
404763,108208,2043,108,11-04-2026,17-04-2026,Elective,108-35,Discharged,FALSE,6
404764,109615,2017,106,20-03-2025,25-03-2025,Emergency,106-30,Discharged,FALSE,5
404765,103138,2042,102,06-03-2025,13-03-2025,Elective,102-02,Discharged,TRUE,7
404766,102473,2037,105,13-09-2025,16-09-2025,Emergency,105-14,Under Treatment,FALSE,3
404767,105122,2007,106,11-11-2025,13-11-2025,Elective,106-37,Discharged,FALSE,2
404768,108593,2060,103,10-03-2026,14-03-2026,Elective,103-36,Discharged,FALSE,4
404769,104672,2064,108,12-01-2025,15-01-2025,Referral,108-15,Discharged,FALSE,3
404770,109602,2067,107,07-06-2025,12-06-2025,Elective,107-16,Discharged,FALSE,5
404771,109679,2015,103,13-06-2026,23-06-2026,Elective,103-07,Discharged,TRUE,10
404772,111004,2020,102,23-05-2026,25-05-2026,Referral,102-46,Discharged,FALSE,2
404773,106312,2052,104,19-06-2026,24-06-2026,Elective,104-20,Discharged,FALSE,5
404774,103181,2056,102,25-04-2025,26-04-2025,Emergency,102-50,Discharged,FALSE,1
404775,103702,2044,106,25-12-2025,28-12-2025,Elective,106-47,Discharged,FALSE,3
404776,102856,2042,102,27-01-2026,31-01-2026,Emergency,102-26,Discharged,FALSE,4
404777,103398,2049,106,05-01-2026,10-01-2026,Elective,106-32,Discharged,FALSE,5
404778,106200,2028,107,01-10-2025,03-10-2025,Referral,107-17,Discharged,FALSE,2
404779,107104,2036,102,11-03-2025,15-03-2025,Elective,102-31,Discharged,FALSE,4
404780,103003,2054,102,01-06-2026,14-06-2026,Emergency,102-08,Discharged,FALSE,13
404781,110935,2043,108,05-05-2026,11-05-2026,Elective,108-14,Discharged,TRUE,6
404782,110660,2029,102,15-05-2025,17-05-2025,Elective,102-12,Discharged,FALSE,2
404783,108158,2057,101,26-05-2026,29-05-2026,Elective,101-22,Discharged,TRUE,3
404784,104242,2078,105,26-02-2025,01-03-2025,Elective,105-45,Discharged,TRUE,3
404785,111621,2044,106,08-01-2025,10-01-2025,Elective,106-40,Discharged,FALSE,2
404786,102439,2075,104,16-01-2025,19-01-2025,Emergency,104-39,Discharged,TRUE,3
404787,107458,2008,105,10-01-2026,15-01-2026,Emergency,105-11,Discharged,TRUE,5
404788,100323,2021,108,24-05-2025,01-06-2025,Elective,108-46,Discharged,FALSE,8
404789,111859,2010,104,20-04-2025,24-04-2025,Elective,104-26,Discharged,TRUE,4
404790,102265,2072,107,22-10-2025,26-10-2025,Emergency,107-07,Discharged,FALSE,4
404791,101238,2057,101,04-05-2026,07-05-2026,Elective,101-50,Discharged,FALSE,3
404792,100832,2034,102,09-01-2025,11-01-2025,Elective,102-10,Discharged,FALSE,2
404793,107769,2009,105,27-12-2025,01-01-2026,Emergency,105-25,Discharged,FALSE,5
404794,101959,2053,105,25-09-2025,02-10-2025,Elective,105-11,Discharged,FALSE,7
404795,100500,2025,105,15-04-2025,22-04-2025,Elective,105-17,Discharged,TRUE,7
404796,108025,2069,106,30-01-2025,03-02-2025,Emergency,106-06,Discharged,FALSE,4
404797,100066,2055,106,20-06-2026,23-06-2026,Referral,106-03,Discharged,FALSE,3
404798,101706,2029,102,26-01-2026,30-01-2026,Elective,102-15,Under Treatment,FALSE,4
404799,105599,2029,102,11-10-2025,14-10-2025,Referral,102-07,Transferred,FALSE,3
404800,102742,2021,108,28-01-2026,30-01-2026,Emergency,108-47,Discharged,TRUE,2
404801,105414,2052,104,08-12-2025,09-12-2025,Elective,104-23,Discharged,FALSE,1
404802,107395,2076,104,08-03-2026,09-03-2026,Elective,104-06,Discharged,FALSE,1
404803,100296,2062,101,29-09-2025,04-10-2025,Emergency,101-22,Discharged,FALSE,5
404804,107314,2031,104,19-02-2026,21-02-2026,Elective,104-46,Discharged,FALSE,2
404805,111990,2048,101,08-04-2026,13-04-2026,Emergency,101-23,Discharged,FALSE,5
404806,105503,2016,107,13-06-2026,14-06-2026,Emergency,107-01,Discharged,FALSE,1
404807,107602,2043,108,13-06-2025,15-06-2025,Elective,108-11,Discharged,FALSE,2
404808,103042,2079,104,10-11-2025,14-11-2025,Elective,104-27,Discharged,FALSE,4
404809,109372,2011,108,18-11-2025,27-11-2025,Referral,108-25,Discharged,TRUE,9
404810,101690,2035,103,01-06-2025,05-06-2025,Referral,103-39,Discharged,TRUE,4
404811,106934,2077,106,25-10-2025,27-10-2025,Emergency,106-45,Discharged,FALSE,2
404812,100840,2064,108,22-01-2025,01-02-2025,Elective,108-40,Under Treatment,FALSE,10
404813,103513,2009,105,22-03-2026,24-03-2026,Elective,105-50,Discharged,FALSE,2
404814,101455,2076,104,09-02-2025,21-02-2025,Elective,104-13,Discharged,FALSE,12
404815,105492,2080,107,25-01-2025,31-01-2025,Elective,107-30,Discharged,FALSE,6
404816,109016,2036,102,18-03-2026,19-03-2026,Emergency,102-29,Discharged,FALSE,1
404817,110455,2025,105,02-06-2025,06-06-2025,Elective,105-46,Discharged,FALSE,4
404818,103888,2060,103,21-05-2026,22-05-2026,Elective,103-06,Discharged,FALSE,1
404819,106591,2055,106,19-07-2025,25-07-2025,Elective,106-26,Discharged,FALSE,6
404820,100187,2036,102,18-11-2025,23-11-2025,Emergency,102-05,Discharged,FALSE,5
404821,102355,2041,105,11-06-2026,17-06-2026,Referral,105-48,Discharged,FALSE,6
404822,103300,2041,105,22-09-2025,24-09-2025,Emergency,105-47,Transferred,TRUE,2
404823,101631,2010,104,07-02-2026,09-02-2026,Referral,104-05,Discharged,FALSE,2
404824,102253,2042,102,30-04-2025,04-05-2025,Elective,102-05,Discharged,FALSE,4
404825,100799,2003,103,24-04-2025,28-04-2025,Elective,103-33,Discharged,FALSE,4
404826,107777,2015,103,02-10-2025,10-10-2025,Emergency,103-24,Discharged,FALSE,8
404827,100621,2037,105,17-02-2026,26-02-2026,Elective,105-36,Discharged,FALSE,9
404828,107319,2025,105,09-06-2025,19-06-2025,Referral,105-21,Discharged,FALSE,10
404829,106799,2009,105,21-08-2025,28-08-2025,Elective,105-14,Discharged,FALSE,7
404830,109762,2061,104,01-05-2026,08-05-2026,Emergency,104-24,Discharged,TRUE,7
404831,103085,2026,102,05-02-2025,10-02-2025,Elective,102-50,Discharged,FALSE,5
404832,102785,2054,102,08-07-2025,09-07-2025,Emergency,102-49,Discharged,FALSE,1
404833,111022,2064,108,28-03-2026,01-04-2026,Elective,108-21,Discharged,FALSE,4
404834,107131,2056,102,08-05-2025,10-05-2025,Emergency,102-44,Discharged,TRUE,2
404835,100278,2061,104,08-12-2025,10-12-2025,Emergency,104-02,Discharged,FALSE,2
404836,110929,2064,108,22-08-2025,28-08-2025,Referral,108-34,Discharged,FALSE,6
404837,108739,2036,102,29-10-2025,31-10-2025,Emergency,102-33,Discharged,FALSE,2
404838,104888,2020,102,04-06-2025,05-06-2025,Emergency,102-29,Discharged,FALSE,1
404839,102045,2068,101,26-12-2025,28-12-2025,Elective,101-21,Discharged,FALSE,2
404840,110559,2061,104,03-02-2026,07-02-2026,Elective,104-12,Discharged,FALSE,4
404841,101047,2002,107,18-03-2026,23-03-2026,Referral,107-28,Under Treatment,FALSE,5
404842,100529,2010,104,18-05-2025,21-05-2025,Elective,104-28,Discharged,FALSE,3
404843,101431,2022,101,03-02-2026,05-02-2026,Elective,101-33,Discharged,FALSE,2
404844,107203,2029,102,22-09-2025,27-09-2025,Emergency,102-06,Discharged,FALSE,5
404845,104547,2055,106,24-01-2025,27-01-2025,Elective,106-46,Discharged,FALSE,3
404846,110495,2028,107,10-08-2025,11-08-2025,Elective,107-40,Under Treatment,FALSE,1
404847,106599,2062,101,26-02-2026,07-03-2026,Elective,101-45,Discharged,FALSE,9
404848,107464,2027,101,11-01-2025,16-01-2025,Elective,101-33,Discharged,FALSE,5
404849,105728,2043,108,10-01-2026,18-01-2026,Emergency,108-28,Discharged,TRUE,8
404850,100126,2076,104,09-12-2025,15-12-2025,Emergency,104-15,Discharged,FALSE,6
404851,108019,2041,105,03-05-2025,05-05-2025,Elective,105-32,Discharged,FALSE,2
404852,101619,2060,103,14-08-2025,18-08-2025,Elective,103-48,Under Treatment,TRUE,4
404853,106962,2006,106,19-03-2025,28-03-2025,Elective,106-05,Discharged,FALSE,9
404854,110463,2016,107,26-08-2025,02-09-2025,Emergency,107-20,Discharged,FALSE,7
404855,109238,2045,107,15-12-2025,24-12-2025,Emergency,107-38,Discharged,FALSE,9
404856,110628,2018,104,15-12-2025,18-12-2025,Elective,104-50,Under Treatment,FALSE,3
404857,111844,2069,106,28-10-2025,29-10-2025,Emergency,106-18,Discharged,FALSE,1
404858,111817,2076,104,20-01-2025,26-01-2025,Elective,104-16,Discharged,FALSE,6
404859,104567,2037,105,18-09-2025,23-09-2025,Elective,105-42,Discharged,FALSE,5
404860,107974,2014,105,11-07-2025,15-07-2025,Elective,105-27,Discharged,FALSE,4
404861,102474,2005,106,06-09-2025,08-09-2025,Elective,106-37,Discharged,TRUE,2
404862,110870,2039,108,26-01-2025,28-01-2025,Elective,108-16,Discharged,TRUE,2
404863,102065,2067,107,06-08-2025,08-08-2025,Referral,107-13,Discharged,FALSE,2
404864,104312,2002,107,20-08-2025,23-08-2025,Emergency,107-23,Discharged,FALSE,3
404865,104983,2031,104,16-01-2025,18-01-2025,Emergency,104-19,Discharged,FALSE,2
404866,104224,2018,104,24-11-2025,28-11-2025,Referral,104-31,Discharged,FALSE,4
404867,102689,2034,102,13-06-2026,16-06-2026,Elective,102-19,Discharged,FALSE,3
404868,103199,2057,101,20-03-2025,28-03-2025,Elective,101-38,Discharged,FALSE,8
404869,101403,2023,108,02-05-2025,06-05-2025,Elective,108-26,Discharged,FALSE,4
404870,102008,2014,105,10-02-2026,11-02-2026,Elective,105-30,Discharged,FALSE,1
404871,101072,2020,102,19-04-2026,21-04-2026,Elective,102-15,Discharged,FALSE,2
404872,105603,2027,101,26-02-2025,02-03-2025,Elective,101-20,Discharged,FALSE,4
404873,101199,2067,107,18-06-2026,21-06-2026,Elective,107-23,Discharged,FALSE,3
404874,108852,2063,108,11-09-2025,23-09-2025,Elective,108-34,Discharged,FALSE,12
404875,102829,2067,107,28-06-2025,01-07-2025,Elective,107-17,Discharged,FALSE,3
404876,104222,2052,104,11-04-2026,16-04-2026,Elective,104-30,Discharged,FALSE,5
404877,100793,2037,105,22-06-2025,25-06-2025,Elective,105-25,Discharged,FALSE,3
404878,105458,2026,102,29-01-2026,02-02-2026,Emergency,102-07,Under Treatment,FALSE,4
404879,108856,2050,101,07-04-2026,09-04-2026,Elective,101-06,Discharged,FALSE,2
404880,100072,2024,108,01-01-2025,03-01-2025,Elective,108-24,Discharged,FALSE,2
404881,111352,2032,101,21-12-2025,22-12-2025,Elective,101-18,Transferred,FALSE,1
404882,107414,2044,106,03-07-2025,04-07-2025,Referral,106-41,Discharged,FALSE,1
404883,104276,2029,102,05-04-2026,07-04-2026,Elective,102-27,Discharged,FALSE,2
404884,104051,2001,102,09-12-2025,11-12-2025,Elective,102-04,Discharged,FALSE,2
404885,106520,2077,106,13-01-2025,18-01-2025,Elective,106-35,Transferred,FALSE,5
404886,111039,2057,101,26-01-2025,29-01-2025,Elective,101-15,Discharged,FALSE,3
404887,101587,2011,108,15-07-2025,25-07-2025,Elective,108-42,Discharged,FALSE,10
404888,106712,2047,102,12-02-2026,16-02-2026,Elective,102-36,Discharged,FALSE,4
404889,103814,2044,106,11-01-2025,18-01-2025,Elective,106-48,Discharged,FALSE,7
404890,105132,2002,107,08-11-2025,12-11-2025,Elective,107-09,Discharged,FALSE,4
404891,103242,2028,107,07-01-2026,18-01-2026,Emergency,107-03,Discharged,FALSE,11
404892,104889,2024,108,08-04-2026,09-04-2026,Emergency,108-45,Under Treatment,FALSE,1
404893,104358,2062,101,20-02-2025,21-02-2025,Elective,101-13,Discharged,FALSE,1
404894,102362,2023,108,22-01-2025,25-01-2025,Elective,108-17,Discharged,FALSE,3
404895,102700,2030,105,26-01-2025,27-01-2025,Elective,105-09,Under Treatment,FALSE,1
404896,109797,2042,102,06-03-2025,10-03-2025,Emergency,102-43,Discharged,FALSE,4
404897,111993,2026,102,28-01-2026,01-02-2026,Emergency,102-21,Discharged,FALSE,4
404898,102664,2041,105,01-05-2026,03-05-2026,Referral,105-16,Discharged,FALSE,2
404899,108588,2007,106,07-01-2026,10-01-2026,Elective,106-12,Discharged,FALSE,3
404900,101983,2062,101,28-10-2025,01-11-2025,Elective,101-05,Discharged,FALSE,4
404901,100005,2005,106,10-03-2026,12-03-2026,Emergency,106-24,Discharged,FALSE,2
404902,105137,2031,104,29-03-2026,01-04-2026,Elective,104-50,Discharged,FALSE,3
404903,100503,2050,101,28-02-2025,07-03-2025,Emergency,101-22,Discharged,TRUE,7
404904,100904,2011,108,07-05-2025,08-05-2025,Elective,108-32,Discharged,FALSE,1
404905,102554,2045,107,16-12-2025,18-12-2025,Elective,107-06,Discharged,FALSE,2
404906,109527,2024,108,21-01-2026,24-01-2026,Emergency,108-37,Discharged,FALSE,3
404907,101753,2039,108,12-02-2026,13-02-2026,Emergency,108-25,Discharged,FALSE,1
404908,102477,2053,105,04-09-2025,07-09-2025,Elective,105-50,Discharged,FALSE,3
404909,106292,2023,108,28-08-2025,31-08-2025,Elective,108-19,Discharged,FALSE,3
404910,100978,2065,104,30-11-2025,01-12-2025,Elective,104-41,Discharged,FALSE,1
404911,102090,2038,108,10-01-2025,14-01-2025,Emergency,108-29,Discharged,FALSE,4
404912,111048,2027,101,23-11-2025,26-11-2025,Elective,101-27,Discharged,TRUE,3
404913,105854,2005,106,30-12-2025,02-01-2026,Emergency,106-02,Discharged,FALSE,3
404914,111564,2055,106,22-08-2025,26-08-2025,Emergency,106-45,Discharged,TRUE,4
404915,110678,2077,106,15-05-2026,28-05-2026,Emergency,106-36,Transferred,TRUE,13
404916,110495,2061,104,14-06-2025,16-06-2025,Emergency,104-49,Discharged,FALSE,2
404917,100348,2078,105,05-03-2026,13-03-2026,Elective,105-06,Discharged,FALSE,8
404918,107143,2033,105,11-02-2026,17-02-2026,Elective,105-50,Discharged,FALSE,6
404919,105443,2077,106,18-01-2025,21-01-2025,Emergency,106-16,Discharged,FALSE,3
404920,107760,2072,107,03-02-2026,06-02-2026,Elective,107-37,Discharged,TRUE,3
404921,104893,2032,101,23-07-2025,29-07-2025,Elective,101-09,Discharged,FALSE,6
404922,104210,2050,101,05-07-2025,09-07-2025,Emergency,101-17,Discharged,FALSE,4
404923,103596,2012,106,03-01-2026,04-01-2026,Referral,106-43,Discharged,TRUE,1
404924,109565,2053,105,16-03-2025,19-03-2025,Referral,105-07,Discharged,FALSE,3
404925,108867,2060,103,13-04-2026,14-04-2026,Elective,103-17,Discharged,FALSE,1
404926,105274,2072,107,09-01-2026,10-01-2026,Referral,107-02,Discharged,FALSE,1
404927,103208,2021,108,29-06-2025,30-06-2025,Elective,108-22,Discharged,FALSE,1
404928,109549,2036,102,15-10-2025,18-10-2025,Emergency,102-30,Discharged,FALSE,3
404929,105469,2006,106,24-01-2026,04-02-2026,Elective,106-38,Discharged,FALSE,11
404930,103068,2070,106,18-04-2025,21-04-2025,Emergency,106-29,Under Treatment,FALSE,3
404931,107122,2076,104,18-12-2025,23-12-2025,Elective,104-49,Discharged,FALSE,5
404932,102202,2007,106,25-01-2025,27-01-2025,Emergency,106-21,Discharged,FALSE,2
404933,105779,2020,102,25-05-2026,03-06-2026,Elective,102-37,Discharged,FALSE,9
404934,110323,2071,103,20-06-2025,21-06-2025,Elective,103-38,Discharged,FALSE,1
404935,104143,2002,107,06-01-2026,14-01-2026,Elective,107-35,Discharged,TRUE,8
404936,102134,2074,108,26-03-2026,28-03-2026,Elective,108-22,Discharged,FALSE,2
404937,104942,2033,105,22-02-2026,23-02-2026,Elective,105-13,Discharged,FALSE,1
404938,110214,2073,101,06-03-2026,12-03-2026,Elective,101-01,Discharged,FALSE,6
404939,101684,2031,104,07-09-2025,08-09-2025,Elective,104-47,Discharged,FALSE,1
404940,109841,2020,102,29-11-2025,30-11-2025,Emergency,102-31,Discharged,FALSE,1
404941,100472,2024,108,27-02-2025,01-03-2025,Elective,108-28,Under Treatment,FALSE,2
404942,102450,2005,106,14-05-2025,17-05-2025,Elective,106-08,Discharged,FALSE,3
404943,101443,2064,108,28-09-2025,01-10-2025,Emergency,108-37,Discharged,FALSE,3
404944,109025,2013,105,11-06-2025,18-06-2025,Emergency,105-10,Discharged,FALSE,7
404945,100945,2065,104,29-04-2025,02-05-2025,Elective,104-10,Discharged,FALSE,3
404946,111388,2015,103,20-11-2025,23-11-2025,Elective,103-06,Discharged,FALSE,3
404947,100686,2002,107,07-08-2025,12-08-2025,Elective,107-27,Transferred,FALSE,5
404948,108748,2016,107,11-02-2025,12-02-2025,Elective,107-40,Discharged,FALSE,1
404949,106945,2012,106,28-01-2025,02-02-2025,Elective,106-26,Discharged,FALSE,5
404950,109413,2048,101,01-07-2025,05-07-2025,Emergency,101-40,Discharged,FALSE,4
404951,104955,2061,104,30-08-2025,01-09-2025,Referral,104-38,Discharged,FALSE,2
404952,106380,2025,105,03-03-2026,07-03-2026,Elective,105-44,Discharged,FALSE,4
404953,107436,2023,108,20-04-2025,25-04-2025,Elective,108-20,Transferred,FALSE,5
404954,109250,2055,106,15-11-2025,17-11-2025,Elective,106-14,Transferred,FALSE,2
404955,101478,2041,105,29-03-2025,02-04-2025,Elective,105-32,Transferred,FALSE,4
404956,107814,2034,102,10-01-2026,13-01-2026,Elective,102-02,Discharged,FALSE,3
404957,109238,2024,108,01-04-2026,07-04-2026,Emergency,108-33,Discharged,FALSE,6
404958,109420,2010,104,21-10-2025,23-10-2025,Elective,104-01,Discharged,FALSE,2
404959,108861,2062,101,25-04-2025,26-04-2025,Elective,101-28,Discharged,FALSE,1
404960,104013,2062,101,06-10-2025,19-10-2025,Referral,101-38,Discharged,TRUE,13
404961,102713,2053,105,09-01-2025,17-01-2025,Referral,105-44,Discharged,TRUE,8
404962,104428,2019,101,29-01-2025,30-01-2025,Elective,101-37,Discharged,FALSE,1
404963,102210,2048,101,28-04-2026,01-05-2026,Referral,101-34,Discharged,FALSE,3
404964,109488,2054,102,20-10-2025,25-10-2025,Elective,102-33,Discharged,FALSE,5
404965,109900,2043,108,22-01-2026,29-01-2026,Elective,108-27,Discharged,FALSE,7
404966,108431,2062,101,13-11-2025,15-11-2025,Elective,101-09,Transferred,FALSE,2
404967,109725,2006,106,13-02-2026,16-02-2026,Elective,106-04,Discharged,FALSE,3
404968,110906,2031,104,22-12-2025,23-12-2025,Elective,104-48,Discharged,FALSE,1
404969,102278,2026,102,24-03-2026,31-03-2026,Elective,102-25,Discharged,FALSE,7
404970,109284,2070,106,16-02-2026,19-02-2026,Emergency,106-44,Discharged,FALSE,3
404971,109308,2074,108,13-02-2025,18-02-2025,Elective,108-39,Discharged,FALSE,5
404972,109127,2069,106,24-04-2025,26-04-2025,Elective,106-43,Discharged,FALSE,2
404973,100110,2052,104,31-05-2026,09-06-2026,Elective,104-42,Discharged,FALSE,9
404974,106518,2044,106,01-02-2025,03-02-2025,Emergency,106-30,Under Treatment,TRUE,2
404975,100827,2025,105,21-06-2025,22-06-2025,Emergency,105-09,Discharged,FALSE,1
404976,108613,2058,102,15-12-2025,21-12-2025,Emergency,102-03,Discharged,FALSE,6
404977,104095,2067,107,28-12-2025,30-12-2025,Elective,107-22,Discharged,FALSE,2
404978,108519,2015,103,16-06-2025,18-06-2025,Elective,103-36,Discharged,FALSE,2
404979,103735,2043,108,15-01-2025,21-01-2025,Emergency,108-20,Discharged,FALSE,6
404980,105660,2026,102,28-10-2025,02-11-2025,Emergency,102-06,Discharged,FALSE,5
404981,106048,2054,102,26-05-2025,27-05-2025,Elective,102-05,Discharged,FALSE,1
404982,100031,2033,105,01-05-2026,06-05-2026,Emergency,105-19,Discharged,FALSE,5
404983,102448,2033,105,02-11-2025,10-11-2025,Elective,105-38,Discharged,FALSE,8
404984,105619,2025,105,14-05-2026,17-05-2026,Elective,105-48,Discharged,FALSE,3
404985,106805,2010,104,02-11-2025,09-11-2025,Emergency,104-47,Transferred,FALSE,7
404986,103543,2042,102,30-09-2025,11-10-2025,Elective,102-46,Discharged,FALSE,11
404987,111950,2042,102,12-11-2025,17-11-2025,Emergency,102-15,Discharged,FALSE,5
404988,110340,2067,107,14-09-2025,15-09-2025,Elective,107-30,Discharged,FALSE,1
404989,105101,2075,104,14-12-2025,18-12-2025,Referral,104-35,Discharged,FALSE,4
404990,109120,2080,107,11-05-2026,18-05-2026,Elective,107-10,Discharged,FALSE,7
404991,102208,2074,108,16-04-2025,22-04-2025,Elective,108-50,Discharged,FALSE,6
404992,109381,2054,102,06-03-2025,08-03-2025,Emergency,102-34,Discharged,FALSE,2
404993,106752,2027,101,30-06-2025,07-07-2025,Elective,101-18,Discharged,FALSE,7
404994,104415,2020,102,05-05-2025,12-05-2025,Emergency,102-12,Discharged,FALSE,7
404995,100367,2039,108,25-02-2026,01-03-2026,Elective,108-32,Transferred,FALSE,4
404996,109632,2077,106,13-03-2026,15-03-2026,Elective,106-23,Discharged,FALSE,2
404997,110325,2049,106,14-02-2026,19-02-2026,Emergency,106-29,Discharged,FALSE,5
404998,107066,2076,104,12-07-2025,13-07-2025,Elective,104-27,Discharged,FALSE,1
404999,103927,2055,106,04-05-2025,05-05-2025,Emergency,106-18,Discharged,FALSE,1
405000,101644,2070,106,02-09-2025,06-09-2025,Referral,106-45,Discharged,FALSE,4
405001,106152,2068,101,28-05-2026,02-06-2026,Elective,101-14,Discharged,FALSE,5
405002,108636,2034,102,15-09-2025,20-09-2025,Referral,102-47,Discharged,TRUE,5
405003,108722,2023,108,08-06-2025,17-06-2025,Elective,108-33,Discharged,TRUE,9
405004,101706,2042,102,27-09-2025,03-10-2025,Referral,102-43,Discharged,FALSE,6
405005,105484,2060,103,29-09-2025,04-10-2025,Elective,103-16,Discharged,FALSE,5
405006,106808,2048,101,26-07-2025,30-07-2025,Elective,101-47,Discharged,FALSE,4
405007,101589,2032,101,19-06-2026,30-06-2026,Emergency,101-50,Discharged,FALSE,11
405008,100513,2067,107,13-03-2026,20-03-2026,Elective,107-44,Discharged,FALSE,7
405009,110245,2057,101,04-01-2025,06-01-2025,Elective,101-34,Under Treatment,FALSE,2
405010,111836,2036,102,23-12-2025,30-12-2025,Elective,102-36,Discharged,TRUE,7
405011,107355,2045,107,03-02-2025,06-02-2025,Elective,107-38,Discharged,FALSE,3
405012,107555,2007,106,12-08-2025,16-08-2025,Emergency,106-05,Discharged,FALSE,4
405013,110336,2034,102,03-04-2025,05-04-2025,Elective,102-26,Discharged,FALSE,2
405014,106881,2049,106,08-11-2025,12-11-2025,Elective,106-49,Discharged,FALSE,4
405015,105053,2023,108,20-04-2026,24-04-2026,Referral,108-49,Discharged,FALSE,4
405016,100773,2062,101,28-02-2026,06-03-2026,Emergency,101-09,Discharged,FALSE,6
405017,109047,2018,104,01-06-2026,07-06-2026,Elective,104-32,Discharged,FALSE,6
405018,110592,2074,108,12-08-2025,16-08-2025,Referral,108-28,Discharged,FALSE,4
405019,109516,2022,101,12-03-2025,16-03-2025,Elective,101-08,Discharged,TRUE,4
405020,109748,2053,105,22-03-2025,23-03-2025,Elective,105-20,Discharged,FALSE,1
405021,104739,2065,104,06-12-2025,13-12-2025,Elective,104-04,Discharged,FALSE,7
405022,108350,2010,104,04-10-2025,07-10-2025,Emergency,104-15,Under Treatment,FALSE,3
405023,107559,2065,104,02-04-2025,07-04-2025,Elective,104-11,Discharged,FALSE,5
405024,107748,2031,104,27-08-2025,01-09-2025,Emergency,104-22,Discharged,FALSE,5
405025,100989,2027,101,20-02-2026,22-02-2026,Emergency,101-18,Discharged,FALSE,2
405026,101493,2066,102,27-01-2026,04-02-2026,Elective,102-28,Discharged,FALSE,8
405027,110723,2023,108,28-07-2025,31-07-2025,Elective,108-34,Discharged,FALSE,3
405028,105388,2024,108,06-03-2025,12-03-2025,Elective,108-01,Discharged,FALSE,6
405029,101420,2042,102,30-07-2025,05-08-2025,Referral,102-18,Discharged,FALSE,6
405030,102254,2064,108,14-03-2025,17-03-2025,Referral,108-14,Discharged,FALSE,3
405031,103398,2023,108,07-07-2025,13-07-2025,Emergency,108-14,Discharged,FALSE,6
405032,102589,2067,107,03-11-2025,05-11-2025,Emergency,107-14,Discharged,TRUE,2
405033,108276,2021,108,24-01-2026,25-01-2026,Elective,108-08,Transferred,FALSE,1
405034,110647,2053,105,28-10-2025,29-10-2025,Emergency,105-35,Discharged,FALSE,1
405035,101581,2009,105,18-03-2026,27-03-2026,Referral,105-35,Discharged,FALSE,9
405036,102014,2069,106,21-03-2026,27-03-2026,Emergency,106-30,Discharged,FALSE,6
405037,101705,2032,101,03-08-2025,06-08-2025,Emergency,101-14,Discharged,TRUE,3
405038,104268,2075,104,15-10-2025,16-10-2025,Elective,104-42,Transferred,FALSE,1
405039,101250,2031,104,12-04-2025,13-04-2025,Elective,104-33,Transferred,FALSE,1
405040,106130,2035,103,21-02-2025,24-02-2025,Emergency,103-44,Discharged,FALSE,3
405041,108126,2080,107,29-01-2025,31-01-2025,Emergency,107-25,Discharged,FALSE,2
405042,108027,2039,108,19-02-2026,21-02-2026,Emergency,108-44,Discharged,FALSE,2
405043,109188,2049,106,21-06-2025,22-06-2025,Emergency,106-18,Discharged,FALSE,1
405044,107807,2062,101,07-05-2025,08-05-2025,Elective,101-02,Discharged,FALSE,1
405045,106432,2040,106,22-05-2025,25-05-2025,Elective,106-36,Discharged,FALSE,3
405046,104643,2005,106,06-05-2025,07-05-2025,Emergency,106-07,Transferred,TRUE,1
405047,100726,2026,102,30-01-2026,31-01-2026,Emergency,102-35,Transferred,FALSE,1
405048,110274,2064,108,09-02-2026,13-02-2026,Elective,108-01,Discharged,FALSE,4
405049,101836,2063,108,24-05-2025,30-05-2025,Elective,108-03,Discharged,FALSE,6
405050,101144,2027,101,23-01-2026,27-01-2026,Emergency,101-48,Discharged,FALSE,4
405051,105157,2049,106,10-03-2026,17-03-2026,Referral,106-32,Under Treatment,TRUE,7
405052,107695,2059,104,01-11-2025,03-11-2025,Elective,104-07,Discharged,FALSE,2
405053,100356,2062,101,10-05-2026,14-05-2026,Elective,101-22,Discharged,FALSE,4
405054,100777,2075,104,14-12-2025,19-12-2025,Elective,104-04,Discharged,FALSE,5
405055,100939,2012,106,18-03-2026,22-03-2026,Referral,106-06,Discharged,TRUE,4
405056,106063,2006,106,07-08-2025,10-08-2025,Elective,106-03,Discharged,FALSE,3
405057,100961,2056,102,31-03-2026,04-04-2026,Emergency,102-30,Transferred,FALSE,4
405058,110142,2034,102,08-08-2025,11-08-2025,Emergency,102-30,Discharged,FALSE,3
405059,102215,2030,105,19-12-2025,21-12-2025,Elective,105-01,Discharged,FALSE,2
405060,110016,2024,108,20-02-2025,22-02-2025,Elective,108-08,Discharged,FALSE,2
405061,102507,2021,108,13-09-2025,16-09-2025,Referral,108-34,Discharged,TRUE,3
405062,103204,2007,106,10-05-2025,13-05-2025,Emergency,106-05,Discharged,FALSE,3
405063,110364,2003,103,22-05-2026,23-05-2026,Elective,103-27,Discharged,FALSE,1
405064,105405,2055,106,07-06-2026,14-06-2026,Elective,106-23,Discharged,FALSE,7
405065,108214,2021,108,10-02-2025,13-02-2025,Emergency,108-22,Discharged,TRUE,3
405066,109725,2016,107,22-07-2025,24-07-2025,Referral,107-22,Discharged,FALSE,2
405067,101627,2037,105,27-07-2025,30-07-2025,Elective,105-25,Discharged,FALSE,3
405068,105200,2073,101,28-10-2025,02-11-2025,Elective,101-10,Discharged,FALSE,5
405069,109879,2021,108,30-03-2025,03-04-2025,Emergency,108-39,Discharged,FALSE,4
405070,101671,2056,102,24-11-2025,26-11-2025,Elective,102-16,Discharged,FALSE,2
405071,103244,2051,108,26-05-2025,30-05-2025,Emergency,108-43,Discharged,TRUE,4
405072,110580,2008,105,17-03-2025,22-03-2025,Elective,105-32,Under Treatment,FALSE,5
405073,103070,2062,101,31-03-2025,02-04-2025,Elective,101-03,Discharged,FALSE,2
405074,105038,2040,106,31-03-2025,02-04-2025,Referral,106-30,Discharged,FALSE,2
405075,102410,2060,103,26-05-2026,30-05-2026,Emergency,103-09,Under Treatment,FALSE,4
405076,100024,2064,108,28-06-2025,04-07-2025,Emergency,108-30,Discharged,FALSE,6
405077,104483,2062,101,06-06-2025,08-06-2025,Elective,101-41,Discharged,FALSE,2
405078,111366,2054,102,03-03-2025,13-03-2025,Elective,102-02,Discharged,FALSE,10
405079,105003,2036,102,03-06-2025,09-06-2025,Emergency,102-40,Discharged,TRUE,6
405080,103207,2018,104,15-05-2025,19-05-2025,Elective,104-39,Discharged,FALSE,4
405081,107385,2061,104,18-10-2025,19-10-2025,Elective,104-43,Discharged,FALSE,1
405082,110532,2043,108,30-01-2026,01-02-2026,Elective,108-04,Discharged,TRUE,2
405083,107916,2027,101,12-12-2025,17-12-2025,Elective,101-38,Discharged,TRUE,5
405084,103539,2017,106,20-04-2026,22-04-2026,Emergency,106-47,Discharged,FALSE,2
405085,108376,2043,108,17-07-2025,22-07-2025,Emergency,108-26,Discharged,FALSE,5
405086,110529,2025,105,11-01-2025,16-01-2025,Emergency,105-30,Discharged,FALSE,5
405087,102126,2027,101,26-10-2025,30-10-2025,Elective,101-10,Discharged,FALSE,4
405088,106249,2013,105,17-05-2026,21-05-2026,Elective,105-14,Discharged,FALSE,4
405089,111197,2033,105,22-03-2026,27-03-2026,Elective,105-19,Discharged,FALSE,5
405090,103685,2008,105,23-11-2025,26-11-2025,Emergency,105-46,Discharged,FALSE,3
405091,111139,2017,106,17-06-2025,24-06-2025,Elective,106-13,Discharged,FALSE,7
405092,106190,2057,101,18-01-2025,20-01-2025,Elective,101-31,Discharged,FALSE,2
405093,103351,2041,105,23-05-2025,26-05-2025,Elective,105-02,Discharged,FALSE,3
405094,109571,2027,101,31-03-2025,05-04-2025,Referral,101-10,Discharged,FALSE,5
405095,110030,2016,107,01-05-2025,03-05-2025,Elective,107-01,Transferred,FALSE,2
405096,103667,2062,101,30-03-2025,02-04-2025,Elective,101-26,Discharged,FALSE,3
405097,100677,2046,107,10-05-2026,18-05-2026,Elective,107-01,Discharged,FALSE,8
405098,106253,2073,101,02-01-2025,04-01-2025,Elective,101-28,Discharged,FALSE,2
405099,107152,2070,106,12-09-2025,13-09-2025,Elective,106-14,Transferred,FALSE,1
405100,107637,2020,102,27-02-2025,02-03-2025,Elective,102-26,Discharged,FALSE,3
405101,106011,2056,102,16-01-2025,17-01-2025,Elective,102-30,Discharged,FALSE,1
405102,104801,2025,105,15-01-2025,17-01-2025,Elective,105-23,Discharged,FALSE,2
405103,109107,2057,101,11-08-2025,19-08-2025,Elective,101-50,Discharged,FALSE,8
405104,109251,2037,105,17-04-2025,24-04-2025,Emergency,105-37,Discharged,FALSE,7
405105,101145,2043,108,18-04-2025,26-04-2025,Emergency,108-23,Discharged,FALSE,8
405106,104479,2052,104,16-02-2026,21-02-2026,Elective,104-17,Under Treatment,FALSE,5
405107,104004,2034,102,11-07-2025,16-07-2025,Elective,102-08,Under Treatment,FALSE,5
405108,103783,2041,105,30-01-2026,03-02-2026,Emergency,105-02,Discharged,FALSE,4
405109,101659,2028,107,31-10-2025,04-11-2025,Referral,107-27,Discharged,TRUE,4
405110,103739,2004,101,12-02-2025,18-02-2025,Elective,101-40,Discharged,TRUE,6
405111,111254,2016,107,07-06-2026,09-06-2026,Referral,107-09,Discharged,FALSE,2
405112,101937,2040,106,16-05-2026,18-05-2026,Emergency,106-18,Discharged,FALSE,2
405113,111125,2003,103,14-03-2025,17-03-2025,Elective,103-14,Discharged,FALSE,3
405114,111522,2047,102,17-10-2025,18-10-2025,Emergency,102-32,Under Treatment,FALSE,1
405115,103810,2044,106,18-01-2025,19-01-2025,Elective,106-44,Discharged,FALSE,1
405116,106321,2053,105,25-02-2025,28-02-2025,Elective,105-18,Discharged,FALSE,3
405117,110283,2045,107,04-03-2025,10-03-2025,Referral,107-13,Transferred,FALSE,6
405118,105229,2028,107,10-10-2025,15-10-2025,Referral,107-14,Discharged,FALSE,5
405119,100057,2048,101,22-02-2025,27-02-2025,Emergency,101-35,Discharged,FALSE,5
405120,100474,2049,106,21-12-2025,24-12-2025,Referral,106-16,Discharged,FALSE,3
405121,105694,2009,105,04-01-2025,08-01-2025,Elective,105-10,Discharged,FALSE,4
405122,107645,2024,108,06-08-2025,09-08-2025,Elective,108-01,Discharged,FALSE,3
405123,102941,2007,106,10-06-2026,16-06-2026,Elective,106-29,Discharged,FALSE,6
405124,104492,2059,104,30-01-2025,31-01-2025,Emergency,104-47,Discharged,FALSE,1
405125,111281,2024,108,08-02-2025,11-02-2025,Referral,108-42,Discharged,FALSE,3
405126,109771,2060,103,10-11-2025,11-11-2025,Referral,103-45,Discharged,FALSE,1
405127,109455,2036,102,26-11-2025,29-11-2025,Emergency,102-38,Transferred,FALSE,3
405128,102239,2054,102,18-02-2026,21-02-2026,Elective,102-34,Transferred,FALSE,3
405129,104825,2014,105,08-09-2025,15-09-2025,Referral,105-49,Discharged,FALSE,7
405130,102326,2064,108,18-03-2026,30-03-2026,Elective,108-27,Discharged,FALSE,12
405131,109487,2008,105,29-04-2025,02-05-2025,Referral,105-24,Discharged,FALSE,3
405132,102146,2021,108,07-06-2025,09-06-2025,Elective,108-35,Transferred,FALSE,2
405133,102973,2070,106,13-02-2026,16-02-2026,Elective,106-41,Transferred,FALSE,3
405134,100654,2050,101,03-04-2026,06-04-2026,Referral,101-20,Discharged,FALSE,3
405135,108232,2005,106,15-05-2026,19-05-2026,Elective,106-50,Discharged,FALSE,4
405136,108890,2029,102,31-10-2025,11-11-2025,Elective,102-12,Discharged,FALSE,11
405137,102601,2044,106,20-05-2026,27-05-2026,Elective,106-14,Discharged,FALSE,7
405138,110143,2021,108,05-07-2025,06-07-2025,Elective,108-11,Discharged,FALSE,1
405139,104976,2045,107,29-06-2025,01-07-2025,Referral,107-12,Discharged,FALSE,2
405140,106314,2062,101,17-03-2025,20-03-2025,Elective,101-23,Discharged,TRUE,3
405141,101568,2032,101,06-01-2026,08-01-2026,Elective,101-42,Discharged,FALSE,2
405142,104192,2013,105,01-09-2025,03-09-2025,Elective,105-16,Discharged,FALSE,2
405143,105431,2014,105,18-06-2025,22-06-2025,Referral,105-15,Discharged,FALSE,4
405144,102840,2068,101,13-01-2025,18-01-2025,Elective,101-49,Discharged,FALSE,5
405145,105761,2023,108,31-05-2025,03-06-2025,Referral,108-34,Discharged,FALSE,3
405146,100987,2051,108,09-04-2026,14-04-2026,Elective,108-29,Discharged,FALSE,5
405147,111003,2001,102,28-05-2025,31-05-2025,Elective,102-03,Discharged,FALSE,3
405148,101238,2041,105,25-05-2026,31-05-2026,Emergency,105-04,Under Treatment,FALSE,6
405149,105202,2027,101,26-04-2025,03-05-2025,Elective,101-10,Discharged,FALSE,7
405150,105625,2075,104,26-05-2025,29-05-2025,Elective,104-17,Discharged,FALSE,3
405151,100332,2043,108,07-02-2025,09-02-2025,Referral,108-20,Discharged,FALSE,2
405152,101243,2046,107,04-05-2026,05-05-2026,Emergency,107-06,Discharged,FALSE,1
405153,111475,2001,102,12-02-2026,13-02-2026,Elective,102-48,Discharged,FALSE,1
405154,104594,2022,101,28-07-2025,05-08-2025,Emergency,101-21,Discharged,FALSE,8
405155,110732,2042,102,27-02-2025,03-03-2025,Elective,102-46,Discharged,FALSE,4
405156,109954,2040,106,08-02-2026,11-02-2026,Elective,106-25,Discharged,FALSE,3
405157,110687,2022,101,22-03-2026,25-03-2026,Emergency,101-33,Transferred,FALSE,3
405158,110626,2043,108,15-06-2026,19-06-2026,Elective,108-36,Discharged,FALSE,4
405159,102525,2006,106,12-06-2026,13-06-2026,Emergency,106-44,Discharged,FALSE,1
405160,111520,2021,108,29-04-2026,02-05-2026,Elective,108-41,Discharged,FALSE,3
405161,104844,2024,108,01-06-2026,02-06-2026,Elective,108-31,Discharged,FALSE,1
405162,106633,2053,105,21-09-2025,28-09-2025,Emergency,105-30,Discharged,FALSE,7
405163,101253,2003,103,21-05-2025,01-06-2025,Elective,103-08,Discharged,FALSE,11
405164,104027,2063,108,06-01-2026,08-01-2026,Referral,108-38,Discharged,FALSE,2
405165,109173,2011,108,11-02-2026,14-02-2026,Referral,108-23,Discharged,FALSE,3
405166,108723,2078,105,26-04-2026,01-05-2026,Emergency,105-13,Discharged,FALSE,5
405167,111703,2066,102,06-01-2025,22-01-2025,Referral,102-44,Discharged,FALSE,16
405168,101613,2011,108,28-01-2025,31-01-2025,Elective,108-17,Discharged,FALSE,3
405169,102979,2032,101,29-11-2025,01-12-2025,Emergency,101-09,Discharged,FALSE,2
405170,102291,2002,107,03-12-2025,05-12-2025,Elective,107-36,Discharged,TRUE,2
405171,106244,2035,103,18-03-2025,28-03-2025,Elective,103-43,Discharged,FALSE,10
405172,106138,2013,105,16-04-2025,17-04-2025,Emergency,105-48,Discharged,FALSE,1
405173,103445,2029,102,17-05-2026,19-05-2026,Elective,102-14,Discharged,FALSE,2
405174,102203,2019,101,18-04-2026,26-04-2026,Elective,101-07,Discharged,FALSE,8
405175,101265,2042,102,16-11-2025,23-11-2025,Emergency,102-04,Discharged,FALSE,7
405176,107224,2056,102,25-01-2026,29-01-2026,Elective,102-37,Under Treatment,FALSE,4
405177,106661,2020,102,20-04-2026,22-04-2026,Emergency,102-13,Discharged,FALSE,2
405178,108770,2060,103,22-03-2026,25-03-2026,Elective,103-35,Discharged,FALSE,3
405179,111573,2023,108,06-03-2026,12-03-2026,Elective,108-31,Transferred,FALSE,6
405180,103293,2077,106,04-02-2026,09-02-2026,Elective,106-34,Discharged,FALSE,5
405181,111470,2060,103,06-04-2026,11-04-2026,Elective,103-06,Discharged,FALSE,5
405182,110347,2024,108,07-04-2026,13-04-2026,Emergency,108-43,Discharged,FALSE,6
405183,101138,2077,106,03-12-2025,04-12-2025,Referral,106-47,Discharged,FALSE,1
405184,103610,2012,106,12-02-2025,13-02-2025,Elective,106-31,Discharged,FALSE,1
405185,102472,2049,106,15-04-2026,17-04-2026,Referral,106-50,Discharged,FALSE,2
405186,111500,2078,105,11-05-2026,12-05-2026,Elective,105-05,Discharged,FALSE,1
405187,105741,2035,103,15-02-2026,19-02-2026,Elective,103-28,Transferred,FALSE,4
405188,106157,2016,107,30-10-2025,04-11-2025,Elective,107-27,Discharged,FALSE,5
405189,103994,2013,105,11-09-2025,18-09-2025,Elective,105-28,Discharged,FALSE,7
405190,103878,2020,102,30-12-2025,02-01-2026,Emergency,102-50,Discharged,FALSE,3
405191,109661,2031,104,29-03-2025,01-04-2025,Referral,104-37,Discharged,FALSE,3
405192,104606,2045,107,17-06-2025,23-06-2025,Emergency,107-39,Transferred,FALSE,6
405193,105520,2021,108,10-07-2025,13-07-2025,Emergency,108-26,Discharged,FALSE,3
405194,105504,2050,101,02-05-2026,07-05-2026,Elective,101-20,Discharged,TRUE,5
405195,101032,2057,101,18-06-2026,23-06-2026,Referral,101-14,Discharged,FALSE,5
405196,109995,2009,105,28-11-2025,04-12-2025,Elective,105-31,Transferred,FALSE,6
405197,107813,2064,108,06-04-2025,07-04-2025,Referral,108-29,Discharged,FALSE,1
405198,100764,2016,107,22-06-2025,28-06-2025,Emergency,107-46,Discharged,FALSE,6
405199,106833,2067,107,09-01-2025,13-01-2025,Elective,107-11,Discharged,FALSE,4
405200,111805,2048,101,24-05-2026,29-05-2026,Elective,101-43,Transferred,FALSE,5
405201,106269,2046,107,26-01-2025,27-01-2025,Elective,107-23,Discharged,FALSE,1
405202,109801,2034,102,20-12-2025,29-12-2025,Elective,102-21,Discharged,FALSE,9
405203,104021,2050,101,14-10-2025,20-10-2025,Emergency,101-02,Discharged,FALSE,6
405204,111489,2023,108,28-09-2025,01-10-2025,Elective,108-04,Transferred,FALSE,3
405205,105209,2058,102,05-12-2025,10-12-2025,Elective,102-09,Discharged,FALSE,5
405206,102088,2021,108,01-12-2025,04-12-2025,Emergency,108-08,Discharged,FALSE,3
405207,107092,2040,106,22-05-2025,24-05-2025,Elective,106-33,Discharged,FALSE,2
405208,107996,2038,108,15-11-2025,20-11-2025,Elective,108-27,Discharged,FALSE,5
405209,109474,2037,105,19-05-2026,23-05-2026,Elective,105-44,Discharged,FALSE,4
405210,109857,2015,103,23-05-2026,28-05-2026,Emergency,103-11,Discharged,FALSE,5
405211,102841,2066,102,07-03-2026,10-03-2026,Emergency,102-48,Discharged,FALSE,3
405212,106852,2006,106,02-01-2026,04-01-2026,Elective,106-45,Discharged,FALSE,2
405213,106032,2010,104,30-05-2026,05-06-2026,Emergency,104-08,Transferred,FALSE,6
405214,104805,2025,105,10-07-2025,14-07-2025,Referral,105-13,Discharged,FALSE,4
405215,106150,2070,106,09-04-2025,11-04-2025,Emergency,106-40,Discharged,TRUE,2
405216,103689,2009,105,21-07-2025,22-07-2025,Elective,105-11,Transferred,FALSE,1
405217,111901,2077,106,15-12-2025,16-12-2025,Emergency,106-37,Discharged,FALSE,1
405218,102674,2056,102,31-07-2025,09-08-2025,Emergency,102-20,Discharged,FALSE,9
405219,103146,2042,102,23-04-2026,24-04-2026,Referral,102-25,Discharged,FALSE,1
405220,110966,2071,103,16-02-2025,19-02-2025,Elective,103-31,Discharged,FALSE,3
405221,109066,2029,102,10-06-2026,14-06-2026,Elective,102-50,Discharged,FALSE,4
405222,104604,2046,107,07-05-2026,08-05-2026,Elective,107-27,Discharged,TRUE,1
405223,109045,2038,108,21-04-2025,27-04-2025,Emergency,108-01,Discharged,TRUE,6
405224,100861,2071,103,26-04-2025,27-04-2025,Elective,103-31,Discharged,FALSE,1
405225,107427,2055,106,09-07-2025,11-07-2025,Elective,106-23,Discharged,FALSE,2
405226,104959,2054,102,24-05-2026,01-06-2026,Referral,102-04,Discharged,FALSE,8
405227,106168,2068,101,12-12-2025,18-12-2025,Emergency,101-20,Discharged,FALSE,6
405228,102377,2071,103,28-05-2025,02-06-2025,Elective,103-07,Discharged,FALSE,5
405229,104664,2017,106,15-11-2025,18-11-2025,Referral,106-48,Discharged,FALSE,3
405230,107780,2056,102,29-09-2025,30-09-2025,Emergency,102-09,Discharged,FALSE,1
405231,111051,2057,101,09-04-2025,13-04-2025,Emergency,101-29,Discharged,FALSE,4
405232,107201,2042,102,16-02-2026,17-02-2026,Emergency,102-41,Discharged,FALSE,1
405233,105534,2080,107,22-05-2026,27-05-2026,Elective,107-06,Discharged,FALSE,5
405234,101956,2039,108,22-10-2025,24-10-2025,Emergency,108-16,Transferred,FALSE,2
405235,103774,2031,104,14-11-2025,18-11-2025,Elective,104-30,Discharged,TRUE,4
405236,106207,2048,101,11-06-2026,16-06-2026,Elective,101-22,Discharged,FALSE,5
405237,100862,2018,104,09-04-2026,10-04-2026,Emergency,104-40,Discharged,TRUE,1
405238,109625,2080,107,02-11-2025,05-11-2025,Emergency,107-32,Discharged,FALSE,3
405239,100637,2026,102,10-12-2025,18-12-2025,Referral,102-14,Discharged,FALSE,8
405240,106877,2049,106,07-01-2026,09-01-2026,Emergency,106-27,Discharged,FALSE,2
405241,103687,2074,108,04-03-2025,07-03-2025,Emergency,108-03,Discharged,FALSE,3
405242,104287,2020,102,07-11-2025,08-11-2025,Emergency,102-24,Discharged,FALSE,1
405243,106479,2021,108,05-02-2025,06-02-2025,Referral,108-04,Discharged,FALSE,1
405244,111079,2058,102,30-12-2025,01-01-2026,Emergency,102-39,Discharged,TRUE,2
405245,110391,2043,108,09-05-2025,20-05-2025,Elective,108-47,Discharged,FALSE,11
405246,100622,2058,102,21-06-2025,23-06-2025,Elective,102-37,Transferred,FALSE,2
405247,109356,2001,102,18-11-2025,26-11-2025,Emergency,102-48,Discharged,FALSE,8
405248,100985,2011,108,08-04-2026,11-04-2026,Elective,108-30,Discharged,FALSE,3
405249,108517,2011,108,10-04-2025,12-04-2025,Emergency,108-40,Discharged,FALSE,2
405250,110999,2039,108,24-02-2026,02-03-2026,Elective,108-37,Discharged,FALSE,6
405251,101450,2054,102,21-02-2025,26-02-2025,Referral,102-02,Transferred,FALSE,5
405252,108051,2034,102,21-04-2026,30-04-2026,Emergency,102-48,Discharged,FALSE,9
405253,111438,2022,101,06-12-2025,08-12-2025,Elective,101-20,Discharged,FALSE,2
405254,110322,2033,105,18-09-2025,22-09-2025,Referral,105-44,Discharged,TRUE,4
405255,102274,2030,105,25-03-2026,26-03-2026,Elective,105-01,Discharged,FALSE,1
405256,102515,2076,104,16-01-2025,22-01-2025,Elective,104-31,Discharged,FALSE,6
405257,108744,2058,102,11-11-2025,13-11-2025,Elective,102-48,Discharged,FALSE,2
405258,105687,2015,103,24-09-2025,26-09-2025,Emergency,103-49,Discharged,TRUE,2
405259,107752,2062,101,26-02-2026,27-02-2026,Emergency,101-45,Transferred,FALSE,1
405260,105446,2020,102,18-07-2025,24-07-2025,Elective,102-10,Discharged,FALSE,6
405261,109075,2028,107,11-03-2026,17-03-2026,Elective,107-50,Discharged,FALSE,6
405262,104014,2035,103,03-05-2025,06-05-2025,Emergency,103-36,Discharged,FALSE,3
405263,104338,2070,106,07-08-2025,09-08-2025,Elective,106-42,Discharged,FALSE,2
405264,110051,2034,102,29-01-2025,30-01-2025,Elective,102-44,Discharged,FALSE,1
405265,103596,2010,104,24-12-2025,28-12-2025,Elective,104-01,Discharged,FALSE,4
405266,104102,2051,108,15-07-2025,19-07-2025,Elective,108-12,Discharged,TRUE,4
405267,102258,2017,106,20-12-2025,25-12-2025,Elective,106-02,Transferred,FALSE,5
405268,110461,2002,107,07-01-2026,10-01-2026,Elective,107-11,Discharged,FALSE,3
405269,103711,2067,107,27-01-2025,29-01-2025,Elective,107-50,Discharged,FALSE,2
405270,107750,2069,106,12-10-2025,17-10-2025,Referral,106-35,Discharged,FALSE,5
405271,108509,2033,105,04-01-2026,05-01-2026,Elective,105-03,Discharged,FALSE,1
405272,105451,2019,101,26-12-2025,30-12-2025,Emergency,101-07,Discharged,FALSE,4
405273,101142,2061,104,18-06-2026,20-06-2026,Elective,104-31,Discharged,FALSE,2
405274,111693,2015,103,14-11-2025,18-11-2025,Elective,103-20,Discharged,FALSE,4
405275,108156,2008,105,05-02-2026,07-02-2026,Elective,105-45,Discharged,FALSE,2
405276,105956,2017,106,04-11-2025,09-11-2025,Referral,106-29,Discharged,FALSE,5
405277,109380,2053,105,08-02-2026,11-02-2026,Emergency,105-16,Discharged,FALSE,3
405278,111021,2006,106,30-09-2025,03-10-2025,Emergency,106-45,Discharged,FALSE,3
405279,105612,2075,104,05-07-2025,08-07-2025,Elective,104-06,Discharged,FALSE,3
405280,108906,2040,106,11-07-2025,18-07-2025,Elective,106-06,Discharged,FALSE,7
405281,103103,2050,101,19-01-2026,22-01-2026,Emergency,101-07,Discharged,FALSE,3
405282,110097,2009,105,07-01-2026,13-01-2026,Elective,105-08,Discharged,TRUE,6
405283,107926,2071,103,12-12-2025,18-12-2025,Emergency,103-31,Under Treatment,FALSE,6
405284,103975,2046,107,10-04-2025,11-04-2025,Emergency,107-49,Discharged,FALSE,1
405285,105911,2064,108,22-02-2026,25-02-2026,Elective,108-26,Discharged,FALSE,3
405286,107564,2031,104,10-02-2025,11-02-2025,Emergency,104-10,Discharged,FALSE,1
405287,109925,2025,105,07-11-2025,09-11-2025,Emergency,105-10,Discharged,FALSE,2
405288,100187,2009,105,30-05-2026,31-05-2026,Emergency,105-36,Discharged,FALSE,1
405289,106620,2029,102,18-03-2025,23-03-2025,Emergency,102-24,Under Treatment,FALSE,5
405290,100831,2040,106,27-11-2025,29-11-2025,Emergency,106-17,Transferred,FALSE,2
405291,103189,2047,102,07-09-2025,12-09-2025,Emergency,102-28,Discharged,FALSE,5
405292,101465,2023,108,07-05-2026,11-05-2026,Elective,108-21,Discharged,FALSE,4
405293,107953,2022,101,05-05-2025,11-05-2025,Elective,101-37,Discharged,FALSE,6
405294,105589,2035,103,30-04-2026,02-05-2026,Referral,103-20,Discharged,FALSE,2
405295,108022,2040,106,24-11-2025,27-11-2025,Elective,106-50,Discharged,TRUE,3
405296,106618,2058,102,04-06-2025,06-06-2025,Elective,102-09,Discharged,FALSE,2
405297,106634,2001,102,20-05-2025,22-05-2025,Elective,102-43,Discharged,FALSE,2
405298,109456,2050,101,02-06-2025,08-06-2025,Elective,101-44,Transferred,FALSE,6
405299,105103,2048,101,01-04-2026,03-04-2026,Referral,101-24,Discharged,FALSE,2
405300,110621,2007,106,09-06-2026,15-06-2026,Emergency,106-21,Discharged,FALSE,6
405301,104074,2005,106,16-01-2025,19-01-2025,Elective,106-41,Under Treatment,FALSE,3
405302,111080,2004,101,27-08-2025,02-09-2025,Elective,101-41,Discharged,FALSE,6
405303,106871,2044,106,10-11-2025,12-11-2025,Emergency,106-23,Discharged,FALSE,2
405304,104127,2020,102,15-01-2026,17-01-2026,Emergency,102-28,Discharged,FALSE,2
405305,109357,2020,102,05-04-2025,09-04-2025,Elective,102-06,Transferred,FALSE,4
405306,111167,2017,106,08-09-2025,17-09-2025,Emergency,106-03,Discharged,FALSE,9
405307,102888,2003,103,30-05-2026,13-06-2026,Elective,103-43,Discharged,FALSE,14
405308,110509,2073,101,11-01-2026,15-01-2026,Emergency,101-17,Discharged,FALSE,4
405309,103097,2012,106,28-12-2025,31-12-2025,Elective,106-05,Discharged,FALSE,3
405310,103319,2046,107,05-02-2026,06-02-2026,Elective,107-32,Discharged,FALSE,1
405311,103798,2050,101,19-05-2026,22-05-2026,Elective,101-46,Discharged,FALSE,3
405312,106704,2078,105,06-06-2025,14-06-2025,Referral,105-44,Transferred,FALSE,8
405313,104460,2068,101,19-02-2026,22-02-2026,Elective,101-35,Discharged,FALSE,3
405314,105578,2042,102,14-01-2026,18-01-2026,Elective,102-29,Discharged,FALSE,4
405315,103609,2076,104,19-03-2025,22-03-2025,Emergency,104-15,Under Treatment,FALSE,3
405316,106321,2003,103,08-02-2026,12-02-2026,Emergency,103-33,Transferred,FALSE,4
405317,111159,2063,108,06-04-2025,07-04-2025,Elective,108-16,Discharged,FALSE,1
405318,106904,2037,105,05-08-2025,07-08-2025,Emergency,105-33,Discharged,FALSE,2
405319,102833,2042,102,27-02-2025,09-03-2025,Elective,102-10,Discharged,TRUE,10
405320,106211,2043,108,31-03-2026,03-04-2026,Elective,108-01,Discharged,FALSE,3
405321,102437,2071,103,24-04-2026,27-04-2026,Elective,103-41,Discharged,FALSE,3
405322,102870,2043,108,16-04-2025,21-04-2025,Elective,108-35,Under Treatment,FALSE,5
405323,110641,2036,102,04-01-2025,07-01-2025,Referral,102-48,Discharged,FALSE,3
405324,108255,2079,104,05-06-2026,08-06-2026,Referral,104-39,Discharged,FALSE,3
405325,100114,2078,105,27-03-2025,05-04-2025,Referral,105-42,Transferred,FALSE,9
405326,110134,2015,103,12-10-2025,15-10-2025,Emergency,103-17,Discharged,FALSE,3
405327,102597,2071,103,14-07-2025,16-07-2025,Emergency,103-49,Discharged,TRUE,2
405328,105892,2001,102,18-05-2026,21-05-2026,Emergency,102-35,Discharged,TRUE,3
405329,111708,2004,101,20-12-2025,22-12-2025,Emergency,101-17,Discharged,FALSE,2
405330,104812,2012,106,23-02-2025,26-02-2025,Emergency,106-12,Discharged,FALSE,3
405331,104497,2054,102,23-10-2025,27-10-2025,Elective,102-12,Discharged,FALSE,4
405332,106739,2072,107,29-08-2025,31-08-2025,Elective,107-07,Discharged,FALSE,2
405333,111000,2004,101,21-07-2025,24-07-2025,Elective,101-20,Discharged,FALSE,3
405334,106831,2069,106,24-04-2025,27-04-2025,Elective,106-02,Discharged,FALSE,3
405335,102838,2051,108,01-02-2025,04-02-2025,Elective,108-43,Discharged,FALSE,3
405336,111216,2066,102,28-06-2025,02-07-2025,Elective,102-43,Discharged,FALSE,4
405337,109329,2048,101,19-02-2026,20-02-2026,Emergency,101-26,Under Treatment,FALSE,1
405338,108687,2057,101,21-08-2025,24-08-2025,Referral,101-09,Discharged,FALSE,3
405339,102424,2069,106,12-06-2025,21-06-2025,Elective,106-14,Under Treatment,FALSE,9
405340,111103,2067,107,07-06-2026,12-06-2026,Elective,107-27,Discharged,FALSE,5
405341,100307,2040,106,11-07-2025,14-07-2025,Elective,106-45,Discharged,FALSE,3
405342,108470,2064,108,04-12-2025,08-12-2025,Emergency,108-33,Discharged,FALSE,4
405343,105636,2004,101,26-09-2025,30-09-2025,Elective,101-15,Discharged,FALSE,4
405344,110111,2065,104,24-11-2025,27-11-2025,Elective,104-05,Transferred,FALSE,3
405345,104660,2022,101,12-04-2025,13-04-2025,Elective,101-18,Under Treatment,FALSE,1
405346,111273,2044,106,02-03-2026,06-03-2026,Elective,106-26,Transferred,FALSE,4
405347,107030,2072,107,23-10-2025,28-10-2025,Elective,107-34,Discharged,FALSE,5
405348,102638,2043,108,08-08-2025,10-08-2025,Emergency,108-44,Discharged,FALSE,2
405349,105255,2030,105,18-05-2025,24-05-2025,Elective,105-42,Discharged,FALSE,6
405350,105814,2065,104,17-01-2026,19-01-2026,Referral,104-47,Discharged,FALSE,2
405351,110890,2017,106,16-07-2025,22-07-2025,Referral,106-30,Discharged,FALSE,6
405352,100988,2047,102,26-04-2025,01-05-2025,Emergency,102-17,Discharged,FALSE,5
405353,102345,2021,108,28-11-2025,04-12-2025,Emergency,108-43,Discharged,FALSE,6
405354,107258,2047,102,30-04-2025,02-05-2025,Elective,102-20,Discharged,TRUE,2
405355,100120,2008,105,23-01-2026,24-01-2026,Elective,105-10,Discharged,FALSE,1
405356,102284,2034,102,14-01-2026,19-01-2026,Elective,102-10,Under Treatment,FALSE,5
405357,101140,2027,101,26-12-2025,27-12-2025,Emergency,101-36,Discharged,FALSE,1
405358,108030,2015,103,12-12-2025,13-12-2025,Elective,103-41,Discharged,TRUE,1
405359,101905,2054,102,10-05-2026,12-05-2026,Referral,102-09,Discharged,FALSE,2
405360,106986,2027,101,20-02-2025,27-02-2025,Emergency,101-45,Transferred,FALSE,7
405361,101408,2012,106,26-11-2025,29-11-2025,Elective,106-36,Discharged,TRUE,3
405362,103025,2008,105,08-09-2025,09-09-2025,Elective,105-49,Discharged,TRUE,1
405363,108748,2037,105,18-01-2026,21-01-2026,Elective,105-01,Discharged,FALSE,3
405364,101505,2049,106,18-05-2026,24-05-2026,Elective,106-34,Discharged,TRUE,6
405365,110641,2018,104,05-06-2026,08-06-2026,Elective,104-48,Transferred,FALSE,3
405366,109817,2015,103,24-12-2025,12-01-2026,Referral,103-26,Under Treatment,FALSE,19
405367,106266,2022,101,09-04-2025,16-04-2025,Elective,101-40,Discharged,TRUE,7
405368,104863,2072,107,06-10-2025,11-10-2025,Emergency,107-11,Discharged,FALSE,5
405369,108614,2032,101,19-04-2026,26-04-2026,Elective,101-07,Discharged,FALSE,7
405370,103365,2052,104,06-02-2026,08-02-2026,Elective,104-36,Discharged,FALSE,2
405371,105664,2050,101,29-04-2026,30-04-2026,Elective,101-03,Discharged,FALSE,1
405372,105843,2038,108,31-05-2026,04-06-2026,Elective,108-44,Discharged,FALSE,4
405373,102320,2014,105,13-01-2025,14-01-2025,Elective,105-20,Discharged,FALSE,1
405374,105536,2077,106,06-01-2026,15-01-2026,Elective,106-02,Discharged,FALSE,9
405375,111781,2016,107,28-04-2025,01-05-2025,Elective,107-21,Discharged,FALSE,3
405376,100094,2002,107,08-06-2026,09-06-2026,Elective,107-14,Discharged,FALSE,1
405377,110912,2018,104,19-04-2025,23-04-2025,Referral,104-45,Discharged,FALSE,4
405378,107950,2013,105,06-09-2025,08-09-2025,Referral,105-42,Discharged,FALSE,2
405379,106360,2058,102,26-07-2025,01-08-2025,Elective,102-15,Discharged,FALSE,6
405380,104956,2024,108,19-01-2025,21-01-2025,Emergency,108-14,Discharged,FALSE,2
405381,101941,2021,108,19-09-2025,21-09-2025,Elective,108-34,Discharged,FALSE,2
405382,103389,2080,107,28-01-2025,01-02-2025,Referral,107-40,Discharged,FALSE,4
405383,105944,2037,105,24-12-2025,25-12-2025,Elective,105-31,Discharged,FALSE,1
405384,111239,2048,101,31-01-2026,01-02-2026,Elective,101-35,Discharged,FALSE,1
405385,100735,2020,102,24-10-2025,25-10-2025,Elective,102-06,Discharged,FALSE,1
405386,110656,2032,101,23-01-2026,25-01-2026,Elective,101-42,Discharged,FALSE,2
405387,104403,2019,101,19-11-2025,21-11-2025,Emergency,101-23,Transferred,FALSE,2
405388,100004,2053,105,26-07-2025,28-07-2025,Emergency,105-12,Discharged,TRUE,2
405389,102226,2045,107,07-01-2026,20-01-2026,Elective,107-34,Transferred,FALSE,13
405390,101997,2041,105,12-05-2025,13-05-2025,Referral,105-46,Discharged,TRUE,1
405391,102477,2070,106,07-06-2026,09-06-2026,Elective,106-06,Discharged,FALSE,2
405392,101163,2037,105,05-03-2026,19-03-2026,Elective,105-02,Discharged,FALSE,14
405393,102748,2004,101,12-12-2025,13-12-2025,Elective,101-03,Discharged,FALSE,1
405394,110831,2052,104,26-08-2025,31-08-2025,Elective,104-48,Discharged,FALSE,5
405395,107998,2051,108,11-10-2025,17-10-2025,Elective,108-31,Discharged,FALSE,6
405396,111852,2047,102,21-07-2025,22-07-2025,Emergency,102-50,Discharged,FALSE,1
405397,108058,2073,101,10-08-2025,17-08-2025,Emergency,101-04,Discharged,FALSE,7
405398,107995,2038,108,11-08-2025,19-08-2025,Elective,108-39,Discharged,FALSE,8
405399,104570,2063,108,29-09-2025,01-10-2025,Emergency,108-44,Discharged,FALSE,2
405400,110315,2078,105,08-01-2026,09-01-2026,Elective,105-09,Discharged,FALSE,1
405401,106852,2070,106,20-11-2025,22-11-2025,Elective,106-17,Discharged,FALSE,2
405402,105058,2007,106,24-08-2025,29-08-2025,Elective,106-04,Discharged,FALSE,5
405403,111278,2067,107,11-08-2025,15-08-2025,Emergency,107-31,Discharged,FALSE,4
405404,111992,2059,104,27-08-2025,30-08-2025,Elective,104-41,Discharged,FALSE,3
405405,105079,2050,101,17-08-2025,22-08-2025,Elective,101-17,Discharged,FALSE,5
405406,107666,2072,107,15-02-2025,21-02-2025,Elective,107-23,Discharged,FALSE,6
405407,107862,2025,105,20-06-2026,23-06-2026,Elective,105-08,Discharged,FALSE,3
405408,111030,2068,101,25-01-2026,26-01-2026,Emergency,101-25,Discharged,FALSE,1
405409,101502,2033,105,10-06-2026,11-06-2026,Referral,105-37,Discharged,FALSE,1
405410,110372,2036,102,02-06-2025,03-06-2025,Elective,102-10,Discharged,FALSE,1
405411,103543,2055,106,15-01-2026,19-01-2026,Elective,106-09,Discharged,FALSE,4
405412,102520,2054,102,09-01-2026,13-01-2026,Emergency,102-05,Discharged,FALSE,4
405413,108740,2014,105,19-05-2025,24-05-2025,Elective,105-09,Transferred,FALSE,5
405414,103621,2079,104,08-05-2025,11-05-2025,Elective,104-08,Under Treatment,FALSE,3
405415,110776,2027,101,12-06-2025,20-06-2025,Elective,101-47,Discharged,FALSE,8
405416,102427,2016,107,12-02-2025,15-02-2025,Elective,107-39,Transferred,FALSE,3
405417,106456,2032,101,24-02-2026,05-03-2026,Referral,101-15,Discharged,FALSE,9
405418,101052,2041,105,10-06-2026,19-06-2026,Emergency,105-32,Under Treatment,FALSE,9
405419,101080,2078,105,10-04-2026,11-04-2026,Elective,105-19,Discharged,FALSE,1
405420,102709,2013,105,31-01-2025,07-02-2025,Elective,105-10,Discharged,FALSE,7
405421,106078,2045,107,13-05-2025,16-05-2025,Elective,107-05,Discharged,FALSE,3
405422,111812,2020,102,05-09-2025,08-09-2025,Elective,102-31,Discharged,FALSE,3
405423,101042,2036,102,22-05-2026,24-05-2026,Emergency,102-18,Discharged,TRUE,2
405424,110797,2061,104,29-01-2025,03-02-2025,Elective,104-16,Under Treatment,FALSE,5
405425,103136,2041,105,26-12-2025,28-12-2025,Referral,105-12,Discharged,FALSE,2
405426,105427,2060,103,16-04-2025,21-04-2025,Emergency,103-11,Discharged,FALSE,5
405427,103768,2011,108,04-09-2025,09-09-2025,Referral,108-22,Discharged,FALSE,5
405428,111894,2056,102,18-02-2026,24-02-2026,Emergency,102-36,Transferred,FALSE,6
405429,110170,2016,107,25-12-2025,30-12-2025,Emergency,107-38,Discharged,FALSE,5
405430,110399,2078,105,27-04-2025,28-04-2025,Elective,105-04,Discharged,FALSE,1
405431,110909,2005,106,23-02-2026,02-03-2026,Emergency,106-01,Discharged,FALSE,7
405432,103072,2040,106,20-04-2025,21-04-2025,Emergency,106-24,Discharged,FALSE,1
405433,109154,2068,101,03-03-2026,04-03-2026,Referral,101-15,Discharged,FALSE,1
405434,110314,2064,108,28-04-2026,05-05-2026,Elective,108-14,Discharged,FALSE,7
405435,108089,2024,108,20-07-2025,26-07-2025,Elective,108-28,Discharged,FALSE,6
405436,107901,2034,102,14-01-2025,15-01-2025,Emergency,102-38,Discharged,FALSE,1
405437,102019,2080,107,25-03-2025,26-03-2025,Emergency,107-08,Under Treatment,FALSE,1
405438,100799,2026,102,10-10-2025,14-10-2025,Emergency,102-22,Discharged,FALSE,4
405439,105612,2057,101,30-01-2025,02-02-2025,Emergency,101-24,Discharged,TRUE,3
405440,106736,2044,106,16-01-2025,25-01-2025,Elective,106-43,Discharged,FALSE,9
405441,104834,2035,103,23-07-2025,27-07-2025,Elective,103-24,Discharged,FALSE,4
405442,110843,2003,103,01-08-2025,12-08-2025,Elective,103-03,Under Treatment,FALSE,11
405443,108199,2050,101,11-01-2026,20-01-2026,Referral,101-50,Discharged,TRUE,9
405444,103656,2064,108,20-03-2025,28-03-2025,Elective,108-35,Discharged,FALSE,8
405445,110645,2033,105,01-03-2026,02-03-2026,Elective,105-50,Discharged,FALSE,1
405446,107913,2048,101,19-03-2026,25-03-2026,Elective,101-04,Discharged,FALSE,6
405447,110917,2060,103,19-05-2026,20-05-2026,Emergency,103-41,Discharged,FALSE,1
405448,106018,2058,102,16-06-2026,22-06-2026,Elective,102-06,Discharged,TRUE,6
405449,102288,2076,104,13-03-2025,14-03-2025,Elective,104-33,Discharged,FALSE,1
405450,110805,2021,108,28-06-2025,02-07-2025,Emergency,108-48,Discharged,FALSE,4
405451,110400,2072,107,23-02-2025,26-02-2025,Emergency,107-38,Discharged,FALSE,3
405452,101123,2070,106,06-06-2025,07-06-2025,Referral,106-16,Discharged,FALSE,1
405453,100667,2002,107,17-03-2025,19-03-2025,Elective,107-13,Discharged,TRUE,2
405454,102889,2035,103,18-03-2026,19-03-2026,Referral,103-23,Under Treatment,FALSE,1
405455,108956,2032,101,24-11-2025,29-11-2025,Emergency,101-11,Discharged,FALSE,5
405456,108788,2018,104,29-10-2025,31-10-2025,Elective,104-04,Discharged,FALSE,2
405457,111338,2006,106,14-01-2026,19-01-2026,Elective,106-08,Discharged,FALSE,5
405458,100181,2028,107,21-01-2026,25-01-2026,Elective,107-02,Discharged,TRUE,4
405459,103001,2045,107,10-09-2025,18-09-2025,Elective,107-03,Discharged,FALSE,8
405460,106035,2049,106,05-05-2025,08-05-2025,Elective,106-29,Under Treatment,FALSE,3
405461,101318,2054,102,08-05-2026,09-05-2026,Elective,102-11,Discharged,FALSE,1
405462,101941,2067,107,10-02-2026,11-02-2026,Emergency,107-21,Discharged,FALSE,1
405463,101920,2023,108,20-04-2025,24-04-2025,Elective,108-07,Discharged,FALSE,4
405464,101657,2004,101,31-01-2025,01-02-2025,Referral,101-19,Discharged,FALSE,1
405465,106473,2075,104,21-04-2026,25-04-2026,Elective,104-48,Transferred,FALSE,4
405466,100305,2069,106,11-04-2025,16-04-2025,Emergency,106-43,Discharged,FALSE,5
405467,108677,2035,103,16-03-2025,22-03-2025,Elective,103-50,Discharged,TRUE,6
405468,107606,2001,102,09-07-2025,10-07-2025,Referral,102-28,Discharged,FALSE,1
405469,109446,2052,104,08-03-2026,11-03-2026,Emergency,104-40,Discharged,FALSE,3
405470,105913,2004,101,26-05-2025,30-05-2025,Elective,101-03,Discharged,FALSE,4
405471,108937,2015,103,10-01-2026,12-01-2026,Elective,103-40,Discharged,FALSE,2
405472,109205,2029,102,22-01-2025,27-01-2025,Emergency,102-30,Discharged,FALSE,5
405473,108967,2055,106,05-02-2025,11-02-2025,Emergency,106-07,Transferred,FALSE,6
405474,110341,2051,108,23-02-2025,24-02-2025,Emergency,108-03,Discharged,TRUE,1
405475,106143,2027,101,16-07-2025,19-07-2025,Elective,101-13,Discharged,FALSE,3
405476,100975,2004,101,22-03-2026,27-03-2026,Elective,101-27,Discharged,FALSE,5
405477,109499,2003,103,08-09-2025,11-09-2025,Elective,103-48,Discharged,TRUE,3
405478,107047,2044,106,15-01-2026,16-01-2026,Emergency,106-40,Discharged,TRUE,1
405479,105682,2078,105,04-10-2025,06-10-2025,Elective,105-15,Discharged,FALSE,2
405480,107566,2028,107,11-03-2025,20-03-2025,Emergency,107-01,Discharged,FALSE,9
405481,101662,2010,104,05-09-2025,08-09-2025,Elective,104-05,Transferred,TRUE,3
405482,110184,2058,102,25-07-2025,28-07-2025,Emergency,102-38,Discharged,FALSE,3
405483,101840,2023,108,12-07-2025,14-07-2025,Elective,108-49,Discharged,FALSE,2
405484,111746,2008,105,07-04-2025,08-04-2025,Elective,105-07,Discharged,FALSE,1
405485,109845,2075,104,05-06-2025,08-06-2025,Emergency,104-31,Discharged,FALSE,3
405486,100631,2004,101,03-03-2026,05-03-2026,Elective,101-11,Discharged,FALSE,2
405487,111725,2044,106,20-03-2026,24-03-2026,Elective,106-47,Discharged,FALSE,4
405488,109520,2042,102,17-03-2026,18-03-2026,Referral,102-13,Discharged,FALSE,1
405489,108371,2075,104,16-07-2025,19-07-2025,Emergency,104-34,Discharged,FALSE,3
405490,107034,2068,101,20-06-2025,01-07-2025,Elective,101-21,Discharged,FALSE,11
405491,111386,2006,106,01-11-2025,03-11-2025,Elective,106-10,Discharged,FALSE,2
405492,107556,2077,106,16-02-2025,20-02-2025,Emergency,106-36,Discharged,FALSE,4
405493,109521,2046,107,26-03-2025,28-03-2025,Elective,107-49,Transferred,TRUE,2
405494,102300,2052,104,10-03-2025,14-03-2025,Elective,104-01,Discharged,FALSE,4
405495,103429,2061,104,07-07-2025,10-07-2025,Elective,104-03,Discharged,FALSE,3
405496,101608,2018,104,14-07-2025,16-07-2025,Elective,104-07,Discharged,FALSE,2
405497,109551,2049,106,29-08-2025,07-09-2025,Elective,106-09,Discharged,FALSE,9
405498,108246,2024,108,11-04-2026,12-04-2026,Elective,108-12,Discharged,FALSE,1
405499,104204,2076,104,30-03-2025,04-04-2025,Referral,104-27,Discharged,FALSE,5
405500,104535,2011,108,16-02-2026,22-02-2026,Elective,108-29,Under Treatment,FALSE,6
405501,109174,2036,102,16-10-2025,20-10-2025,Emergency,102-44,Discharged,FALSE,4
405502,102548,2033,105,04-04-2025,09-04-2025,Elective,105-26,Discharged,FALSE,5
405503,100588,2072,107,18-05-2025,21-05-2025,Referral,107-09,Discharged,FALSE,3
405504,108672,2055,106,10-11-2025,12-11-2025,Emergency,106-22,Discharged,FALSE,2
405505,110249,2065,104,18-08-2025,21-08-2025,Elective,104-19,Discharged,FALSE,3
405506,106645,2059,104,06-04-2026,11-04-2026,Emergency,104-23,Discharged,FALSE,5
405507,100357,2043,108,05-03-2025,09-03-2025,Emergency,108-48,Discharged,FALSE,4
405508,103406,2040,106,08-01-2026,16-01-2026,Emergency,106-20,Discharged,FALSE,8
405509,106468,2049,106,15-05-2026,19-05-2026,Referral,106-16,Discharged,FALSE,4
405510,104940,2067,107,19-04-2026,20-04-2026,Referral,107-13,Discharged,FALSE,1
405511,107485,2051,108,08-06-2025,14-06-2025,Elective,108-18,Discharged,FALSE,6
405512,111295,2034,102,09-05-2026,15-05-2026,Emergency,102-38,Discharged,FALSE,6
405513,100056,2043,108,24-04-2025,26-04-2025,Emergency,108-29,Discharged,FALSE,2
405514,100275,2076,104,06-08-2025,09-08-2025,Elective,104-01,Discharged,TRUE,3
405515,108047,2010,104,05-01-2025,06-01-2025,Emergency,104-39,Discharged,FALSE,1
405516,103130,2037,105,25-09-2025,28-09-2025,Elective,105-44,Discharged,FALSE,3
405517,107976,2020,102,13-08-2025,16-08-2025,Elective,102-12,Discharged,FALSE,3
405518,110226,2004,101,15-01-2025,22-01-2025,Referral,101-08,Discharged,FALSE,7
405519,100487,2060,103,15-11-2025,18-11-2025,Elective,103-09,Discharged,FALSE,3
405520,105877,2080,107,20-03-2026,21-03-2026,Referral,107-31,Discharged,FALSE,1
405521,101281,2026,102,25-06-2025,27-06-2025,Elective,102-07,Discharged,FALSE,2
405522,102749,2056,102,12-01-2025,15-01-2025,Elective,102-38,Transferred,FALSE,3
405523,101107,2030,105,09-04-2026,11-04-2026,Elective,105-09,Transferred,FALSE,2
405524,110594,2017,106,12-06-2026,15-06-2026,Elective,106-17,Transferred,FALSE,3
405525,107196,2065,104,22-05-2026,24-05-2026,Elective,104-12,Discharged,FALSE,2
405526,107598,2030,105,14-02-2025,15-02-2025,Referral,105-25,Discharged,FALSE,1
405527,102040,2069,106,05-10-2025,10-10-2025,Elective,106-27,Discharged,FALSE,5
405528,109631,2066,102,14-11-2025,18-11-2025,Referral,102-17,Discharged,FALSE,4
405529,109848,2026,102,13-03-2025,22-03-2025,Elective,102-31,Discharged,FALSE,9
405530,108429,2033,105,13-04-2026,18-04-2026,Elective,105-30,Discharged,FALSE,5
405531,110801,2030,105,14-08-2025,17-08-2025,Elective,105-27,Discharged,FALSE,3
405532,104303,2070,106,08-06-2025,10-06-2025,Referral,106-37,Discharged,FALSE,2
405533,102426,2036,102,27-06-2025,29-06-2025,Referral,102-30,Discharged,FALSE,2
405534,108678,2036,102,21-05-2026,22-05-2026,Elective,102-10,Discharged,FALSE,1
405535,106939,2055,106,28-09-2025,01-10-2025,Elective,106-29,Discharged,FALSE,3
405536,100831,2014,105,09-06-2026,11-06-2026,Referral,105-30,Discharged,FALSE,2
405537,105385,2072,107,10-09-2025,12-09-2025,Elective,107-23,Discharged,FALSE,2
405538,107565,2018,104,31-03-2026,03-04-2026,Emergency,104-32,Discharged,FALSE,3
405539,106289,2041,105,19-04-2026,26-04-2026,Emergency,105-23,Discharged,FALSE,7
405540,105063,2032,101,08-01-2026,11-01-2026,Referral,101-45,Discharged,FALSE,3
405541,109858,2034,102,29-07-2025,31-07-2025,Elective,102-14,Discharged,FALSE,2
405542,104098,2077,106,13-05-2026,16-05-2026,Elective,106-20,Discharged,FALSE,3
405543,101761,2038,108,07-05-2025,09-05-2025,Elective,108-46,Discharged,FALSE,2
405544,104105,2070,106,16-03-2026,17-03-2026,Elective,106-34,Discharged,FALSE,1
405545,110130,2041,105,05-04-2025,07-04-2025,Elective,105-02,Discharged,FALSE,2
405546,109187,2013,105,28-05-2025,30-05-2025,Elective,105-49,Discharged,FALSE,2
405547,106637,2079,104,21-12-2025,27-12-2025,Elective,104-41,Discharged,FALSE,6
405548,102995,2019,101,20-03-2025,23-03-2025,Emergency,101-49,Discharged,FALSE,3
405549,109412,2052,104,15-04-2025,16-04-2025,Elective,104-25,Discharged,FALSE,1
405550,108316,2026,102,24-03-2025,31-03-2025,Referral,102-16,Discharged,FALSE,7
405551,111820,2068,101,06-10-2025,12-10-2025,Emergency,101-08,Discharged,FALSE,6
405552,111188,2030,105,20-02-2026,25-02-2026,Referral,105-13,Discharged,FALSE,5
405553,111139,2019,101,03-10-2025,07-10-2025,Elective,101-14,Discharged,FALSE,4
405554,111439,2010,104,05-08-2025,09-08-2025,Referral,104-19,Discharged,TRUE,4
405555,110064,2046,107,14-06-2025,21-06-2025,Elective,107-41,Discharged,FALSE,7
405556,107188,2023,108,30-04-2025,07-05-2025,Elective,108-34,Discharged,FALSE,7
405557,105035,2028,107,22-01-2025,25-01-2025,Elective,107-46,Discharged,FALSE,3
405558,100767,2041,105,25-04-2026,26-04-2026,Emergency,105-07,Discharged,FALSE,1
405559,111293,2027,101,23-07-2025,29-07-2025,Emergency,101-41,Under Treatment,FALSE,6
405560,109895,2047,102,31-03-2026,02-04-2026,Elective,102-01,Discharged,FALSE,2
405561,100622,2040,106,18-02-2026,19-02-2026,Elective,106-23,Discharged,FALSE,1
405562,108526,2044,106,16-08-2025,23-08-2025,Emergency,106-13,Discharged,FALSE,7
405563,103350,2051,108,01-02-2026,08-02-2026,Emergency,108-35,Discharged,FALSE,7
405564,104112,2079,104,28-12-2025,29-12-2025,Elective,104-19,Discharged,FALSE,1
405565,102753,2031,104,09-09-2025,16-09-2025,Emergency,104-45,Discharged,FALSE,7
405566,111397,2018,104,04-09-2025,11-09-2025,Elective,104-49,Discharged,TRUE,7
405567,108706,2055,106,13-05-2026,17-05-2026,Referral,106-41,Discharged,FALSE,4
405568,107530,2009,105,22-12-2025,25-12-2025,Referral,105-38,Transferred,FALSE,3
405569,102526,2078,105,15-02-2025,16-02-2025,Referral,105-23,Discharged,FALSE,1
405570,102346,2080,107,14-12-2025,16-12-2025,Emergency,107-36,Discharged,FALSE,2
405571,105773,2043,108,17-08-2025,25-08-2025,Elective,108-35,Discharged,FALSE,8
405572,107402,2005,106,22-06-2025,25-06-2025,Elective,106-43,Transferred,FALSE,3
405573,105391,2030,105,12-01-2026,19-01-2026,Elective,105-11,Discharged,FALSE,7
405574,108619,2005,106,29-04-2025,30-04-2025,Elective,106-10,Discharged,FALSE,1
405575,103837,2044,106,04-04-2025,08-04-2025,Emergency,106-30,Transferred,FALSE,4
405576,101134,2004,101,25-07-2025,01-08-2025,Elective,101-32,Discharged,FALSE,7
405577,111011,2051,108,03-05-2025,05-05-2025,Referral,108-23,Discharged,FALSE,2
405578,106898,2021,108,08-03-2025,10-03-2025,Elective,108-26,Discharged,FALSE,2
405579,111353,2016,107,01-01-2026,06-01-2026,Emergency,107-41,Transferred,FALSE,5
405580,101162,2044,106,03-05-2026,10-05-2026,Emergency,106-14,Discharged,FALSE,7
405581,103868,2053,105,03-06-2025,04-06-2025,Emergency,105-06,Discharged,FALSE,1
405582,105578,2075,104,07-05-2026,09-05-2026,Elective,104-49,Discharged,FALSE,2
405583,106226,2064,108,03-11-2025,08-11-2025,Emergency,108-16,Discharged,FALSE,5
405584,104940,2019,101,20-02-2026,23-02-2026,Elective,101-41,Discharged,FALSE,3
405585,103779,2062,101,04-02-2025,08-02-2025,Elective,101-02,Discharged,FALSE,4
405586,103570,2073,101,12-06-2025,16-06-2025,Emergency,101-49,Discharged,FALSE,4
405587,102309,2063,108,20-03-2026,23-03-2026,Elective,108-21,Discharged,FALSE,3
405588,104307,2029,102,01-12-2025,08-12-2025,Elective,102-46,Discharged,FALSE,7
405589,103604,2062,101,29-07-2025,11-08-2025,Referral,101-36,Discharged,FALSE,13
405590,104077,2059,104,01-12-2025,02-12-2025,Elective,104-17,Discharged,TRUE,1
405591,102696,2004,101,23-04-2026,01-05-2026,Elective,101-12,Discharged,FALSE,8
405592,103911,2025,105,19-01-2025,23-01-2025,Emergency,105-22,Discharged,TRUE,4
405593,103808,2023,108,10-09-2025,16-09-2025,Elective,108-29,Discharged,FALSE,6
405594,108760,2051,108,10-10-2025,13-10-2025,Emergency,108-41,Discharged,FALSE,3
405595,104526,2011,108,28-07-2025,29-07-2025,Elective,108-19,Discharged,FALSE,1
405596,102733,2037,105,02-04-2026,13-04-2026,Emergency,105-37,Transferred,FALSE,11
405597,104311,2062,101,14-06-2025,16-06-2025,Elective,101-14,Discharged,FALSE,2
405598,104290,2037,105,22-07-2025,24-07-2025,Elective,105-19,Discharged,FALSE,2
405599,105461,2011,108,15-06-2026,17-06-2026,Emergency,108-24,Under Treatment,FALSE,2
405600,108721,2019,101,04-04-2026,07-04-2026,Elective,101-35,Discharged,FALSE,3
405601,104488,2022,101,25-03-2025,29-03-2025,Elective,101-44,Discharged,FALSE,4
405602,109593,2048,101,05-03-2026,07-03-2026,Referral,101-42,Under Treatment,FALSE,2
405603,103204,2003,103,26-08-2025,27-08-2025,Elective,103-23,Discharged,FALSE,1
405604,105771,2052,104,16-07-2025,22-07-2025,Emergency,104-15,Discharged,FALSE,6
405605,109431,2020,102,08-04-2026,09-04-2026,Emergency,102-47,Discharged,FALSE,1
405606,111455,2046,107,30-07-2025,05-08-2025,Emergency,107-18,Discharged,FALSE,6
405607,105764,2078,105,30-09-2025,01-10-2025,Elective,105-14,Transferred,FALSE,1
405608,111652,2069,106,01-01-2026,05-01-2026,Elective,106-13,Discharged,FALSE,4
405609,110586,2056,102,11-03-2025,13-03-2025,Referral,102-31,Discharged,FALSE,2
405610,110410,2003,103,10-04-2025,17-04-2025,Elective,103-44,Discharged,FALSE,7
405611,109995,2013,105,04-03-2025,06-03-2025,Referral,105-30,Discharged,FALSE,2
405612,101300,2057,101,24-08-2025,25-08-2025,Referral,101-03,Discharged,FALSE,1
405613,105578,2070,106,22-04-2026,02-05-2026,Elective,106-06,Transferred,FALSE,10
405614,103824,2074,108,11-02-2026,13-02-2026,Elective,108-01,Discharged,FALSE,2
405615,106117,2008,105,02-06-2026,05-06-2026,Elective,105-02,Discharged,TRUE,3
405616,102441,2073,101,29-01-2025,07-02-2025,Emergency,101-31,Under Treatment,FALSE,9
405617,104386,2049,106,23-09-2025,26-09-2025,Elective,106-48,Discharged,FALSE,3
405618,109851,2017,106,10-06-2026,16-06-2026,Emergency,106-25,Discharged,FALSE,6
405619,106322,2077,106,16-09-2025,21-09-2025,Emergency,106-09,Discharged,FALSE,5
405620,103880,2066,102,18-02-2025,23-02-2025,Emergency,102-23,Discharged,FALSE,5
405621,100314,2064,108,20-05-2026,25-05-2026,Elective,108-23,Discharged,FALSE,5
405622,100867,2029,102,24-09-2025,25-09-2025,Elective,102-40,Discharged,FALSE,1
405623,100610,2051,108,25-04-2025,01-05-2025,Emergency,108-12,Discharged,FALSE,6
405624,108850,2065,104,08-11-2025,14-11-2025,Elective,104-49,Transferred,TRUE,6
405625,101325,2078,105,04-09-2025,12-09-2025,Elective,105-45,Discharged,FALSE,8
405626,109513,2075,104,07-01-2026,09-01-2026,Elective,104-29,Transferred,FALSE,2
405627,100235,2068,101,29-06-2025,30-06-2025,Elective,101-28,Discharged,FALSE,1
405628,109875,2018,104,23-04-2025,25-04-2025,Elective,104-20,Transferred,FALSE,2
405629,103872,2029,102,06-07-2025,08-07-2025,Elective,102-13,Discharged,FALSE,2
405630,106981,2047,102,17-05-2026,20-05-2026,Referral,102-19,Discharged,FALSE,3
405631,100177,2061,104,01-12-2025,04-12-2025,Elective,104-09,Discharged,FALSE,3
405632,108166,2003,103,12-01-2025,13-01-2025,Elective,103-08,Discharged,FALSE,1
405633,107575,2072,107,11-08-2025,12-08-2025,Emergency,107-42,Discharged,FALSE,1
405634,105923,2052,104,16-12-2025,21-12-2025,Referral,104-38,Transferred,FALSE,5
405635,107282,2038,108,07-03-2026,14-03-2026,Elective,108-19,Discharged,FALSE,7
405636,109685,2049,106,30-04-2026,03-05-2026,Referral,106-34,Discharged,FALSE,3
405637,102847,2076,104,28-05-2026,01-06-2026,Elective,104-09,Discharged,TRUE,4
405638,104911,2035,103,12-07-2025,15-07-2025,Emergency,103-29,Discharged,FALSE,3
405639,107665,2046,107,14-12-2025,21-12-2025,Elective,107-39,Discharged,FALSE,7
405640,100743,2036,102,19-06-2026,23-06-2026,Referral,102-09,Discharged,FALSE,4
405641,110200,2032,101,03-02-2025,06-02-2025,Emergency,101-12,Discharged,FALSE,3
405642,101070,2066,102,07-02-2025,09-02-2025,Elective,102-24,Transferred,FALSE,2
405643,108617,2019,101,19-01-2026,24-01-2026,Elective,101-27,Discharged,FALSE,5
405644,102796,2057,101,31-01-2026,03-02-2026,Elective,101-44,Discharged,FALSE,3
405645,108699,2027,101,30-12-2025,04-01-2026,Emergency,101-36,Discharged,FALSE,5
405646,105284,2047,102,28-10-2025,31-10-2025,Emergency,102-01,Discharged,FALSE,3
405647,104220,2045,107,02-01-2026,07-01-2026,Emergency,107-19,Discharged,FALSE,5
405648,101286,2055,106,29-08-2025,02-09-2025,Elective,106-35,Discharged,FALSE,4
405649,108821,2033,105,15-03-2026,22-03-2026,Elective,105-09,Discharged,FALSE,7
405650,103000,2021,108,30-03-2025,03-04-2025,Elective,108-25,Discharged,FALSE,4
405651,105334,2075,104,03-02-2026,06-02-2026,Elective,104-45,Discharged,FALSE,3
405652,106914,2005,106,05-12-2025,10-12-2025,Emergency,106-33,Discharged,FALSE,5
405653,109627,2076,104,28-12-2025,02-01-2026,Elective,104-42,Discharged,FALSE,5
405654,101081,2052,104,23-10-2025,27-10-2025,Elective,104-42,Discharged,FALSE,4
405655,100164,2070,106,19-04-2026,23-04-2026,Elective,106-12,Discharged,FALSE,4
405656,107166,2052,104,24-10-2025,28-10-2025,Elective,104-34,Discharged,FALSE,4
405657,100559,2009,105,19-08-2025,20-08-2025,Emergency,105-48,Discharged,TRUE,1
405658,100799,2052,104,04-01-2026,07-01-2026,Elective,104-14,Discharged,FALSE,3
405659,102657,2018,104,06-05-2026,09-05-2026,Emergency,104-08,Discharged,FALSE,3
405660,106285,2015,103,19-04-2025,20-04-2025,Referral,103-14,Discharged,TRUE,1
405661,111357,2063,108,18-08-2025,20-08-2025,Emergency,108-28,Discharged,FALSE,2
405662,109471,2060,103,17-01-2025,20-01-2025,Emergency,103-39,Discharged,FALSE,3
405663,110912,2071,103,14-11-2025,15-11-2025,Elective,103-24,Discharged,FALSE,1
405664,108341,2055,106,30-04-2025,03-05-2025,Emergency,106-03,Discharged,FALSE,3
405665,111387,2028,107,21-03-2025,26-03-2025,Elective,107-29,Discharged,FALSE,5
405666,100174,2056,102,28-05-2026,09-06-2026,Elective,102-05,Discharged,FALSE,12
405667,111065,2010,104,30-06-2025,09-07-2025,Emergency,104-32,Under Treatment,FALSE,9
405668,108439,2062,101,17-09-2025,21-09-2025,Elective,101-33,Discharged,FALSE,4
405669,102830,2003,103,02-03-2025,04-03-2025,Elective,103-39,Transferred,TRUE,2
405670,103913,2005,106,08-02-2025,09-02-2025,Emergency,106-43,Discharged,FALSE,1
405671,106136,2062,101,27-09-2025,03-10-2025,Elective,101-23,Discharged,FALSE,6
405672,107878,2039,108,10-03-2026,16-03-2026,Emergency,108-48,Discharged,FALSE,6
405673,105966,2065,104,29-03-2026,02-04-2026,Emergency,104-12,Discharged,FALSE,4
405674,101628,2014,105,10-02-2026,11-02-2026,Elective,105-35,Discharged,FALSE,1
405675,102204,2053,105,22-05-2026,24-05-2026,Emergency,105-35,Discharged,FALSE,2
405676,109926,2015,103,29-04-2026,04-05-2026,Emergency,103-15,Discharged,FALSE,5
405677,110896,2031,104,15-04-2026,20-04-2026,Elective,104-21,Under Treatment,FALSE,5
405678,103363,2022,101,15-09-2025,19-09-2025,Emergency,101-04,Discharged,FALSE,4
405679,104603,2005,106,16-01-2026,24-01-2026,Elective,106-05,Discharged,FALSE,8
405680,109161,2048,101,03-03-2025,05-03-2025,Emergency,101-48,Discharged,FALSE,2
405681,109061,2057,101,02-08-2025,04-08-2025,Elective,101-30,Discharged,FALSE,2
405682,100248,2008,105,14-01-2025,15-01-2025,Elective,105-42,Transferred,FALSE,1
405683,106098,2050,101,19-02-2026,03-03-2026,Emergency,101-29,Discharged,FALSE,12
405684,109869,2042,102,13-01-2025,15-01-2025,Elective,102-16,Discharged,FALSE,2
405685,104992,2015,103,09-05-2026,11-05-2026,Elective,103-42,Discharged,TRUE,2
405686,102616,2067,107,25-10-2025,26-10-2025,Elective,107-27,Discharged,FALSE,1
405687,108979,2002,107,19-12-2025,23-12-2025,Elective,107-39,Discharged,TRUE,4
405688,105346,2023,108,23-01-2026,25-01-2026,Elective,108-27,Under Treatment,FALSE,2
405689,107263,2065,104,07-10-2025,09-10-2025,Elective,104-17,Discharged,FALSE,2
405690,101423,2036,102,03-09-2025,08-09-2025,Elective,102-01,Discharged,FALSE,5
405691,102271,2060,103,29-09-2025,08-10-2025,Elective,103-47,Discharged,FALSE,9
405692,100844,2054,102,29-04-2025,30-04-2025,Emergency,102-43,Discharged,FALSE,1
405693,106600,2019,101,09-07-2025,19-07-2025,Emergency,101-48,Discharged,FALSE,10
405694,110533,2042,102,16-11-2025,17-11-2025,Elective,102-06,Discharged,FALSE,1
405695,107713,2013,105,06-01-2025,12-01-2025,Emergency,105-31,Discharged,FALSE,6
405696,111639,2066,102,12-06-2025,15-06-2025,Emergency,102-21,Under Treatment,FALSE,3
405697,101800,2028,107,18-11-2025,21-11-2025,Elective,107-24,Transferred,FALSE,3
405698,106789,2074,108,12-09-2025,19-09-2025,Elective,108-43,Discharged,FALSE,7
405699,103939,2070,106,15-12-2025,17-12-2025,Referral,106-07,Discharged,FALSE,2
405700,106920,2036,102,21-08-2025,23-08-2025,Elective,102-14,Discharged,FALSE,2
405701,100697,2060,103,28-08-2025,31-08-2025,Referral,103-37,Discharged,FALSE,3
405702,104330,2060,103,13-03-2025,17-03-2025,Referral,103-48,Discharged,FALSE,4
405703,107901,2007,106,25-07-2025,28-07-2025,Emergency,106-20,Discharged,FALSE,3
405704,108778,2032,101,03-02-2026,07-02-2026,Referral,101-08,Discharged,FALSE,4
405705,110991,2017,106,30-01-2026,31-01-2026,Elective,106-49,Discharged,FALSE,1
405706,105274,2029,102,06-10-2025,07-10-2025,Elective,102-43,Discharged,FALSE,1
405707,104769,2068,101,21-06-2025,28-06-2025,Elective,101-10,Discharged,FALSE,7
405708,108975,2042,102,09-01-2026,16-01-2026,Elective,102-18,Discharged,FALSE,7
405709,110886,2023,108,08-03-2026,13-03-2026,Emergency,108-19,Under Treatment,FALSE,5
405710,101369,2032,101,25-05-2025,29-05-2025,Elective,101-40,Discharged,FALSE,4
405711,106089,2043,108,10-07-2025,13-07-2025,Emergency,108-16,Discharged,FALSE,3
405712,110129,2048,101,01-01-2026,04-01-2026,Elective,101-32,Discharged,FALSE,3
405713,104648,2017,106,04-05-2026,05-05-2026,Elective,106-16,Transferred,FALSE,1
405714,105473,2040,106,03-01-2026,08-01-2026,Emergency,106-35,Discharged,FALSE,5
405715,111162,2061,104,11-06-2026,17-06-2026,Elective,104-25,Transferred,FALSE,6
405716,111476,2047,102,09-01-2025,16-01-2025,Elective,102-46,Under Treatment,FALSE,7
405717,109607,2008,105,22-09-2025,24-09-2025,Elective,105-10,Discharged,FALSE,2
405718,100038,2032,101,07-10-2025,12-10-2025,Elective,101-50,Discharged,FALSE,5
405719,101351,2004,101,15-03-2025,16-03-2025,Emergency,101-19,Discharged,FALSE,1
405720,101037,2006,106,19-05-2026,22-05-2026,Referral,106-25,Discharged,FALSE,3
405721,109955,2037,105,09-03-2025,10-03-2025,Elective,105-08,Discharged,FALSE,1
405722,102979,2032,101,01-05-2025,03-05-2025,Emergency,101-04,Discharged,FALSE,2
405723,111931,2064,108,12-08-2025,19-08-2025,Referral,108-06,Discharged,FALSE,7
405724,103713,2002,107,02-09-2025,06-09-2025,Elective,107-03,Discharged,FALSE,4
405725,102169,2019,101,19-05-2026,22-05-2026,Emergency,101-28,Discharged,FALSE,3
405726,101668,2005,106,17-03-2026,21-03-2026,Emergency,106-35,Discharged,FALSE,4
405727,106883,2024,108,16-07-2025,19-07-2025,Emergency,108-45,Under Treatment,FALSE,3
405728,111975,2052,104,08-08-2025,10-08-2025,Elective,104-05,Under Treatment,TRUE,2
405729,110091,2064,108,06-10-2025,07-10-2025,Referral,108-24,Discharged,FALSE,1
405730,110780,2025,105,03-07-2025,07-07-2025,Elective,105-26,Discharged,FALSE,4
405731,102553,2053,105,12-02-2025,15-02-2025,Referral,105-41,Discharged,FALSE,3
405732,110241,2068,101,10-06-2025,13-06-2025,Referral,101-06,Transferred,FALSE,3
405733,103519,2045,107,15-06-2026,20-06-2026,Elective,107-45,Under Treatment,FALSE,5
405734,104085,2034,102,15-02-2025,18-02-2025,Elective,102-40,Discharged,FALSE,3
405735,105805,2044,106,25-02-2025,26-02-2025,Elective,106-04,Under Treatment,FALSE,1
405736,109644,2012,106,15-06-2025,19-06-2025,Referral,106-18,Discharged,FALSE,4
405737,110383,2015,103,20-04-2026,21-04-2026,Emergency,103-06,Transferred,FALSE,1
405738,103454,2021,108,19-02-2026,25-02-2026,Referral,108-18,Discharged,FALSE,6
405739,111495,2060,103,13-05-2025,17-05-2025,Elective,103-44,Discharged,TRUE,4
405740,103679,2056,102,12-03-2026,13-03-2026,Elective,102-10,Under Treatment,FALSE,1
405741,100412,2060,103,23-02-2025,01-03-2025,Emergency,103-46,Transferred,FALSE,6
405742,103212,2048,101,27-07-2025,02-08-2025,Emergency,101-50,Discharged,FALSE,6
405743,109708,2049,106,29-01-2025,30-01-2025,Referral,106-10,Discharged,FALSE,1
405744,103471,2058,102,03-03-2025,10-03-2025,Emergency,102-26,Discharged,FALSE,7
405745,108792,2022,101,08-04-2025,09-04-2025,Emergency,101-32,Discharged,FALSE,1
405746,111520,2035,103,11-09-2025,25-09-2025,Emergency,103-34,Discharged,FALSE,14
405747,108470,2035,103,08-12-2025,11-12-2025,Emergency,103-05,Discharged,FALSE,3
405748,110611,2078,105,07-09-2025,13-09-2025,Referral,105-08,Discharged,FALSE,6
405749,100659,2056,102,21-05-2026,30-05-2026,Referral,102-15,Discharged,FALSE,9
405750,101479,2007,106,14-01-2026,23-01-2026,Referral,106-19,Discharged,FALSE,9
405751,102131,2062,101,14-04-2025,28-04-2025,Emergency,101-19,Discharged,FALSE,14
405752,107843,2064,108,01-06-2026,06-06-2026,Emergency,108-05,Discharged,FALSE,5
405753,109829,2030,105,29-11-2025,02-12-2025,Elective,105-28,Discharged,FALSE,3
405754,106992,2046,107,17-10-2025,22-10-2025,Elective,107-17,Discharged,FALSE,5
405755,108558,2021,108,17-07-2025,20-07-2025,Referral,108-03,Transferred,FALSE,3
405756,105362,2071,103,04-05-2025,08-05-2025,Elective,103-33,Discharged,FALSE,4
405757,102204,2019,101,02-01-2025,04-01-2025,Emergency,101-24,Discharged,FALSE,2
405758,106072,2010,104,16-04-2025,18-04-2025,Elective,104-42,Discharged,FALSE,2
405759,101819,2044,106,22-04-2025,25-04-2025,Emergency,106-41,Discharged,FALSE,3
405760,103256,2069,106,09-02-2026,10-02-2026,Referral,106-19,Discharged,FALSE,1
405761,101306,2066,102,28-03-2025,03-04-2025,Elective,102-02,Discharged,FALSE,6
405762,109284,2039,108,29-12-2025,03-01-2026,Elective,108-41,Discharged,FALSE,5
405763,105339,2004,101,05-05-2025,08-05-2025,Elective,101-37,Discharged,FALSE,3
405764,109525,2062,101,16-10-2025,22-10-2025,Elective,101-19,Discharged,FALSE,6
405765,102149,2057,101,25-03-2025,27-03-2025,Elective,101-47,Discharged,FALSE,2
405766,111402,2022,101,14-04-2026,17-04-2026,Emergency,101-16,Discharged,FALSE,3
405767,110976,2013,105,15-09-2025,19-09-2025,Emergency,105-09,Discharged,FALSE,4
405768,106902,2002,107,17-02-2025,23-02-2025,Elective,107-41,Discharged,FALSE,6
405769,109547,2036,102,04-06-2025,06-06-2025,Emergency,102-01,Discharged,FALSE,2
405770,104703,2002,107,24-07-2025,30-07-2025,Elective,107-31,Discharged,FALSE,6
405771,100164,2014,105,03-02-2025,08-02-2025,Referral,105-27,Discharged,FALSE,5
405772,106703,2007,106,11-04-2025,12-04-2025,Elective,106-41,Discharged,TRUE,1
405773,100478,2052,104,25-03-2026,30-03-2026,Elective,104-21,Discharged,FALSE,5
405774,110281,2046,107,18-12-2025,23-12-2025,Elective,107-26,Discharged,FALSE,5
405775,101942,2005,106,02-08-2025,07-08-2025,Elective,106-25,Discharged,TRUE,5
405776,104164,2053,105,06-06-2025,08-06-2025,Emergency,105-48,Discharged,FALSE,2
405777,103017,2018,104,13-06-2026,17-06-2026,Emergency,104-39,Discharged,FALSE,4
405778,104423,2058,102,09-04-2026,13-04-2026,Referral,102-49,Transferred,FALSE,4
405779,108744,2079,104,07-01-2025,13-01-2025,Emergency,104-32,Discharged,TRUE,6
405780,108517,2059,104,16-06-2026,24-06-2026,Elective,104-38,Discharged,FALSE,8
405781,103002,2005,106,01-06-2026,02-06-2026,Referral,106-42,Discharged,FALSE,1
405782,107558,2044,106,15-01-2025,09-02-2025,Elective,106-02,Discharged,FALSE,25
405783,108418,2070,106,19-05-2025,21-05-2025,Elective,106-15,Discharged,FALSE,2
405784,102856,2042,102,08-09-2025,10-09-2025,Emergency,102-44,Under Treatment,FALSE,2
405785,101071,2054,102,06-07-2025,08-07-2025,Elective,102-07,Discharged,FALSE,2
405786,109768,2022,101,20-03-2025,23-03-2025,Elective,101-15,Discharged,FALSE,3
405787,109785,2066,102,07-08-2025,10-08-2025,Elective,102-47,Discharged,FALSE,3
405788,100578,2070,106,01-02-2026,05-02-2026,Elective,106-38,Discharged,FALSE,4
405789,108374,2053,105,03-07-2025,04-07-2025,Elective,105-23,Discharged,FALSE,1
405790,105741,2053,105,23-06-2025,26-06-2025,Elective,105-21,Discharged,FALSE,3
405791,111723,2014,105,11-02-2026,13-02-2026,Elective,105-27,Discharged,TRUE,2
405792,106160,2072,107,02-01-2025,06-01-2025,Elective,107-11,Discharged,TRUE,4
405793,100574,2008,105,28-01-2026,01-02-2026,Elective,105-27,Under Treatment,FALSE,4
405794,110722,2020,102,14-01-2026,17-01-2026,Emergency,102-02,Discharged,FALSE,3
405795,109598,2013,105,07-08-2025,10-08-2025,Elective,105-08,Discharged,FALSE,3
405796,109773,2065,104,08-05-2026,12-05-2026,Referral,104-42,Discharged,FALSE,4
405797,110361,2070,106,07-08-2025,25-08-2025,Elective,106-23,Discharged,FALSE,18
405798,102354,2048,101,04-05-2026,14-05-2026,Elective,101-40,Discharged,FALSE,10
405799,105038,2077,106,04-07-2025,12-07-2025,Emergency,106-05,Transferred,FALSE,8
405800,105581,2051,108,24-01-2026,26-01-2026,Emergency,108-08,Discharged,FALSE,2
405801,102170,2051,108,31-05-2026,05-06-2026,Emergency,108-02,Discharged,FALSE,5
405802,100750,2050,101,26-02-2026,01-03-2026,Elective,101-36,Discharged,TRUE,3
405803,110999,2023,108,25-03-2025,31-03-2025,Emergency,108-21,Discharged,FALSE,6
405804,110609,2033,105,07-03-2026,08-03-2026,Elective,105-27,Discharged,FALSE,1
405805,104119,2023,108,17-08-2025,20-08-2025,Elective,108-19,Discharged,FALSE,3
405806,111698,2011,108,28-05-2025,31-05-2025,Elective,108-31,Discharged,FALSE,3
405807,110919,2078,105,03-05-2025,05-05-2025,Elective,105-29,Discharged,FALSE,2
405808,105289,2076,104,18-09-2025,21-09-2025,Emergency,104-22,Discharged,FALSE,3
405809,101506,2002,107,10-01-2026,11-01-2026,Elective,107-34,Discharged,TRUE,1
405810,102006,2017,106,12-02-2026,15-02-2026,Elective,106-30,Discharged,FALSE,3
405811,107877,2012,106,04-02-2026,10-02-2026,Emergency,106-21,Transferred,FALSE,6
405812,110842,2051,108,15-01-2025,26-01-2025,Emergency,108-42,Discharged,FALSE,11
405813,103650,2052,104,08-03-2025,10-03-2025,Referral,104-32,Discharged,TRUE,2
405814,105104,2031,104,15-06-2025,19-06-2025,Elective,104-34,Discharged,FALSE,4
405815,100717,2029,102,04-04-2026,05-04-2026,Elective,102-43,Discharged,FALSE,1
405816,100578,2036,102,25-04-2025,01-05-2025,Elective,102-02,Discharged,FALSE,6
405817,102980,2030,105,19-11-2025,22-11-2025,Emergency,105-25,Discharged,FALSE,3
405818,104711,2028,107,06-01-2025,12-01-2025,Elective,107-48,Discharged,FALSE,6
405819,106127,2049,106,12-01-2026,15-01-2026,Elective,106-16,Discharged,FALSE,3
405820,108204,2080,107,12-06-2026,26-06-2026,Elective,107-13,Discharged,FALSE,14
405821,108091,2052,104,18-07-2025,22-07-2025,Elective,104-50,Discharged,FALSE,4
405822,102423,2054,102,08-09-2025,12-09-2025,Elective,102-39,Discharged,FALSE,4
405823,110964,2044,106,04-04-2026,07-04-2026,Referral,106-24,Discharged,FALSE,3
405824,111847,2008,105,13-05-2026,16-05-2026,Referral,105-08,Discharged,FALSE,3
405825,109405,2078,105,11-06-2025,15-06-2025,Elective,105-10,Discharged,FALSE,4
405826,100374,2023,108,23-08-2025,25-08-2025,Elective,108-12,Discharged,FALSE,2
405827,100116,2029,102,27-03-2025,29-03-2025,Referral,102-35,Discharged,FALSE,2
405828,110990,2032,101,07-09-2025,11-09-2025,Emergency,101-14,Discharged,FALSE,4
405829,110125,2008,105,16-01-2025,25-01-2025,Elective,105-40,Discharged,FALSE,9
405830,109577,2044,106,29-01-2025,06-02-2025,Emergency,106-06,Discharged,FALSE,8
405831,108871,2047,102,16-07-2025,20-07-2025,Referral,102-47,Under Treatment,FALSE,4
405832,108996,2079,104,18-09-2025,20-09-2025,Elective,104-18,Discharged,FALSE,2
405833,102041,2053,105,08-06-2026,12-06-2026,Emergency,105-30,Discharged,FALSE,4
405834,102402,2075,104,09-06-2026,10-06-2026,Emergency,104-01,Discharged,FALSE,1
405835,105969,2046,107,07-11-2025,09-11-2025,Elective,107-16,Discharged,FALSE,2
405836,103785,2027,101,12-04-2026,15-04-2026,Emergency,101-35,Discharged,FALSE,3
405837,105004,2061,104,25-02-2026,27-02-2026,Referral,104-39,Discharged,FALSE,2
405838,111559,2019,101,12-03-2025,19-03-2025,Elective,101-34,Discharged,FALSE,7
405839,101460,2054,102,09-03-2026,14-03-2026,Emergency,102-23,Discharged,FALSE,5
405840,100463,2058,102,28-12-2025,30-12-2025,Referral,102-17,Discharged,FALSE,2
405841,105119,2044,106,05-02-2026,09-02-2026,Elective,106-32,Transferred,FALSE,4
405842,104529,2039,108,02-01-2025,04-01-2025,Elective,108-08,Discharged,FALSE,2
405843,102615,2070,106,23-12-2025,27-12-2025,Elective,106-33,Discharged,FALSE,4
405844,105015,2025,105,15-04-2026,16-04-2026,Elective,105-24,Under Treatment,FALSE,1
405845,104634,2047,102,16-05-2026,17-05-2026,Emergency,102-36,Discharged,FALSE,1
405846,101789,2037,105,20-06-2026,25-06-2026,Emergency,105-31,Transferred,FALSE,5
405847,105576,2062,101,02-04-2026,05-04-2026,Elective,101-38,Discharged,FALSE,3
405848,107416,2069,106,14-04-2026,20-04-2026,Elective,106-20,Transferred,FALSE,6
405849,104139,2024,108,19-03-2025,27-03-2025,Referral,108-47,Discharged,TRUE,8
405850,107377,2077,106,13-02-2026,14-02-2026,Elective,106-07,Discharged,FALSE,1
405851,101341,2027,101,09-01-2026,10-01-2026,Elective,101-39,Discharged,FALSE,1
405852,105635,2039,108,04-04-2025,16-04-2025,Referral,108-11,Discharged,FALSE,12
405853,110477,2062,101,17-08-2025,19-08-2025,Emergency,101-25,Discharged,FALSE,2
405854,109969,2033,105,20-01-2026,22-01-2026,Elective,105-07,Discharged,FALSE,2
405855,100885,2038,108,02-06-2025,07-06-2025,Elective,108-21,Discharged,FALSE,5
405856,110360,2024,108,22-09-2025,25-09-2025,Emergency,108-29,Discharged,FALSE,3
405857,108008,2001,102,21-05-2025,24-05-2025,Emergency,102-35,Discharged,FALSE,3
405858,101590,2063,108,27-12-2025,02-01-2026,Elective,108-07,Under Treatment,FALSE,6
405859,105527,2071,103,27-02-2025,14-03-2025,Emergency,103-11,Discharged,FALSE,15
405860,104902,2018,104,07-04-2025,11-04-2025,Emergency,104-23,Discharged,FALSE,4
405861,107475,2054,102,04-09-2025,08-09-2025,Elective,102-14,Discharged,FALSE,4
405862,111874,2022,101,26-03-2026,28-03-2026,Elective,101-22,Discharged,FALSE,2
405863,106790,2033,105,14-06-2026,15-06-2026,Elective,105-21,Discharged,FALSE,1
405864,101392,2028,107,28-06-2025,03-07-2025,Elective,107-35,Discharged,FALSE,5
405865,107168,2036,102,16-08-2025,22-08-2025,Elective,102-31,Transferred,FALSE,6
405866,101086,2048,101,26-05-2026,05-06-2026,Emergency,101-30,Discharged,TRUE,10
405867,103086,2072,107,06-09-2025,08-09-2025,Emergency,107-23,Discharged,FALSE,2
405868,105762,2016,107,15-06-2026,17-06-2026,Emergency,107-19,Discharged,FALSE,2
405869,105963,2016,107,25-04-2025,04-05-2025,Elective,107-18,Discharged,FALSE,9
405870,106337,2057,101,26-05-2025,29-05-2025,Referral,101-32,Under Treatment,FALSE,3
405871,101077,2062,101,09-01-2026,13-01-2026,Emergency,101-38,Discharged,FALSE,4
405872,101273,2036,102,16-12-2025,25-12-2025,Elective,102-03,Transferred,FALSE,9
405873,107787,2042,102,25-05-2026,27-05-2026,Elective,102-23,Discharged,FALSE,2
405874,104213,2073,101,06-03-2026,10-03-2026,Elective,101-19,Discharged,FALSE,4
405875,102699,2057,101,24-02-2025,26-02-2025,Elective,101-22,Discharged,FALSE,2
405876,101130,2056,102,12-03-2025,13-03-2025,Elective,102-23,Discharged,FALSE,1
405877,109933,2038,108,10-08-2025,16-08-2025,Emergency,108-14,Discharged,FALSE,6
405878,101450,2010,104,15-04-2026,21-04-2026,Emergency,104-14,Discharged,TRUE,6
405879,102293,2019,101,21-11-2025,22-11-2025,Elective,101-38,Discharged,FALSE,1
405880,101232,2013,105,12-08-2025,14-08-2025,Referral,105-29,Discharged,FALSE,2
405881,101016,2009,105,30-04-2025,05-05-2025,Emergency,105-19,Transferred,FALSE,5
405882,100815,2072,107,11-12-2025,15-12-2025,Elective,107-15,Discharged,FALSE,4
405883,100042,2075,104,06-04-2025,08-04-2025,Referral,104-49,Discharged,FALSE,2
405884,103477,2016,107,28-01-2025,04-02-2025,Emergency,107-25,Discharged,FALSE,7
405885,101091,2024,108,10-06-2025,11-06-2025,Emergency,108-20,Discharged,FALSE,1
405886,111309,2042,102,20-02-2025,21-02-2025,Emergency,102-46,Discharged,FALSE,1
405887,100054,2023,108,29-08-2025,03-09-2025,Emergency,108-06,Discharged,FALSE,5
405888,109416,2027,101,18-03-2026,22-03-2026,Referral,101-11,Discharged,FALSE,4
405889,105016,2010,104,19-12-2025,22-12-2025,Elective,104-46,Discharged,FALSE,3
405890,107942,2070,106,24-07-2025,25-07-2025,Emergency,106-13,Discharged,FALSE,1
405891,105175,2071,103,10-02-2026,16-02-2026,Elective,103-25,Discharged,FALSE,6
405892,105649,2047,102,12-08-2025,16-08-2025,Elective,102-23,Discharged,FALSE,4
405893,108394,2069,106,09-09-2025,11-09-2025,Elective,106-49,Discharged,FALSE,2
405894,103086,2030,105,19-02-2026,25-02-2026,Elective,105-04,Discharged,FALSE,6
405895,100251,2010,104,19-02-2025,22-02-2025,Elective,104-10,Discharged,FALSE,3
405896,104526,2011,108,21-02-2025,24-02-2025,Emergency,108-40,Discharged,FALSE,3
405897,111535,2057,101,08-11-2025,09-11-2025,Elective,101-49,Discharged,FALSE,1
405898,107003,2078,105,16-06-2025,17-06-2025,Elective,105-09,Discharged,TRUE,1
405899,105959,2066,102,21-10-2025,22-10-2025,Elective,102-27,Transferred,FALSE,1
405900,102060,2004,101,23-01-2026,27-01-2026,Elective,101-24,Discharged,FALSE,4
405901,105526,2062,101,07-08-2025,14-08-2025,Elective,101-03,Discharged,FALSE,7
405902,108148,2030,105,02-05-2026,06-05-2026,Referral,105-46,Discharged,FALSE,4
405903,110196,2079,104,05-06-2026,07-06-2026,Emergency,104-13,Discharged,FALSE,2
405904,100134,2012,106,20-04-2025,25-04-2025,Elective,106-35,Transferred,FALSE,5
405905,109080,2044,106,19-04-2025,21-04-2025,Elective,106-16,Transferred,FALSE,2
405906,102837,2068,101,02-07-2025,03-07-2025,Emergency,101-15,Discharged,FALSE,1
405907,103653,2051,108,08-05-2026,17-05-2026,Elective,108-03,Discharged,FALSE,9
405908,105284,2053,105,03-05-2025,05-05-2025,Elective,105-46,Discharged,FALSE,2
405909,107829,2005,106,07-06-2025,09-06-2025,Elective,106-33,Discharged,FALSE,2
405910,103998,2040,106,11-01-2025,13-01-2025,Elective,106-12,Transferred,FALSE,2
405911,109731,2028,107,12-02-2025,20-02-2025,Emergency,107-29,Discharged,TRUE,8
405912,104054,2067,107,12-03-2026,14-03-2026,Referral,107-42,Discharged,FALSE,2
405913,101134,2017,106,20-10-2025,23-10-2025,Emergency,106-34,Discharged,FALSE,3
405914,107568,2068,101,18-10-2025,20-10-2025,Emergency,101-06,Discharged,FALSE,2
405915,104590,2046,107,13-06-2026,16-06-2026,Elective,107-13,Discharged,FALSE,3
405916,103775,2045,107,03-04-2025,05-04-2025,Elective,107-41,Discharged,FALSE,2
405917,100874,2057,101,28-10-2025,01-11-2025,Referral,101-49,Discharged,TRUE,4
405918,101678,2080,107,20-03-2026,23-03-2026,Elective,107-13,Discharged,FALSE,3
405919,100538,2017,106,07-06-2025,10-06-2025,Emergency,106-02,Under Treatment,FALSE,3
405920,108310,2040,106,13-09-2025,18-09-2025,Elective,106-16,Discharged,FALSE,5
405921,103726,2010,104,20-03-2026,21-03-2026,Emergency,104-39,Discharged,FALSE,1
405922,104392,2022,101,04-05-2025,05-05-2025,Emergency,101-36,Discharged,FALSE,1
405923,101289,2015,103,16-09-2025,17-09-2025,Elective,103-16,Discharged,FALSE,1
405924,109813,2064,108,26-05-2026,27-05-2026,Elective,108-21,Discharged,TRUE,1
405925,103956,2060,103,13-11-2025,16-11-2025,Elective,103-26,Discharged,FALSE,3
405926,106640,2066,102,14-11-2025,16-11-2025,Referral,102-43,Discharged,FALSE,2
405927,101886,2037,105,06-06-2026,08-06-2026,Elective,105-27,Discharged,TRUE,2
405928,105599,2061,104,19-01-2026,26-01-2026,Elective,104-21,Discharged,FALSE,7
405929,103905,2019,101,10-04-2026,14-04-2026,Emergency,101-44,Discharged,TRUE,4
405930,106115,2022,101,02-08-2025,06-08-2025,Elective,101-39,Under Treatment,FALSE,4
405931,111298,2025,105,02-01-2026,05-01-2026,Elective,105-48,Discharged,FALSE,3
405932,109678,2066,102,21-12-2025,25-12-2025,Elective,102-37,Discharged,FALSE,4
405933,100687,2059,104,07-10-2025,16-10-2025,Elective,104-40,Discharged,FALSE,9
405934,104860,2039,108,15-01-2026,19-01-2026,Elective,108-02,Discharged,FALSE,4
405935,108602,2021,108,10-01-2026,16-01-2026,Elective,108-41,Discharged,FALSE,6
405936,110576,2043,108,16-02-2026,20-02-2026,Elective,108-22,Discharged,FALSE,4
405937,107448,2045,107,25-01-2026,27-01-2026,Emergency,107-08,Under Treatment,TRUE,2
405938,102298,2061,104,04-01-2025,07-01-2025,Referral,104-44,Discharged,FALSE,3
405939,103530,2043,108,27-06-2025,01-07-2025,Emergency,108-50,Discharged,FALSE,4
405940,109045,2060,103,14-01-2025,19-01-2025,Emergency,103-45,Discharged,FALSE,5
405941,110866,2073,101,26-03-2025,27-03-2025,Elective,101-19,Discharged,FALSE,1
405942,111727,2048,101,05-01-2026,12-01-2026,Elective,101-46,Under Treatment,FALSE,7
405943,109765,2027,101,10-10-2025,16-10-2025,Elective,101-04,Transferred,FALSE,6
405944,101991,2077,106,24-04-2025,25-04-2025,Emergency,106-12,Discharged,FALSE,1
405945,102189,2069,106,29-01-2025,04-02-2025,Elective,106-12,Discharged,FALSE,6
405946,109017,2036,102,14-10-2025,16-10-2025,Elective,102-43,Discharged,FALSE,2
405947,100254,2072,107,04-01-2026,08-01-2026,Emergency,107-29,Discharged,FALSE,4
405948,105473,2079,104,10-04-2026,15-04-2026,Emergency,104-29,Discharged,FALSE,5
405949,100960,2004,101,15-11-2025,18-11-2025,Emergency,101-28,Discharged,FALSE,3
405950,107383,2056,102,26-07-2025,29-07-2025,Elective,102-19,Discharged,FALSE,3
405951,110189,2019,101,10-05-2025,13-05-2025,Elective,101-02,Discharged,FALSE,3
405952,109755,2041,105,01-06-2026,02-06-2026,Elective,105-41,Discharged,FALSE,1
405953,111596,2021,108,02-09-2025,04-09-2025,Emergency,108-28,Discharged,FALSE,2
405954,101824,2064,108,27-01-2026,28-01-2026,Elective,108-06,Discharged,FALSE,1
405955,105900,2022,101,19-10-2025,21-10-2025,Elective,101-08,Discharged,FALSE,2
405956,104880,2055,106,26-03-2026,29-03-2026,Elective,106-39,Discharged,FALSE,3
405957,101341,2056,102,15-10-2025,17-10-2025,Elective,102-06,Transferred,FALSE,2
405958,104702,2069,106,11-07-2025,20-07-2025,Elective,106-21,Discharged,FALSE,9
405959,106623,2018,104,08-06-2025,10-06-2025,Referral,104-32,Discharged,FALSE,2
405960,103214,2020,102,15-01-2025,16-01-2025,Referral,102-41,Discharged,FALSE,1
405961,110745,2069,106,14-01-2026,19-01-2026,Elective,106-25,Discharged,FALSE,5
405962,100678,2058,102,26-03-2026,31-03-2026,Elective,102-02,Discharged,FALSE,5
405963,100762,2037,105,12-04-2025,16-04-2025,Elective,105-24,Transferred,FALSE,4
405964,111490,2056,102,25-03-2026,28-03-2026,Referral,102-04,Discharged,FALSE,3
405965,105584,2055,106,25-02-2026,28-02-2026,Elective,106-45,Discharged,FALSE,3
405966,111317,2068,101,07-06-2025,08-06-2025,Emergency,101-31,Discharged,FALSE,1
405967,102806,2038,108,02-12-2025,04-12-2025,Emergency,108-28,Transferred,FALSE,2
405968,100601,2068,101,25-12-2025,26-12-2025,Elective,101-47,Discharged,FALSE,1
405969,100147,2021,108,05-08-2025,07-08-2025,Elective,108-35,Discharged,FALSE,2
405970,107369,2070,106,20-03-2026,24-03-2026,Referral,106-02,Discharged,FALSE,4
405971,104462,2075,104,07-09-2025,09-09-2025,Elective,104-03,Under Treatment,FALSE,2
405972,101279,2009,105,28-03-2026,03-04-2026,Emergency,105-03,Discharged,FALSE,6
405973,106928,2041,105,22-04-2025,24-04-2025,Referral,105-08,Discharged,FALSE,2
405974,100267,2045,107,08-09-2025,11-09-2025,Emergency,107-48,Discharged,TRUE,3
405975,108768,2047,102,01-03-2025,05-03-2025,Referral,102-22,Discharged,FALSE,4
405976,110800,2031,104,02-04-2026,05-04-2026,Emergency,104-46,Discharged,FALSE,3
405977,107089,2021,108,29-11-2025,02-12-2025,Elective,108-47,Discharged,FALSE,3
405978,100641,2059,104,11-07-2025,21-07-2025,Elective,104-41,Discharged,FALSE,10
405979,102145,2044,106,05-01-2026,06-01-2026,Referral,106-34,Discharged,FALSE,1
405980,108756,2037,105,26-02-2025,28-02-2025,Referral,105-28,Discharged,FALSE,2
405981,101091,2050,101,08-09-2025,10-09-2025,Referral,101-38,Discharged,FALSE,2
405982,101877,2056,102,09-06-2025,10-06-2025,Emergency,102-07,Discharged,TRUE,1
405983,101211,2076,104,28-09-2025,30-09-2025,Elective,104-01,Discharged,FALSE,2
405984,102894,2007,106,17-11-2025,23-11-2025,Emergency,106-36,Discharged,FALSE,6
405985,104272,2051,108,02-07-2025,07-07-2025,Elective,108-03,Discharged,FALSE,5
405986,111606,2016,107,30-11-2025,05-12-2025,Elective,107-46,Discharged,FALSE,5
405987,110255,2048,101,06-07-2025,11-07-2025,Referral,101-20,Discharged,TRUE,5
405988,102036,2002,107,15-01-2025,17-01-2025,Elective,107-05,Discharged,FALSE,2
405989,105704,2041,105,03-05-2026,09-05-2026,Elective,105-11,Discharged,FALSE,6
405990,108181,2008,105,07-07-2025,09-07-2025,Referral,105-38,Transferred,FALSE,2
405991,100137,2071,103,23-03-2026,27-03-2026,Elective,103-04,Discharged,TRUE,4
405992,106664,2078,105,24-05-2025,30-05-2025,Elective,105-06,Discharged,FALSE,6
405993,105989,2061,104,01-08-2025,02-08-2025,Emergency,104-05,Discharged,FALSE,1
405994,102043,2060,103,15-12-2025,18-12-2025,Emergency,103-47,Transferred,FALSE,3
405995,107653,2014,105,09-01-2026,10-01-2026,Referral,105-36,Discharged,FALSE,1
405996,110972,2042,102,07-02-2026,11-02-2026,Emergency,102-02,Discharged,FALSE,4
405997,102256,2054,102,21-02-2025,22-02-2025,Elective,102-44,Discharged,FALSE,1
405998,109763,2055,106,12-01-2025,13-01-2025,Elective,106-30,Discharged,FALSE,1
405999,102027,2069,106,26-04-2025,05-05-2025,Elective,106-08,Discharged,FALSE,9
406000,104509,2080,107,08-01-2025,09-01-2025,Referral,107-32,Discharged,FALSE,1
406001,109354,2020,102,23-11-2025,25-11-2025,Referral,102-29,Discharged,FALSE,2
406002,104657,2007,106,26-03-2025,29-03-2025,Elective,106-05,Discharged,FALSE,3
406003,100376,2078,105,04-07-2025,12-07-2025,Emergency,105-40,Discharged,FALSE,8
406004,104649,2073,101,19-11-2025,22-11-2025,Emergency,101-42,Discharged,FALSE,3
406005,104398,2039,108,22-11-2025,26-11-2025,Emergency,108-19,Discharged,FALSE,4
406006,103776,2066,102,20-05-2026,21-05-2026,Elective,102-49,Discharged,FALSE,1
406007,109546,2017,106,14-02-2026,20-02-2026,Emergency,106-20,Discharged,FALSE,6
406008,108479,2060,103,03-06-2025,06-06-2025,Elective,103-20,Discharged,FALSE,3
406009,101091,2007,106,26-05-2025,27-05-2025,Elective,106-30,Under Treatment,FALSE,1
406010,109364,2043,108,06-06-2025,08-06-2025,Emergency,108-29,Discharged,FALSE,2
406011,108532,2076,104,18-01-2025,24-01-2025,Referral,104-05,Discharged,FALSE,6
406012,105978,2038,108,23-09-2025,26-09-2025,Elective,108-14,Transferred,FALSE,3
406013,105222,2059,104,02-05-2025,07-05-2025,Elective,104-09,Discharged,FALSE,5
406014,108229,2018,104,08-07-2025,09-07-2025,Elective,104-44,Discharged,FALSE,1
406015,110915,2061,104,02-07-2025,05-07-2025,Elective,104-34,Discharged,FALSE,3
406016,111995,2078,105,24-03-2025,26-03-2025,Elective,105-14,Under Treatment,FALSE,2
406017,108163,2050,101,20-03-2026,22-03-2026,Elective,101-44,Discharged,FALSE,2
406018,110912,2049,106,16-06-2026,21-06-2026,Emergency,106-07,Transferred,FALSE,5
406019,111706,2030,105,29-04-2026,06-05-2026,Elective,105-04,Discharged,FALSE,7
406020,100714,2074,108,22-03-2025,28-03-2025,Elective,108-26,Transferred,FALSE,6
406021,107738,2022,101,13-01-2025,24-01-2025,Elective,101-12,Discharged,FALSE,11
406022,102517,2017,106,07-07-2025,10-07-2025,Elective,106-08,Discharged,FALSE,3
406023,102686,2017,106,06-05-2026,08-05-2026,Emergency,106-15,Discharged,FALSE,2
406024,106955,2058,102,17-04-2025,21-04-2025,Elective,102-18,Discharged,TRUE,4
406025,107138,2024,108,10-08-2025,12-08-2025,Referral,108-16,Discharged,FALSE,2
406026,101098,2055,106,28-05-2026,05-06-2026,Elective,106-21,Discharged,FALSE,8
406027,110249,2057,101,28-05-2025,29-05-2025,Elective,101-07,Discharged,FALSE,1
406028,104241,2038,108,14-06-2026,19-06-2026,Elective,108-46,Discharged,FALSE,5
406029,104181,2006,106,04-10-2025,05-10-2025,Elective,106-07,Discharged,FALSE,1
406030,109646,2051,108,17-11-2025,19-11-2025,Emergency,108-07,Discharged,FALSE,2
406031,107658,2077,106,07-07-2025,08-07-2025,Elective,106-14,Discharged,FALSE,1
406032,104320,2028,107,19-01-2025,20-01-2025,Elective,107-27,Discharged,FALSE,1
406033,106196,2056,102,11-02-2026,14-02-2026,Emergency,102-38,Discharged,FALSE,3
406034,108324,2038,108,21-01-2026,22-01-2026,Elective,108-13,Discharged,FALSE,1
406035,101890,2009,105,07-01-2026,09-01-2026,Elective,105-50,Discharged,FALSE,2
406036,102739,2020,102,27-12-2025,31-12-2025,Emergency,102-20,Discharged,TRUE,4
406037,110961,2026,102,31-01-2025,05-02-2025,Referral,102-43,Discharged,FALSE,5
406038,101109,2001,102,04-02-2026,07-02-2026,Elective,102-45,Discharged,FALSE,3
406039,101431,2055,106,20-06-2026,23-06-2026,Elective,106-22,Discharged,FALSE,3
406040,100746,2036,102,29-04-2025,01-05-2025,Emergency,102-15,Discharged,FALSE,2
406041,100184,2037,105,06-01-2026,09-01-2026,Elective,105-42,Discharged,FALSE,3
406042,107082,2070,106,07-03-2026,09-03-2026,Emergency,106-34,Discharged,FALSE,2
406043,111602,2058,102,17-03-2026,23-03-2026,Elective,102-33,Discharged,FALSE,6
406044,104002,2049,106,01-11-2025,08-11-2025,Elective,106-15,Discharged,FALSE,7
406045,100753,2060,103,14-03-2025,20-03-2025,Elective,103-34,Discharged,FALSE,6
406046,106936,2045,107,07-09-2025,12-09-2025,Elective,107-21,Discharged,FALSE,5
406047,110105,2021,108,04-02-2025,09-02-2025,Referral,108-16,Discharged,FALSE,5
406048,108501,2072,107,22-10-2025,06-11-2025,Elective,107-36,Discharged,FALSE,15
406049,100086,2043,108,13-03-2026,15-03-2026,Elective,108-03,Discharged,FALSE,2
406050,102274,2043,108,18-05-2025,20-05-2025,Elective,108-05,Discharged,FALSE,2
406051,108885,2055,106,10-02-2025,20-02-2025,Elective,106-45,Discharged,FALSE,10
406052,104373,2061,104,28-11-2025,04-12-2025,Elective,104-32,Transferred,FALSE,6
406053,106078,2054,102,23-10-2025,01-11-2025,Elective,102-27,Discharged,FALSE,9
406054,103062,2077,106,14-01-2026,26-01-2026,Elective,106-47,Discharged,FALSE,12
406055,107696,2020,102,08-04-2026,10-04-2026,Elective,102-47,Discharged,FALSE,2
406056,102496,2056,102,12-06-2025,18-06-2025,Elective,102-27,Discharged,FALSE,6
406057,103235,2042,102,02-02-2026,05-02-2026,Referral,102-08,Discharged,TRUE,3
406058,107040,2018,104,27-05-2026,04-06-2026,Elective,104-08,Discharged,FALSE,8
406059,111893,2006,106,07-01-2025,13-01-2025,Elective,106-35,Under Treatment,FALSE,6
406060,107321,2007,106,07-05-2026,11-05-2026,Elective,106-40,Discharged,FALSE,4
406061,105361,2030,105,28-03-2026,30-03-2026,Elective,105-32,Discharged,FALSE,2
406062,110794,2054,102,18-03-2025,26-03-2025,Elective,102-23,Discharged,FALSE,8
406063,105081,2027,101,27-11-2025,02-12-2025,Emergency,101-31,Discharged,FALSE,5
406064,111866,2021,108,02-03-2026,03-03-2026,Emergency,108-19,Discharged,FALSE,1
406065,107194,2069,106,01-07-2025,05-07-2025,Elective,106-45,Under Treatment,FALSE,4
406066,104665,2035,103,15-04-2026,17-04-2026,Elective,103-20,Transferred,FALSE,2
406067,101073,2030,105,07-01-2025,13-01-2025,Elective,105-40,Discharged,FALSE,6
406068,107273,2072,107,05-11-2025,09-11-2025,Elective,107-35,Discharged,FALSE,4
406069,103419,2069,106,26-04-2026,29-04-2026,Elective,106-42,Discharged,FALSE,3
406070,104362,2063,108,11-09-2025,13-09-2025,Emergency,108-34,Discharged,FALSE,2
406071,111079,2079,104,27-04-2025,28-04-2025,Elective,104-14,Transferred,FALSE,1
406072,108833,2008,105,16-03-2026,18-03-2026,Emergency,105-49,Discharged,FALSE,2
406073,101549,2059,104,29-05-2025,30-05-2025,Elective,104-37,Discharged,FALSE,1
406074,100596,2067,107,28-10-2025,31-10-2025,Referral,107-45,Transferred,TRUE,3
406075,107912,2024,108,08-10-2025,12-10-2025,Emergency,108-26,Discharged,FALSE,4
406076,107419,2053,105,14-08-2025,17-08-2025,Elective,105-36,Discharged,FALSE,3
406077,103889,2025,105,18-02-2025,21-02-2025,Emergency,105-16,Discharged,FALSE,3
406078,108291,2071,103,26-05-2025,28-05-2025,Emergency,103-41,Discharged,FALSE,2
406079,104071,2040,106,15-06-2025,20-06-2025,Elective,106-35,Discharged,FALSE,5
406080,103784,2064,108,08-06-2025,18-06-2025,Elective,108-36,Discharged,FALSE,10
406081,111053,2018,104,24-02-2026,28-02-2026,Elective,104-50,Under Treatment,FALSE,4
406082,105702,2053,105,23-04-2025,26-04-2025,Elective,105-20,Discharged,FALSE,3
406083,104639,2062,101,03-10-2025,04-10-2025,Elective,101-11,Discharged,FALSE,1
406084,109121,2019,101,06-11-2025,08-11-2025,Referral,101-29,Discharged,FALSE,2
406085,109213,2009,105,19-06-2026,21-06-2026,Referral,105-21,Discharged,FALSE,2
406086,102165,2065,104,02-05-2026,08-05-2026,Elective,104-27,Discharged,FALSE,6
406087,107120,2053,105,13-03-2025,18-03-2025,Elective,105-11,Discharged,TRUE,5
406088,104129,2046,107,02-10-2025,07-10-2025,Elective,107-39,Discharged,FALSE,5
406089,105681,2078,105,30-10-2025,11-11-2025,Elective,105-48,Discharged,FALSE,12
406090,108390,2060,103,10-04-2026,20-04-2026,Elective,103-40,Discharged,FALSE,10
406091,102465,2031,104,17-04-2026,20-04-2026,Elective,104-38,Discharged,FALSE,3
406092,100462,2031,104,29-01-2025,01-02-2025,Elective,104-10,Discharged,FALSE,3
406093,103415,2019,101,21-06-2025,23-06-2025,Elective,101-39,Under Treatment,FALSE,2
406094,109608,2006,106,04-04-2025,23-04-2025,Elective,106-20,Discharged,FALSE,19
406095,107705,2046,107,02-05-2025,07-05-2025,Elective,107-17,Discharged,FALSE,5
406096,102143,2016,107,13-02-2025,14-02-2025,Elective,107-49,Discharged,TRUE,1
406097,101611,2016,107,03-06-2026,05-06-2026,Referral,107-31,Discharged,FALSE,2
406098,108615,2067,107,14-02-2025,20-02-2025,Referral,107-24,Discharged,FALSE,6
406099,101877,2008,105,03-09-2025,06-09-2025,Emergency,105-38,Discharged,FALSE,3
406100,105812,2065,104,30-01-2025,10-02-2025,Elective,104-38,Discharged,FALSE,11
406101,105528,2078,105,22-10-2025,25-10-2025,Emergency,105-07,Discharged,FALSE,3
406102,100470,2073,101,06-04-2026,12-04-2026,Referral,101-49,Discharged,FALSE,6
406103,103156,2077,106,01-02-2025,04-02-2025,Emergency,106-45,Discharged,FALSE,3
406104,101911,2072,107,01-12-2025,03-12-2025,Elective,107-09,Discharged,FALSE,2
406105,105737,2012,106,26-07-2025,28-07-2025,Emergency,106-12,Transferred,FALSE,2
406106,106104,2080,107,14-10-2025,15-10-2025,Emergency,107-26,Discharged,TRUE,1
406107,107352,2007,106,17-01-2025,19-01-2025,Elective,106-12,Under Treatment,TRUE,2
406108,106371,2052,104,24-02-2026,01-03-2026,Elective,104-18,Discharged,FALSE,5
406109,110714,2046,107,24-11-2025,25-11-2025,Elective,107-41,Discharged,FALSE,1
406110,110353,2043,108,12-01-2025,14-01-2025,Elective,108-11,Discharged,FALSE,2
406111,108229,2051,108,05-02-2026,12-02-2026,Elective,108-15,Discharged,FALSE,7
406112,108885,2028,107,15-08-2025,16-08-2025,Elective,107-42,Discharged,FALSE,1
406113,105603,2062,101,21-11-2025,22-11-2025,Elective,101-20,Discharged,FALSE,1
406114,108290,2019,101,04-12-2025,06-12-2025,Elective,101-45,Discharged,FALSE,2
406115,106999,2023,108,18-04-2025,19-04-2025,Elective,108-45,Discharged,FALSE,1
406116,103156,2012,106,07-04-2025,09-04-2025,Elective,106-19,Discharged,TRUE,2
406117,103096,2060,103,20-06-2025,22-06-2025,Emergency,103-08,Discharged,FALSE,2
406118,110877,2036,102,03-02-2026,04-02-2026,Emergency,102-26,Discharged,FALSE,1
406119,106952,2014,105,30-09-2025,03-10-2025,Elective,105-22,Discharged,FALSE,3
406120,101859,2063,108,01-11-2025,06-11-2025,Elective,108-47,Discharged,FALSE,5
406121,101631,2004,101,18-04-2025,21-04-2025,Elective,101-39,Discharged,FALSE,3
406122,111020,2029,102,01-04-2026,05-04-2026,Elective,102-22,Discharged,FALSE,4
406123,100898,2039,108,09-05-2025,14-05-2025,Emergency,108-42,Discharged,FALSE,5
406124,107593,2063,108,19-09-2025,23-09-2025,Emergency,108-20,Discharged,FALSE,4
406125,104847,2027,101,28-06-2025,30-06-2025,Referral,101-28,Discharged,FALSE,2
406126,107383,2004,101,14-09-2025,15-09-2025,Referral,101-02,Discharged,FALSE,1
406127,111827,2050,101,15-09-2025,22-09-2025,Elective,101-06,Discharged,FALSE,7
406128,108082,2039,108,13-01-2025,16-01-2025,Emergency,108-39,Discharged,FALSE,3
406129,111633,2022,101,24-04-2025,25-04-2025,Elective,101-42,Discharged,FALSE,1
406130,108552,2009,105,28-03-2026,07-04-2026,Referral,105-34,Discharged,FALSE,10
406131,101919,2045,107,08-05-2025,11-05-2025,Elective,107-45,Discharged,FALSE,3
406132,105663,2021,108,04-08-2025,07-08-2025,Elective,108-10,Discharged,FALSE,3
406133,106402,2004,101,30-12-2025,03-01-2026,Elective,101-35,Discharged,FALSE,4
406134,109432,2009,105,27-04-2025,02-05-2025,Elective,105-03,Discharged,FALSE,5
406135,103778,2049,106,01-04-2026,06-04-2026,Emergency,106-27,Discharged,FALSE,5
406136,108325,2026,102,12-11-2025,18-11-2025,Emergency,102-50,Discharged,FALSE,6
406137,103543,2042,102,21-03-2026,31-03-2026,Emergency,102-50,Under Treatment,FALSE,10
406138,102418,2079,104,17-08-2025,26-08-2025,Elective,104-02,Discharged,FALSE,9
406139,105797,2011,108,21-08-2025,22-08-2025,Elective,108-36,Discharged,FALSE,1
406140,101381,2021,108,27-12-2025,31-12-2025,Elective,108-15,Discharged,FALSE,4
406141,105815,2015,103,10-02-2025,12-02-2025,Elective,103-21,Discharged,FALSE,2
406142,108220,2078,105,07-11-2025,20-11-2025,Elective,105-37,Discharged,FALSE,13
406143,101825,2039,108,06-04-2025,08-04-2025,Elective,108-05,Transferred,TRUE,2
406144,108487,2035,103,08-06-2025,10-06-2025,Elective,103-18,Under Treatment,FALSE,2
406145,109761,2068,101,18-08-2025,23-08-2025,Referral,101-12,Discharged,FALSE,5
406146,111779,2068,101,25-08-2025,05-09-2025,Elective,101-09,Discharged,FALSE,11
406147,103933,2065,104,19-08-2025,22-08-2025,Elective,104-10,Discharged,FALSE,3
406148,104902,2055,106,18-08-2025,24-08-2025,Emergency,106-09,Discharged,FALSE,6
406149,103090,2073,101,18-01-2025,22-01-2025,Elective,101-29,Discharged,FALSE,4
406150,105911,2057,101,14-04-2025,17-04-2025,Elective,101-21,Discharged,FALSE,3
406151,107159,2047,102,24-12-2025,27-12-2025,Emergency,102-10,Under Treatment,FALSE,3
406152,103098,2031,104,27-01-2025,02-02-2025,Elective,104-12,Transferred,FALSE,6
406153,102398,2034,102,12-05-2025,14-05-2025,Elective,102-16,Discharged,FALSE,2
406154,109340,2029,102,05-01-2026,07-01-2026,Elective,102-05,Discharged,FALSE,2
406155,107705,2012,106,26-10-2025,27-10-2025,Elective,106-23,Discharged,FALSE,1
406156,102393,2039,108,06-03-2025,09-03-2025,Elective,108-35,Discharged,TRUE,3
406157,103535,2075,104,26-04-2026,03-05-2026,Emergency,104-07,Discharged,FALSE,7
406158,109640,2078,105,07-05-2025,10-05-2025,Referral,105-01,Discharged,FALSE,3
406159,107319,2078,105,14-09-2025,25-09-2025,Emergency,105-35,Discharged,FALSE,11
406160,101413,2025,105,22-01-2026,27-01-2026,Elective,105-27,Transferred,FALSE,5
406161,111500,2050,101,22-10-2025,28-10-2025,Referral,101-40,Discharged,FALSE,6
406162,109057,2016,107,28-02-2026,05-03-2026,Elective,107-23,Under Treatment,FALSE,5
406163,104295,2079,104,12-01-2026,13-01-2026,Emergency,104-25,Discharged,FALSE,1
406164,109127,2073,101,17-12-2025,21-12-2025,Elective,101-38,Discharged,FALSE,4
406165,100859,2043,108,02-03-2026,08-03-2026,Elective,108-04,Discharged,FALSE,6
406166,103312,2048,101,14-06-2025,18-06-2025,Elective,101-39,Discharged,FALSE,4
406167,103135,2026,102,04-09-2025,09-09-2025,Elective,102-45,Discharged,FALSE,5
406168,109581,2009,105,01-12-2025,04-12-2025,Elective,105-20,Discharged,FALSE,3
406169,103053,2015,103,14-04-2025,15-04-2025,Elective,103-34,Discharged,TRUE,1
406170,104240,2078,105,13-09-2025,02-10-2025,Emergency,105-13,Discharged,FALSE,19
406171,101332,2030,105,03-04-2025,04-04-2025,Elective,105-42,Discharged,FALSE,1
406172,100800,2011,108,02-04-2025,06-04-2025,Elective,108-11,Discharged,FALSE,4
406173,105158,2072,107,16-05-2026,20-05-2026,Elective,107-11,Discharged,FALSE,4
406174,111698,2023,108,08-01-2026,10-01-2026,Emergency,108-42,Discharged,FALSE,2
406175,111165,2056,102,18-10-2025,20-10-2025,Elective,102-49,Discharged,FALSE,2
406176,102340,2056,102,20-08-2025,23-08-2025,Referral,102-07,Transferred,FALSE,3
406177,103906,2017,106,12-02-2026,16-02-2026,Elective,106-15,Discharged,FALSE,4
406178,107899,2019,101,23-01-2025,28-01-2025,Emergency,101-21,Discharged,FALSE,5
406179,111634,2007,106,10-04-2025,12-04-2025,Elective,106-15,Discharged,FALSE,2
406180,102838,2020,102,24-04-2026,25-04-2026,Elective,102-26,Discharged,FALSE,1
406181,104140,2035,103,09-05-2025,16-05-2025,Referral,103-25,Discharged,FALSE,7
406182,104492,2012,106,13-12-2025,15-12-2025,Elective,106-48,Discharged,FALSE,2
406183,111570,2025,105,20-02-2025,23-02-2025,Emergency,105-25,Discharged,FALSE,3
406184,108635,2067,107,10-12-2025,18-12-2025,Elective,107-41,Discharged,TRUE,8
406185,111087,2024,108,01-01-2025,12-01-2025,Referral,108-08,Discharged,FALSE,11
406186,104845,2002,107,28-03-2026,06-04-2026,Referral,107-28,Discharged,FALSE,9
406187,103914,2020,102,12-05-2026,16-05-2026,Referral,102-29,Discharged,FALSE,4
406188,107865,2028,107,24-02-2026,27-02-2026,Emergency,107-49,Discharged,FALSE,3
406189,107097,2052,104,09-08-2025,12-08-2025,Emergency,104-21,Discharged,TRUE,3
406190,100765,2072,107,20-02-2025,02-03-2025,Elective,107-14,Discharged,FALSE,10
406191,109918,2019,101,31-08-2025,03-09-2025,Emergency,101-04,Discharged,FALSE,3
406192,107707,2078,105,23-10-2025,27-10-2025,Elective,105-18,Discharged,FALSE,4
406193,111304,2042,102,17-09-2025,21-09-2025,Elective,102-07,Discharged,FALSE,4
406194,105268,2069,106,08-02-2025,15-02-2025,Elective,106-32,Discharged,FALSE,7
406195,105254,2002,107,30-08-2025,05-09-2025,Elective,107-15,Discharged,FALSE,6
406196,105869,2058,102,11-02-2026,13-02-2026,Elective,102-43,Transferred,FALSE,2
406197,109186,2070,106,16-02-2026,19-02-2026,Referral,106-13,Discharged,FALSE,3
406198,106940,2019,101,27-04-2026,02-05-2026,Elective,101-32,Discharged,TRUE,5
406199,105896,2068,101,22-11-2025,24-11-2025,Elective,101-14,Discharged,FALSE,2
406200,100587,2054,102,23-01-2026,26-01-2026,Referral,102-01,Under Treatment,FALSE,3
406201,111593,2007,106,18-12-2025,20-12-2025,Elective,106-19,Transferred,FALSE,2
406202,111716,2022,101,02-07-2025,04-07-2025,Elective,101-32,Discharged,FALSE,2
406203,104729,2075,104,16-05-2026,21-05-2026,Emergency,104-11,Discharged,FALSE,5
406204,100525,2044,106,24-04-2025,28-04-2025,Elective,106-34,Discharged,FALSE,4
406205,102764,2044,106,22-09-2025,05-10-2025,Elective,106-12,Transferred,FALSE,13
406206,105413,2039,108,15-09-2025,19-09-2025,Elective,108-48,Discharged,FALSE,4
406207,101526,2010,104,20-06-2026,22-06-2026,Elective,104-17,Discharged,FALSE,2
406208,102805,2010,104,01-05-2026,04-05-2026,Emergency,104-47,Discharged,FALSE,3
406209,105376,2075,104,03-10-2025,12-10-2025,Elective,104-15,Discharged,FALSE,9
406210,104138,2067,107,07-11-2025,08-11-2025,Elective,107-15,Discharged,FALSE,1
406211,109634,2016,107,04-03-2025,08-03-2025,Emergency,107-50,Transferred,FALSE,4
406212,110400,2022,101,04-05-2026,06-05-2026,Emergency,101-09,Discharged,FALSE,2
406213,100100,2029,102,09-06-2025,12-06-2025,Emergency,102-09,Discharged,FALSE,3
406214,102000,2063,108,25-01-2026,26-01-2026,Elective,108-27,Discharged,FALSE,1
406215,111457,2079,104,10-05-2025,20-05-2025,Emergency,104-15,Discharged,FALSE,10
406216,101865,2048,101,27-05-2026,29-05-2026,Elective,101-32,Discharged,FALSE,2
406217,109415,2066,102,10-02-2025,11-02-2025,Elective,102-25,Discharged,FALSE,1
406218,105275,2064,108,07-04-2026,12-04-2026,Referral,108-22,Discharged,FALSE,5
406219,104249,2041,105,28-05-2025,05-06-2025,Emergency,105-25,Discharged,FALSE,8
406220,103632,2068,101,28-02-2026,07-03-2026,Elective,101-36,Discharged,FALSE,7
406221,101303,2076,104,15-08-2025,16-08-2025,Emergency,104-47,Discharged,FALSE,1
406222,103804,2028,107,05-07-2025,07-07-2025,Referral,107-46,Discharged,FALSE,2
406223,101168,2056,102,22-02-2026,25-02-2026,Emergency,102-24,Discharged,FALSE,3
406224,106568,2001,102,27-09-2025,01-10-2025,Elective,102-30,Transferred,FALSE,4
406225,102072,2044,106,06-06-2026,09-06-2026,Referral,106-01,Discharged,TRUE,3
406226,102548,2071,103,02-05-2025,05-05-2025,Emergency,103-35,Discharged,FALSE,3
406227,100988,2022,101,13-02-2026,15-02-2026,Elective,101-24,Discharged,FALSE,2
406228,102277,2059,104,27-04-2025,28-04-2025,Referral,104-17,Discharged,FALSE,1
406229,104108,2058,102,16-10-2025,18-10-2025,Elective,102-44,Discharged,FALSE,2
406230,105793,2053,105,06-02-2025,18-02-2025,Emergency,105-17,Discharged,FALSE,12
406231,107382,2047,102,07-03-2026,10-03-2026,Elective,102-05,Discharged,FALSE,3
406232,111060,2068,101,01-12-2025,08-12-2025,Elective,101-12,Discharged,FALSE,7
406233,110365,2014,105,08-06-2026,09-06-2026,Emergency,105-37,Under Treatment,FALSE,1
406234,106759,2075,104,30-06-2025,01-07-2025,Referral,104-22,Discharged,FALSE,1
406235,106828,2029,102,05-06-2025,06-06-2025,Emergency,102-33,Discharged,FALSE,1
406236,102850,2073,101,12-05-2026,13-05-2026,Emergency,101-31,Discharged,FALSE,1
406237,105028,2071,103,03-03-2025,16-03-2025,Elective,103-01,Discharged,FALSE,13
406238,103923,2035,103,19-10-2025,24-10-2025,Emergency,103-37,Discharged,FALSE,5
406239,101066,2076,104,31-01-2025,02-02-2025,Elective,104-02,Discharged,FALSE,2
406240,108644,2068,101,15-12-2025,16-12-2025,Elective,101-06,Discharged,FALSE,1
406241,106948,2073,101,05-12-2025,14-12-2025,Emergency,101-08,Discharged,FALSE,9
406242,101683,2027,101,02-06-2025,07-06-2025,Elective,101-44,Discharged,FALSE,5
406243,104923,2025,105,23-05-2025,25-05-2025,Elective,105-14,Discharged,TRUE,2
406244,102964,2044,106,14-06-2026,16-06-2026,Emergency,106-30,Under Treatment,FALSE,2
406245,105927,2037,105,06-04-2026,08-04-2026,Emergency,105-03,Discharged,FALSE,2
406246,110786,2007,106,11-04-2025,14-04-2025,Emergency,106-09,Discharged,FALSE,3
406247,110810,2048,101,13-02-2026,19-02-2026,Elective,101-18,Discharged,FALSE,6
406248,108493,2036,102,22-02-2025,27-02-2025,Elective,102-12,Discharged,FALSE,5
406249,101572,2025,105,15-06-2026,16-06-2026,Referral,105-36,Discharged,FALSE,1
406250,109239,2026,102,06-07-2025,10-07-2025,Elective,102-03,Discharged,FALSE,4
406251,107702,2076,104,10-01-2025,15-01-2025,Elective,104-24,Discharged,FALSE,5
406252,103570,2059,104,19-03-2025,22-03-2025,Elective,104-01,Discharged,FALSE,3
406253,101438,2027,101,25-02-2025,27-02-2025,Elective,101-04,Discharged,FALSE,2
406254,108288,2076,104,07-09-2025,14-09-2025,Referral,104-45,Discharged,FALSE,7
406255,111081,2058,102,07-02-2026,10-02-2026,Referral,102-39,Discharged,FALSE,3
406256,104898,2053,105,27-12-2025,01-01-2026,Emergency,105-28,Discharged,TRUE,5
406257,104303,2028,107,15-06-2025,18-06-2025,Emergency,107-38,Discharged,FALSE,3
406258,109143,2049,106,26-05-2026,01-06-2026,Emergency,106-19,Discharged,FALSE,6
406259,104108,2078,105,24-01-2025,29-01-2025,Elective,105-05,Discharged,FALSE,5
406260,106575,2012,106,18-09-2025,20-09-2025,Elective,106-27,Discharged,FALSE,2
406261,107299,2031,104,09-07-2025,11-07-2025,Elective,104-31,Under Treatment,FALSE,2
406262,111193,2020,102,26-12-2025,31-12-2025,Elective,102-50,Discharged,FALSE,5
406263,107819,2043,108,26-02-2026,01-03-2026,Elective,108-24,Discharged,TRUE,3
406264,104951,2076,104,23-08-2025,27-08-2025,Elective,104-23,Under Treatment,FALSE,4
406265,110358,2058,102,28-05-2025,08-06-2025,Elective,102-29,Discharged,FALSE,11
406266,107081,2043,108,30-09-2025,05-10-2025,Referral,108-03,Discharged,FALSE,5
406267,110999,2028,107,24-05-2026,30-05-2026,Referral,107-07,Discharged,FALSE,6
406268,111562,2055,106,13-12-2025,14-12-2025,Elective,106-40,Discharged,FALSE,1
406269,100381,2025,105,03-09-2025,04-09-2025,Referral,105-01,Discharged,FALSE,1
406270,106735,2077,106,23-06-2025,25-06-2025,Referral,106-33,Discharged,FALSE,2
406271,106001,2036,102,03-04-2026,07-04-2026,Elective,102-30,Discharged,FALSE,4
406272,111960,2051,108,05-10-2025,08-10-2025,Elective,108-21,Discharged,FALSE,3
406273,105563,2045,107,06-10-2025,08-10-2025,Elective,107-45,Discharged,FALSE,2
406274,109505,2054,102,22-05-2025,29-05-2025,Elective,102-23,Discharged,FALSE,7
406275,111792,2078,105,18-12-2025,19-12-2025,Emergency,105-31,Discharged,FALSE,1
406276,103420,2050,101,23-06-2025,28-06-2025,Referral,101-28,Transferred,FALSE,5
406277,100007,2070,106,01-10-2025,03-10-2025,Elective,106-22,Discharged,FALSE,2
406278,101849,2017,106,29-04-2026,30-04-2026,Elective,106-17,Transferred,FALSE,1
406279,103805,2073,101,30-03-2025,31-03-2025,Referral,101-39,Discharged,TRUE,1
406280,109487,2042,102,02-07-2025,05-07-2025,Referral,102-40,Discharged,FALSE,3
406281,104382,2014,105,12-01-2025,14-01-2025,Elective,105-41,Discharged,FALSE,2
406282,106431,2010,104,20-06-2025,21-06-2025,Emergency,104-05,Discharged,FALSE,1
406283,106595,2008,105,25-07-2025,29-07-2025,Elective,105-16,Discharged,FALSE,4
406284,108154,2048,101,13-06-2025,18-06-2025,Emergency,101-20,Discharged,FALSE,5
406285,108755,2025,105,27-10-2025,31-10-2025,Elective,105-31,Discharged,FALSE,4
406286,111148,2073,101,20-06-2025,21-06-2025,Elective,101-04,Discharged,FALSE,1
406287,106367,2079,104,29-05-2025,03-06-2025,Elective,104-18,Discharged,FALSE,5
406288,110238,2004,101,28-05-2025,31-05-2025,Elective,101-47,Transferred,FALSE,3
406289,105884,2079,104,08-05-2026,11-05-2026,Referral,104-09,Discharged,FALSE,3
406290,103784,2003,103,27-02-2026,08-03-2026,Elective,103-40,Discharged,TRUE,9
406291,106635,2066,102,19-10-2025,22-10-2025,Elective,102-08,Discharged,FALSE,3
406292,105053,2051,108,10-09-2025,13-09-2025,Referral,108-28,Discharged,FALSE,3
406293,102801,2021,108,07-06-2025,09-06-2025,Referral,108-31,Discharged,FALSE,2
406294,110140,2028,107,12-07-2025,19-07-2025,Referral,107-30,Discharged,FALSE,7
406295,111835,2003,103,12-01-2025,19-01-2025,Elective,103-37,Discharged,FALSE,7
406296,102009,2040,106,08-06-2026,10-06-2026,Elective,106-30,Discharged,FALSE,2
406297,105758,2002,107,25-01-2025,05-02-2025,Emergency,107-46,Discharged,FALSE,11
406298,101352,2041,105,22-02-2026,23-02-2026,Emergency,105-09,Discharged,FALSE,1
406299,108282,2056,102,21-02-2026,24-02-2026,Elective,102-47,Transferred,FALSE,3
406300,106858,2063,108,06-07-2025,09-07-2025,Elective,108-50,Discharged,FALSE,3
406301,102037,2079,104,23-09-2025,30-09-2025,Elective,104-26,Discharged,FALSE,7
406302,101885,2028,107,08-02-2026,15-02-2026,Elective,107-04,Discharged,FALSE,7
406303,103826,2080,107,19-10-2025,25-10-2025,Elective,107-22,Discharged,FALSE,6
406304,110757,2025,105,17-10-2025,21-10-2025,Elective,105-24,Discharged,FALSE,4
406305,102125,2064,108,24-10-2025,01-11-2025,Elective,108-35,Discharged,FALSE,8
406306,108724,2015,103,28-08-2025,02-09-2025,Elective,103-38,Discharged,FALSE,5
406307,110263,2063,108,23-10-2025,25-10-2025,Elective,108-04,Discharged,FALSE,2
406308,109357,2073,101,04-06-2025,08-06-2025,Emergency,101-41,Discharged,FALSE,4
406309,109758,2026,102,13-05-2025,17-05-2025,Emergency,102-28,Discharged,FALSE,4
406310,100231,2058,102,17-03-2025,18-03-2025,Emergency,102-48,Discharged,FALSE,1
406311,102692,2002,107,06-02-2025,08-02-2025,Elective,107-16,Transferred,FALSE,2
406312,104961,2079,104,10-04-2025,16-04-2025,Emergency,104-10,Discharged,FALSE,6
406313,103849,2041,105,22-05-2026,27-05-2026,Emergency,105-35,Discharged,FALSE,5
406314,104590,2032,101,03-03-2025,19-03-2025,Elective,101-01,Discharged,FALSE,16
406315,101745,2051,108,29-12-2025,31-12-2025,Elective,108-26,Under Treatment,FALSE,2
406316,104505,2072,107,10-09-2025,13-09-2025,Referral,107-19,Discharged,FALSE,3
406317,107930,2056,102,13-06-2025,19-06-2025,Elective,102-17,Discharged,FALSE,6
406318,107131,2069,106,11-08-2025,15-08-2025,Elective,106-35,Discharged,FALSE,4
406319,101074,2022,101,08-07-2025,18-07-2025,Elective,101-17,Discharged,FALSE,10
406320,104417,2046,107,03-03-2026,05-03-2026,Referral,107-21,Discharged,FALSE,2
406321,104545,2016,107,16-06-2026,21-06-2026,Elective,107-05,Discharged,FALSE,5
406322,109359,2071,103,11-06-2025,15-06-2025,Referral,103-19,Discharged,FALSE,4
406323,101932,2078,105,20-02-2025,21-02-2025,Elective,105-12,Discharged,FALSE,1
406324,100958,2050,101,02-09-2025,03-09-2025,Emergency,101-10,Discharged,FALSE,1
406325,101376,2025,105,19-04-2025,24-04-2025,Emergency,105-35,Discharged,FALSE,5
406326,103719,2063,108,19-01-2026,21-01-2026,Emergency,108-45,Discharged,FALSE,2
406327,100822,2052,104,22-03-2025,24-03-2025,Elective,104-30,Discharged,FALSE,2
406328,106980,2041,105,27-08-2025,04-09-2025,Elective,105-45,Transferred,FALSE,8
406329,111359,2038,108,04-10-2025,06-10-2025,Emergency,108-12,Discharged,FALSE,2
406330,107206,2047,102,03-01-2025,04-01-2025,Emergency,102-15,Discharged,FALSE,1
406331,104860,2032,101,26-02-2026,27-02-2026,Elective,101-23,Discharged,FALSE,1
406332,100185,2054,102,29-04-2025,02-05-2025,Elective,102-17,Discharged,FALSE,3
406333,111452,2004,101,27-09-2025,03-10-2025,Elective,101-31,Discharged,FALSE,6
406334,110066,2036,102,03-05-2026,08-05-2026,Emergency,102-10,Transferred,FALSE,5
406335,102549,2016,107,08-02-2025,12-02-2025,Elective,107-19,Transferred,FALSE,4
406336,108293,2065,104,20-06-2025,22-06-2025,Referral,104-48,Discharged,FALSE,2
406337,111361,2066,102,26-04-2026,28-04-2026,Referral,102-24,Discharged,FALSE,2
406338,104164,2020,102,12-08-2025,14-08-2025,Emergency,102-29,Discharged,FALSE,2
406339,102715,2011,108,18-06-2025,21-06-2025,Referral,108-41,Discharged,FALSE,3
406340,108610,2057,101,11-08-2025,12-08-2025,Elective,101-30,Discharged,FALSE,1
406341,109603,2004,101,23-02-2026,27-02-2026,Emergency,101-47,Discharged,FALSE,4
406342,105104,2058,102,31-07-2025,05-08-2025,Referral,102-26,Discharged,TRUE,5
406343,104399,2037,105,10-08-2025,11-08-2025,Elective,105-38,Discharged,TRUE,1
406344,110750,2054,102,11-07-2025,18-07-2025,Emergency,102-41,Discharged,FALSE,7
406345,104920,2011,108,11-06-2025,17-06-2025,Emergency,108-26,Discharged,FALSE,6
406346,105144,2026,102,14-06-2026,18-06-2026,Emergency,102-31,Discharged,FALSE,4
406347,104052,2079,104,09-07-2025,12-07-2025,Emergency,104-31,Discharged,TRUE,3
406348,107636,2018,104,23-02-2025,25-02-2025,Emergency,104-14,Discharged,FALSE,2
406349,104714,2068,101,15-08-2025,16-08-2025,Elective,101-19,Transferred,FALSE,1
406350,107147,2061,104,10-01-2025,15-01-2025,Elective,104-46,Transferred,FALSE,5
406351,102676,2034,102,27-07-2025,28-07-2025,Elective,102-30,Discharged,FALSE,1
406352,105276,2038,108,19-02-2025,01-03-2025,Referral,108-50,Discharged,FALSE,10
406353,107514,2071,103,15-04-2025,18-04-2025,Elective,103-11,Discharged,FALSE,3
406354,105353,2058,102,14-01-2025,18-01-2025,Elective,102-32,Discharged,FALSE,4
406355,106193,2037,105,10-06-2025,15-06-2025,Referral,105-03,Discharged,FALSE,5
406356,110449,2002,107,11-06-2025,12-06-2025,Emergency,107-02,Under Treatment,FALSE,1
406357,110146,2001,102,16-04-2025,17-04-2025,Emergency,102-09,Discharged,FALSE,1
406358,108984,2046,107,10-10-2025,12-10-2025,Elective,107-23,Discharged,FALSE,2
406359,107013,2073,101,16-05-2026,22-05-2026,Elective,101-14,Transferred,FALSE,6
406360,108162,2039,108,06-05-2026,11-05-2026,Elective,108-31,Discharged,FALSE,5
406361,106568,2075,104,23-04-2025,28-04-2025,Referral,104-16,Discharged,FALSE,5
406362,110918,2051,108,15-01-2026,20-01-2026,Emergency,108-21,Discharged,FALSE,5
406363,106144,2039,108,24-02-2026,28-02-2026,Referral,108-14,Discharged,FALSE,4
406364,100883,2002,107,22-02-2026,27-02-2026,Elective,107-46,Discharged,FALSE,5
406365,109638,2030,105,08-05-2025,13-05-2025,Referral,105-29,Discharged,FALSE,5
406366,101845,2023,108,31-05-2026,01-06-2026,Emergency,108-04,Discharged,FALSE,1
406367,105709,2066,102,15-11-2025,21-11-2025,Referral,102-23,Discharged,FALSE,6
406368,110162,2030,105,01-12-2025,02-12-2025,Elective,105-41,Under Treatment,FALSE,1
406369,105529,2063,108,23-12-2025,27-12-2025,Elective,108-28,Transferred,FALSE,4
406370,102179,2055,106,29-05-2025,10-06-2025,Elective,106-17,Discharged,FALSE,12
406371,100086,2064,108,01-12-2025,02-12-2025,Referral,108-17,Discharged,FALSE,1
406372,107430,2015,103,12-02-2025,16-02-2025,Elective,103-35,Under Treatment,TRUE,4
406373,103395,2072,107,09-12-2025,11-12-2025,Referral,107-39,Discharged,FALSE,2
406374,106293,2029,102,22-02-2026,24-02-2026,Emergency,102-24,Discharged,FALSE,2
406375,100277,2034,102,29-01-2026,04-02-2026,Elective,102-08,Discharged,FALSE,6
406376,106640,2036,102,02-11-2025,06-11-2025,Referral,102-14,Discharged,FALSE,4
406377,108627,2077,106,31-07-2025,02-08-2025,Referral,106-49,Discharged,FALSE,2
406378,111887,2011,108,11-07-2025,12-07-2025,Elective,108-39,Discharged,TRUE,1
406379,101330,2013,105,25-06-2025,04-07-2025,Elective,105-46,Discharged,FALSE,9
406380,103518,2008,105,18-05-2025,19-05-2025,Elective,105-43,Discharged,FALSE,1
406381,109476,2074,108,29-05-2025,02-06-2025,Elective,108-07,Transferred,FALSE,4
406382,102817,2019,101,14-08-2025,19-08-2025,Referral,101-43,Discharged,FALSE,5
406383,104044,2036,102,14-03-2026,16-03-2026,Elective,102-37,Discharged,FALSE,2
406384,105497,2023,108,05-01-2025,08-01-2025,Emergency,108-20,Discharged,FALSE,3
406385,107633,2068,101,23-08-2025,27-08-2025,Elective,101-19,Discharged,FALSE,4
406386,107088,2057,101,26-02-2026,03-03-2026,Emergency,101-36,Discharged,FALSE,5
406387,109136,2060,103,30-04-2026,01-05-2026,Emergency,103-41,Discharged,TRUE,1
406388,111985,2031,104,27-02-2025,02-03-2025,Referral,104-11,Discharged,FALSE,3
406389,104898,2033,105,01-04-2026,11-04-2026,Referral,105-21,Transferred,FALSE,10
406390,104471,2027,101,27-05-2025,28-05-2025,Elective,101-48,Discharged,FALSE,1
406391,107740,2038,108,10-01-2026,12-01-2026,Emergency,108-44,Discharged,FALSE,2
406392,100389,2034,102,30-10-2025,01-11-2025,Referral,102-47,Discharged,FALSE,2
406393,110299,2008,105,06-02-2025,09-02-2025,Emergency,105-16,Discharged,FALSE,3
406394,107570,2052,104,01-03-2025,08-03-2025,Elective,104-39,Discharged,FALSE,7
406395,105504,2032,101,07-03-2026,10-03-2026,Elective,101-15,Discharged,FALSE,3
406396,104293,2020,102,20-04-2026,23-04-2026,Elective,102-06,Discharged,FALSE,3
406397,108969,2019,101,08-01-2025,09-01-2025,Emergency,101-02,Discharged,FALSE,1
406398,101646,2043,108,13-02-2026,18-02-2026,Elective,108-47,Discharged,FALSE,5
406399,105318,2005,106,02-06-2025,04-06-2025,Elective,106-34,Discharged,FALSE,2
406400,111909,2015,103,17-01-2026,20-01-2026,Elective,103-30,Transferred,FALSE,3
406401,102011,2043,108,12-05-2026,28-05-2026,Emergency,108-05,Discharged,FALSE,16
406402,102251,2068,101,07-06-2025,08-06-2025,Emergency,101-42,Discharged,FALSE,1
406403,103897,2071,103,02-06-2026,07-06-2026,Emergency,103-19,Discharged,FALSE,5
406404,109470,2036,102,26-05-2026,29-05-2026,Referral,102-06,Discharged,FALSE,3
406405,106507,2080,107,27-09-2025,04-10-2025,Emergency,107-33,Discharged,FALSE,7
406406,100916,2056,102,14-02-2026,20-02-2026,Emergency,102-22,Discharged,FALSE,6
406407,110560,2077,106,31-08-2025,01-09-2025,Emergency,106-01,Discharged,FALSE,1
406408,102801,2075,104,11-02-2026,20-02-2026,Referral,104-30,Discharged,FALSE,9
406409,105634,2034,102,09-05-2025,10-05-2025,Emergency,102-32,Discharged,FALSE,1
406410,107203,2038,108,26-01-2025,27-01-2025,Elective,108-25,Discharged,FALSE,1
406411,111341,2011,108,29-04-2025,01-05-2025,Elective,108-29,Under Treatment,FALSE,2
406412,109848,2004,101,12-10-2025,13-10-2025,Elective,101-49,Discharged,FALSE,1
406413,111242,2061,104,19-05-2025,23-05-2025,Elective,104-39,Discharged,FALSE,4
406414,102046,2051,108,15-06-2025,24-06-2025,Elective,108-49,Discharged,FALSE,9
406415,109775,2075,104,18-05-2026,22-05-2026,Elective,104-30,Discharged,FALSE,4
406416,101621,2015,103,12-04-2025,21-04-2025,Elective,103-25,Discharged,FALSE,9
406417,109370,2076,104,25-03-2026,01-04-2026,Elective,104-37,Discharged,FALSE,7
406418,106402,2026,102,17-03-2025,19-03-2025,Elective,102-20,Discharged,FALSE,2
406419,100153,2077,106,17-02-2026,21-02-2026,Elective,106-34,Discharged,TRUE,4
406420,109621,2076,104,09-06-2025,11-06-2025,Emergency,104-08,Discharged,TRUE,2
406421,102897,2014,105,05-03-2025,12-03-2025,Referral,105-46,Discharged,FALSE,7
406422,111139,2017,106,21-02-2025,23-02-2025,Elective,106-32,Discharged,FALSE,2
406423,100744,2002,107,25-01-2026,28-01-2026,Emergency,107-49,Discharged,FALSE,3
406424,104128,2072,107,25-11-2025,27-11-2025,Elective,107-41,Discharged,FALSE,2
406425,101326,2045,107,21-07-2025,26-07-2025,Elective,107-18,Discharged,FALSE,5
406426,111423,2009,105,12-03-2026,17-03-2026,Elective,105-33,Under Treatment,FALSE,5
406427,106918,2029,102,26-11-2025,28-11-2025,Emergency,102-45,Discharged,FALSE,2
406428,107330,2001,102,22-05-2025,23-05-2025,Emergency,102-40,Discharged,FALSE,1
406429,103283,2005,106,05-03-2025,08-03-2025,Elective,106-27,Discharged,FALSE,3
406430,109365,2073,101,20-10-2025,23-10-2025,Elective,101-12,Transferred,TRUE,3
406431,100876,2059,104,04-06-2026,06-06-2026,Elective,104-15,Discharged,FALSE,2
406432,103768,2080,107,23-06-2025,25-06-2025,Elective,107-10,Discharged,FALSE,2
406433,106881,2020,102,02-03-2026,06-03-2026,Elective,102-35,Discharged,FALSE,4
406434,102590,2031,104,08-02-2026,09-02-2026,Elective,104-33,Discharged,FALSE,1
406435,106654,2011,108,18-04-2025,21-04-2025,Elective,108-22,Transferred,TRUE,3
406436,110054,2034,102,15-04-2026,17-04-2026,Emergency,102-09,Under Treatment,TRUE,2
406437,110137,2004,101,12-10-2025,13-10-2025,Elective,101-25,Discharged,FALSE,1
406438,101610,2050,101,18-03-2026,20-03-2026,Elective,101-46,Discharged,FALSE,2
406439,106993,2032,101,03-10-2025,05-10-2025,Emergency,101-04,Discharged,FALSE,2
406440,104264,2010,104,28-01-2025,01-02-2025,Elective,104-04,Transferred,FALSE,4
406441,105608,2007,106,12-05-2026,16-05-2026,Referral,106-29,Discharged,FALSE,4
406442,100519,2011,108,22-10-2025,25-10-2025,Elective,108-18,Discharged,FALSE,3
406443,110158,2025,105,17-04-2025,30-04-2025,Elective,105-34,Discharged,FALSE,13
406444,104681,2051,108,08-06-2026,16-06-2026,Elective,108-09,Discharged,FALSE,8
406445,111885,2068,101,26-06-2025,03-07-2025,Elective,101-12,Discharged,FALSE,7
406446,103641,2068,101,12-02-2025,14-02-2025,Elective,101-21,Discharged,FALSE,2
406447,109164,2032,101,30-03-2026,31-03-2026,Elective,101-01,Discharged,FALSE,1
406448,109546,2009,105,16-03-2025,21-03-2025,Elective,105-03,Under Treatment,FALSE,5
406449,103294,2034,102,15-12-2025,19-12-2025,Elective,102-39,Discharged,FALSE,4
406450,109999,2055,106,11-05-2026,17-05-2026,Referral,106-09,Discharged,FALSE,6
406451,111455,2024,108,16-05-2025,18-05-2025,Emergency,108-42,Discharged,FALSE,2
406452,109693,2047,102,21-02-2026,23-02-2026,Elective,102-39,Discharged,FALSE,2
406453,111824,2016,107,09-03-2025,12-03-2025,Referral,107-33,Discharged,FALSE,3
406454,100454,2054,102,22-02-2026,23-02-2026,Elective,102-42,Discharged,FALSE,1
406455,100108,2073,101,01-04-2025,05-04-2025,Elective,101-49,Discharged,FALSE,4
406456,106585,2032,101,06-04-2025,12-04-2025,Elective,101-23,Discharged,FALSE,6
406457,103663,2060,103,28-08-2025,31-08-2025,Emergency,103-35,Discharged,FALSE,3
406458,106819,2018,104,28-03-2026,07-04-2026,Emergency,104-01,Discharged,FALSE,10
406459,107734,2001,102,14-01-2026,18-01-2026,Elective,102-24,Discharged,FALSE,4
406460,104806,2018,104,20-01-2025,22-01-2025,Elective,104-44,Transferred,FALSE,2
406461,102455,2057,101,23-03-2025,28-03-2025,Emergency,101-03,Discharged,FALSE,5
406462,107449,2007,106,01-12-2025,04-12-2025,Emergency,106-48,Discharged,FALSE,3
406463,102000,2064,108,16-03-2026,17-03-2026,Referral,108-21,Discharged,FALSE,1
406464,111465,2028,107,21-11-2025,26-11-2025,Elective,107-33,Discharged,FALSE,5
406465,103921,2040,106,12-05-2026,13-05-2026,Elective,106-16,Discharged,TRUE,1
406466,103168,2067,107,24-07-2025,25-07-2025,Elective,107-39,Discharged,FALSE,1
406467,106676,2033,105,07-04-2026,20-04-2026,Elective,105-14,Discharged,FALSE,13
406468,104703,2025,105,25-05-2025,28-05-2025,Elective,105-17,Discharged,FALSE,3
406469,110057,2067,107,26-09-2025,02-10-2025,Elective,107-24,Discharged,TRUE,6
406470,102265,2042,102,30-07-2025,03-08-2025,Elective,102-03,Discharged,FALSE,4
406471,101611,2014,105,26-05-2025,02-06-2025,Emergency,105-04,Discharged,FALSE,7
406472,104681,2063,108,18-08-2025,20-08-2025,Elective,108-39,Discharged,FALSE,2
406473,100665,2033,105,29-05-2026,31-05-2026,Elective,105-42,Transferred,FALSE,2
406474,106970,2037,105,09-05-2025,12-05-2025,Elective,105-47,Discharged,TRUE,3
406475,105581,2021,108,15-11-2025,21-11-2025,Elective,108-20,Discharged,FALSE,6
406476,103392,2040,106,14-01-2025,19-01-2025,Emergency,106-44,Discharged,FALSE,5
406477,109263,2009,105,24-07-2025,27-07-2025,Elective,105-27,Discharged,TRUE,3
406478,102921,2009,105,23-05-2025,28-05-2025,Elective,105-31,Discharged,FALSE,5
406479,110672,2065,104,27-02-2025,07-03-2025,Elective,104-18,Discharged,FALSE,8
406480,108139,2010,104,17-11-2025,21-11-2025,Elective,104-27,Discharged,FALSE,4
406481,102988,2020,102,17-02-2026,02-03-2026,Elective,102-46,Discharged,FALSE,13
406482,110619,2025,105,12-05-2025,14-05-2025,Elective,105-39,Discharged,FALSE,2
406483,110689,2037,105,19-03-2026,21-03-2026,Emergency,105-35,Transferred,TRUE,2
406484,110512,2072,107,20-02-2025,04-03-2025,Elective,107-50,Discharged,FALSE,12
406485,109159,2049,106,18-06-2026,20-06-2026,Elective,106-42,Discharged,FALSE,2
406486,108740,2025,105,10-02-2026,14-02-2026,Elective,105-33,Discharged,TRUE,4
406487,100506,2058,102,10-10-2025,15-10-2025,Emergency,102-23,Discharged,FALSE,5
406488,106119,2049,106,30-01-2025,07-02-2025,Elective,106-17,Discharged,FALSE,8
406489,110060,2048,101,13-05-2025,19-05-2025,Elective,101-49,Discharged,FALSE,6
406490,101530,2053,105,19-10-2025,25-10-2025,Elective,105-33,Discharged,FALSE,6
406491,106735,2027,101,10-01-2025,12-01-2025,Emergency,101-29,Discharged,FALSE,2
406492,106992,2036,102,21-01-2026,22-01-2026,Elective,102-47,Discharged,FALSE,1
406493,105688,2005,106,24-03-2025,27-03-2025,Referral,106-16,Discharged,FALSE,3
406494,103002,2007,106,03-06-2025,04-06-2025,Elective,106-35,Discharged,FALSE,1
406495,109892,2080,107,20-05-2025,24-05-2025,Emergency,107-39,Discharged,FALSE,4
406496,104023,2072,107,11-03-2026,12-03-2026,Elective,107-16,Discharged,FALSE,1
406497,101054,2014,105,15-03-2025,17-03-2025,Elective,105-48,Transferred,FALSE,2
406498,106726,2068,101,24-05-2026,29-05-2026,Emergency,101-37,Discharged,FALSE,5
406499,102662,2009,105,26-04-2025,27-04-2025,Elective,105-06,Discharged,FALSE,1
406500,103255,2001,102,04-04-2025,05-04-2025,Elective,102-03,Discharged,TRUE,1
406501,104762,2051,108,30-03-2026,05-04-2026,Emergency,108-06,Discharged,FALSE,6
406502,102256,2007,106,06-05-2026,10-05-2026,Elective,106-48,Transferred,TRUE,4
406503,108949,2043,108,17-06-2026,19-06-2026,Emergency,108-15,Discharged,FALSE,2
406504,105073,2044,106,19-04-2026,22-04-2026,Emergency,106-12,Discharged,FALSE,3
406505,105198,2069,106,04-08-2025,06-08-2025,Elective,106-09,Discharged,FALSE,2
406506,103361,2078,105,22-02-2025,26-02-2025,Elective,105-26,Transferred,FALSE,4
406507,102054,2005,106,28-02-2025,03-03-2025,Referral,106-04,Under Treatment,FALSE,3
406508,107025,2060,103,14-03-2026,17-03-2026,Elective,103-07,Discharged,FALSE,3
406509,103105,2017,106,01-03-2026,05-03-2026,Elective,106-12,Under Treatment,FALSE,4
406510,105809,2008,105,25-03-2025,28-03-2025,Referral,105-22,Discharged,TRUE,3
406511,108720,2030,105,19-06-2026,23-06-2026,Emergency,105-01,Discharged,FALSE,4
406512,103317,2062,101,06-10-2025,08-10-2025,Elective,101-16,Discharged,FALSE,2
406513,103536,2015,103,05-06-2025,06-06-2025,Elective,103-20,Discharged,FALSE,1
406514,106544,2017,106,13-04-2025,14-04-2025,Elective,106-06,Under Treatment,FALSE,1
406515,109661,2001,102,15-05-2026,17-05-2026,Emergency,102-20,Discharged,FALSE,2
406516,107739,2068,101,14-06-2026,16-06-2026,Elective,101-14,Discharged,FALSE,2
406517,105320,2066,102,05-12-2025,07-12-2025,Elective,102-39,Discharged,FALSE,2
406518,101600,2017,106,16-03-2026,21-03-2026,Emergency,106-40,Transferred,FALSE,5
406519,109453,2021,108,03-10-2025,07-10-2025,Elective,108-03,Discharged,FALSE,4
406520,101484,2049,106,14-07-2025,19-07-2025,Elective,106-01,Discharged,FALSE,5
406521,102016,2048,101,12-10-2025,13-10-2025,Elective,101-25,Discharged,FALSE,1
406522,106065,2011,108,18-03-2025,19-03-2025,Elective,108-45,Discharged,TRUE,1
406523,103387,2007,106,01-04-2025,02-04-2025,Elective,106-12,Discharged,FALSE,1
406524,109358,2027,101,16-10-2025,21-10-2025,Elective,101-31,Discharged,FALSE,5
406525,111549,2063,108,30-09-2025,01-10-2025,Elective,108-17,Discharged,FALSE,1
406526,105715,2033,105,12-04-2025,16-04-2025,Referral,105-17,Discharged,FALSE,4
406527,106530,2055,106,24-07-2025,06-08-2025,Elective,106-30,Transferred,FALSE,13
406528,105656,2006,106,13-01-2026,21-01-2026,Elective,106-46,Discharged,FALSE,8
406529,107223,2009,105,03-06-2026,06-06-2026,Emergency,105-02,Discharged,FALSE,3
406530,110088,2073,101,28-10-2025,10-11-2025,Elective,101-39,Discharged,FALSE,13
406531,104232,2004,101,23-07-2025,27-07-2025,Elective,101-13,Discharged,FALSE,4
406532,110359,2026,102,17-03-2025,21-03-2025,Elective,102-25,Discharged,FALSE,4
406533,110184,2035,103,05-02-2025,08-02-2025,Elective,103-05,Discharged,FALSE,3
406534,105514,2077,106,01-01-2025,08-01-2025,Elective,106-45,Discharged,FALSE,7
406535,105692,2065,104,11-10-2025,13-10-2025,Elective,104-37,Discharged,FALSE,2
406536,103843,2025,105,25-08-2025,27-08-2025,Elective,105-27,Discharged,FALSE,2
406537,100770,2022,101,12-06-2026,19-06-2026,Elective,101-20,Discharged,FALSE,7
406538,102661,2030,105,30-03-2025,04-04-2025,Elective,105-04,Discharged,FALSE,5
406539,111023,2049,106,12-01-2026,14-01-2026,Elective,106-29,Discharged,FALSE,2
406540,108781,2027,101,23-06-2025,29-06-2025,Emergency,101-38,Discharged,FALSE,6
406541,108090,2048,101,21-08-2025,28-08-2025,Emergency,101-49,Discharged,FALSE,7
406542,106097,2039,108,01-09-2025,04-09-2025,Elective,108-17,Transferred,FALSE,3
406543,102824,2067,107,30-07-2025,03-08-2025,Elective,107-24,Discharged,FALSE,4
406544,102356,2017,106,05-06-2025,10-06-2025,Elective,106-35,Discharged,FALSE,5
406545,109536,2021,108,01-04-2025,03-04-2025,Referral,108-21,Discharged,FALSE,2
406546,109188,2027,101,18-02-2026,22-02-2026,Elective,101-47,Discharged,FALSE,4
406547,100348,2071,103,05-12-2025,16-12-2025,Referral,103-03,Discharged,FALSE,11
406548,111169,2076,104,22-09-2025,25-09-2025,Elective,104-27,Discharged,FALSE,3
406549,100282,2076,104,25-02-2026,28-02-2026,Emergency,104-16,Discharged,FALSE,3
406550,109812,2033,105,05-12-2025,09-12-2025,Emergency,105-38,Discharged,FALSE,4
406551,100534,2052,104,23-07-2025,31-07-2025,Referral,104-32,Discharged,FALSE,8
406552,100396,2075,104,04-05-2025,06-05-2025,Elective,104-06,Discharged,FALSE,2
406553,107591,2070,106,03-06-2025,08-06-2025,Elective,106-14,Under Treatment,FALSE,5
406554,100439,2041,105,26-11-2025,02-12-2025,Emergency,105-22,Discharged,FALSE,6
406555,106344,2065,104,26-02-2025,03-03-2025,Elective,104-38,Discharged,FALSE,5
406556,102352,2075,104,05-07-2025,09-07-2025,Elective,104-29,Transferred,FALSE,4
406557,109530,2069,106,22-08-2025,23-08-2025,Elective,106-30,Discharged,FALSE,1
406558,101267,2078,105,22-01-2025,26-01-2025,Elective,105-02,Discharged,FALSE,4
406559,108533,2051,108,21-03-2025,24-03-2025,Referral,108-26,Transferred,FALSE,3
406560,107508,2013,105,10-03-2026,13-03-2026,Referral,105-31,Transferred,FALSE,3
406561,100869,2062,101,09-05-2025,11-05-2025,Emergency,101-17,Discharged,FALSE,2
406562,103715,2029,102,10-06-2026,13-06-2026,Elective,102-37,Discharged,FALSE,3
406563,111918,2043,108,12-03-2025,14-03-2025,Referral,108-35,Under Treatment,FALSE,2
406564,100160,2074,108,22-02-2026,03-03-2026,Elective,108-10,Discharged,FALSE,9
406565,100315,2027,101,08-12-2025,16-12-2025,Elective,101-43,Discharged,FALSE,8
406566,102850,2048,101,26-08-2025,27-08-2025,Emergency,101-03,Discharged,FALSE,1
406567,107975,2047,102,19-05-2025,23-05-2025,Elective,102-19,Discharged,FALSE,4
406568,106111,2002,107,07-03-2026,08-03-2026,Emergency,107-09,Discharged,FALSE,1
406569,110986,2018,104,15-06-2026,17-06-2026,Referral,104-17,Discharged,FALSE,2
406570,109454,2013,105,14-05-2025,18-05-2025,Emergency,105-02,Discharged,FALSE,4
406571,104638,2077,106,28-09-2025,08-10-2025,Elective,106-26,Discharged,FALSE,10
406572,110861,2003,103,13-02-2025,15-02-2025,Referral,103-17,Discharged,FALSE,2
406573,101520,2001,102,20-06-2025,21-06-2025,Referral,102-01,Discharged,FALSE,1
406574,106550,2062,101,13-12-2025,15-12-2025,Elective,101-11,Discharged,FALSE,2
406575,103644,2018,104,28-05-2025,29-05-2025,Elective,104-33,Discharged,FALSE,1
406576,108930,2079,104,14-09-2025,18-09-2025,Emergency,104-39,Discharged,FALSE,4
406577,103522,2001,102,16-04-2025,20-04-2025,Emergency,102-45,Discharged,TRUE,4
406578,106178,2018,104,09-05-2026,10-05-2026,Emergency,104-48,Discharged,FALSE,1
406579,107672,2054,102,20-08-2025,24-08-2025,Elective,102-19,Discharged,FALSE,4
406580,107293,2045,107,26-03-2026,29-03-2026,Emergency,107-42,Discharged,FALSE,3
406581,107536,2047,102,14-02-2026,19-02-2026,Emergency,102-36,Discharged,FALSE,5
406582,100806,2057,101,18-07-2025,23-07-2025,Elective,101-20,Discharged,FALSE,5
406583,103097,2030,105,27-03-2026,28-03-2026,Elective,105-13,Under Treatment,FALSE,1
406584,108281,2051,108,14-08-2025,16-08-2025,Elective,108-21,Discharged,FALSE,2
406585,105455,2016,107,08-07-2025,10-07-2025,Emergency,107-32,Discharged,FALSE,2
406586,108795,2002,107,22-05-2025,28-05-2025,Elective,107-28,Discharged,FALSE,6
406587,108282,2012,106,18-03-2025,20-03-2025,Referral,106-24,Discharged,FALSE,2
406588,107749,2031,104,21-10-2025,26-10-2025,Referral,104-22,Discharged,FALSE,5
406589,109206,2014,105,09-02-2026,10-02-2026,Elective,105-14,Discharged,FALSE,1
406590,104886,2033,105,03-02-2025,05-02-2025,Emergency,105-34,Discharged,FALSE,2
406591,111453,2079,104,26-03-2026,28-03-2026,Emergency,104-43,Discharged,TRUE,2
406592,110616,2039,108,23-04-2025,24-04-2025,Elective,108-32,Discharged,FALSE,1
406593,110865,2029,102,28-04-2025,01-05-2025,Emergency,102-24,Discharged,FALSE,3
406594,104084,2032,101,01-01-2026,07-01-2026,Elective,101-07,Discharged,TRUE,6
406595,109714,2006,106,09-05-2025,12-05-2025,Referral,106-10,Discharged,FALSE,3
406596,105684,2055,106,23-05-2026,26-05-2026,Emergency,106-34,Discharged,FALSE,3
406597,102386,2059,104,03-07-2025,04-07-2025,Elective,104-12,Discharged,FALSE,1
406598,101504,2075,104,03-04-2026,06-04-2026,Emergency,104-21,Discharged,FALSE,3
406599,105760,2036,102,22-03-2025,31-03-2025,Elective,102-18,Discharged,FALSE,9
406600,103193,2074,108,27-11-2025,29-11-2025,Elective,108-10,Discharged,TRUE,2
406601,105464,2055,106,18-08-2025,21-08-2025,Referral,106-09,Discharged,FALSE,3
406602,109691,2027,101,17-02-2026,19-02-2026,Elective,101-47,Discharged,FALSE,2
406603,101044,2049,106,06-10-2025,10-10-2025,Elective,106-07,Discharged,FALSE,4
406604,110119,2048,101,03-02-2026,10-02-2026,Emergency,101-48,Discharged,TRUE,7
406605,111120,2034,102,29-09-2025,04-10-2025,Elective,102-15,Discharged,FALSE,5
406606,109589,2012,106,13-01-2025,18-01-2025,Referral,106-07,Discharged,FALSE,5
406607,111467,2051,108,20-03-2026,22-03-2026,Elective,108-42,Transferred,FALSE,2
406608,100582,2004,101,29-08-2025,31-08-2025,Elective,101-46,Discharged,FALSE,2
406609,110886,2027,101,23-02-2025,03-03-2025,Emergency,101-06,Discharged,FALSE,8
406610,109378,2034,102,03-11-2025,07-11-2025,Emergency,102-39,Discharged,FALSE,4
406611,109859,2038,108,26-12-2025,27-12-2025,Emergency,108-15,Transferred,FALSE,1
406612,111185,2055,106,22-04-2026,25-04-2026,Emergency,106-20,Discharged,FALSE,3
406613,100120,2033,105,21-12-2025,25-12-2025,Emergency,105-10,Discharged,FALSE,4
406614,110139,2069,106,04-03-2026,05-03-2026,Elective,106-40,Discharged,FALSE,1
406615,106697,2053,105,01-10-2025,07-10-2025,Emergency,105-25,Discharged,FALSE,6
406616,100522,2075,104,25-05-2025,30-05-2025,Emergency,104-04,Discharged,FALSE,5
406617,108128,2056,102,15-08-2025,16-08-2025,Elective,102-29,Discharged,FALSE,1
406618,110652,2036,102,08-04-2025,10-04-2025,Elective,102-25,Discharged,FALSE,2
406619,105069,2022,101,27-05-2026,31-05-2026,Emergency,101-26,Discharged,FALSE,4
406620,104403,2027,101,12-02-2026,15-02-2026,Emergency,101-23,Discharged,FALSE,3
406621,107953,2041,105,23-12-2025,26-12-2025,Elective,105-35,Discharged,FALSE,3
406622,103927,2029,102,12-04-2026,18-04-2026,Elective,102-31,Transferred,FALSE,6
406623,101411,2069,106,10-10-2025,13-10-2025,Elective,106-42,Discharged,FALSE,3
406624,104548,2006,106,17-01-2025,18-01-2025,Emergency,106-07,Discharged,FALSE,1
406625,105710,2057,101,17-01-2025,20-01-2025,Elective,101-10,Discharged,FALSE,3
406626,104915,2006,106,08-01-2026,11-01-2026,Referral,106-34,Discharged,TRUE,3
406627,109610,2035,103,20-12-2025,29-12-2025,Elective,103-18,Discharged,FALSE,9
406628,111177,2060,103,29-05-2025,30-05-2025,Elective,103-33,Discharged,FALSE,1
406629,104623,2011,108,11-05-2025,13-05-2025,Elective,108-02,Discharged,FALSE,2
406630,109700,2056,102,04-10-2025,07-10-2025,Emergency,102-37,Discharged,FALSE,3
406631,104376,2030,105,30-01-2026,04-02-2026,Elective,105-48,Discharged,FALSE,5
406632,106499,2064,108,19-12-2025,22-12-2025,Elective,108-02,Discharged,FALSE,3
406633,110136,2039,108,21-05-2026,24-05-2026,Elective,108-19,Discharged,FALSE,3
406634,101441,2065,104,07-04-2026,09-04-2026,Referral,104-10,Discharged,FALSE,2
406635,101639,2014,105,12-09-2025,13-09-2025,Elective,105-39,Discharged,FALSE,1
406636,111150,2002,107,08-08-2025,10-08-2025,Emergency,107-48,Discharged,FALSE,2
406637,100962,2017,106,16-12-2025,19-12-2025,Elective,106-04,Discharged,FALSE,3
406638,104737,2068,101,16-12-2025,19-12-2025,Elective,101-40,Discharged,FALSE,3
406639,111933,2048,101,02-02-2025,22-02-2025,Emergency,101-35,Discharged,FALSE,20
406640,104184,2013,105,23-02-2026,25-02-2026,Emergency,105-42,Under Treatment,FALSE,2
406641,111227,2053,105,24-02-2026,26-02-2026,Elective,105-03,Transferred,FALSE,2
406642,105653,2007,106,19-06-2025,21-06-2025,Elective,106-43,Discharged,FALSE,2
406643,100100,2034,102,22-09-2025,23-09-2025,Elective,102-43,Discharged,FALSE,1
406644,106636,2057,101,19-02-2025,24-02-2025,Emergency,101-33,Discharged,FALSE,5
406645,110172,2026,102,27-03-2025,30-03-2025,Emergency,102-20,Discharged,FALSE,3
406646,103876,2003,103,23-11-2025,29-11-2025,Emergency,103-19,Discharged,FALSE,6
406647,108802,2068,101,25-02-2026,28-02-2026,Elective,101-17,Discharged,FALSE,3
406648,110187,2041,105,09-05-2026,12-05-2026,Emergency,105-50,Under Treatment,FALSE,3
406649,108169,2003,103,17-01-2025,18-01-2025,Emergency,103-47,Discharged,TRUE,1
406650,101266,2080,107,08-05-2026,09-05-2026,Emergency,107-01,Discharged,FALSE,1
406651,101369,2013,105,02-11-2025,08-11-2025,Referral,105-31,Transferred,FALSE,6
406652,100120,2050,101,11-04-2026,14-04-2026,Elective,101-02,Discharged,FALSE,3
406653,111857,2059,104,30-09-2025,02-10-2025,Elective,104-13,Discharged,FALSE,2
406654,102059,2003,103,16-06-2025,17-06-2025,Elective,103-23,Discharged,FALSE,1
406655,102293,2057,101,24-07-2025,28-07-2025,Elective,101-08,Discharged,FALSE,4
406656,103461,2009,105,21-04-2026,24-04-2026,Elective,105-47,Discharged,TRUE,3
406657,105788,2040,106,17-05-2026,18-05-2026,Elective,106-41,Transferred,FALSE,1
406658,111673,2073,101,10-03-2026,14-03-2026,Emergency,101-13,Discharged,FALSE,4
406659,110401,2062,101,29-04-2026,03-05-2026,Elective,101-42,Discharged,FALSE,4
406660,105234,2029,102,10-12-2025,11-12-2025,Emergency,102-49,Discharged,FALSE,1
406661,104347,2047,102,02-01-2025,06-01-2025,Elective,102-07,Under Treatment,FALSE,4
406662,106510,2026,102,12-03-2025,13-03-2025,Elective,102-35,Discharged,FALSE,1
406663,101269,2060,103,04-02-2026,05-02-2026,Emergency,103-07,Under Treatment,FALSE,1
406664,105503,2010,104,14-01-2026,19-01-2026,Elective,104-07,Discharged,FALSE,5
406665,106475,2073,101,31-08-2025,05-09-2025,Emergency,101-36,Discharged,TRUE,5
406666,104065,2079,104,02-01-2025,03-01-2025,Elective,104-50,Discharged,FALSE,1
406667,110438,2058,102,07-12-2025,11-12-2025,Emergency,102-27,Discharged,FALSE,4
406668,111330,2001,102,11-02-2026,17-02-2026,Elective,102-01,Discharged,FALSE,6
406669,100816,2010,104,05-01-2026,06-01-2026,Elective,104-27,Discharged,FALSE,1
406670,104269,2061,104,25-10-2025,27-10-2025,Elective,104-20,Discharged,FALSE,2
406671,108464,2051,108,30-07-2025,03-08-2025,Elective,108-02,Discharged,FALSE,4
406672,110830,2031,104,10-01-2025,14-01-2025,Elective,104-47,Discharged,FALSE,4
406673,111088,2016,107,18-07-2025,19-07-2025,Elective,107-22,Discharged,FALSE,1
406674,111856,2047,102,07-09-2025,14-09-2025,Elective,102-40,Discharged,FALSE,7
406675,101878,2038,108,11-05-2026,16-05-2026,Emergency,108-19,Discharged,FALSE,5
406676,111077,2019,101,21-04-2025,22-04-2025,Referral,101-21,Discharged,FALSE,1
406677,111179,2016,107,29-03-2025,03-04-2025,Elective,107-29,Discharged,FALSE,5
406678,102856,2029,102,07-01-2026,12-01-2026,Elective,102-19,Discharged,FALSE,5
406679,110533,2003,103,27-04-2026,03-05-2026,Elective,103-35,Discharged,FALSE,6
406680,110321,2022,101,02-06-2026,03-06-2026,Emergency,101-38,Discharged,FALSE,1
406681,109868,2006,106,23-06-2025,24-06-2025,Elective,106-08,Discharged,FALSE,1
406682,109713,2020,102,11-08-2025,15-08-2025,Elective,102-32,Transferred,FALSE,4
406683,105398,2012,106,15-05-2026,17-05-2026,Emergency,106-44,Under Treatment,FALSE,2
406684,109722,2009,105,10-03-2025,17-03-2025,Elective,105-29,Discharged,FALSE,7
406685,102372,2048,101,23-04-2025,28-04-2025,Elective,101-10,Transferred,FALSE,5
406686,107315,2028,107,13-03-2026,19-03-2026,Emergency,107-29,Under Treatment,FALSE,6
406687,111473,2045,107,27-03-2026,01-04-2026,Elective,107-32,Discharged,FALSE,5
406688,101692,2071,103,22-04-2025,27-04-2025,Elective,103-06,Discharged,FALSE,5
406689,111781,2002,107,01-01-2025,02-01-2025,Emergency,107-10,Discharged,FALSE,1
406690,111746,2003,103,11-09-2025,13-09-2025,Elective,103-09,Discharged,FALSE,2
406691,102903,2058,102,14-07-2025,17-07-2025,Elective,102-08,Discharged,FALSE,3
406692,110215,2056,102,09-04-2026,10-04-2026,Elective,102-25,Discharged,TRUE,1
406693,101263,2076,104,06-12-2025,08-12-2025,Referral,104-10,Discharged,FALSE,2
406694,106999,2050,101,01-03-2025,03-03-2025,Emergency,101-47,Discharged,FALSE,2
406695,106279,2007,106,27-03-2025,29-03-2025,Emergency,106-31,Discharged,FALSE,2
406696,101034,2022,101,26-06-2025,30-06-2025,Emergency,101-48,Discharged,FALSE,4
406697,110609,2028,107,07-08-2025,14-08-2025,Emergency,107-28,Transferred,FALSE,7
406698,103831,2003,103,11-04-2025,16-04-2025,Elective,103-33,Discharged,FALSE,5
406699,101978,2004,101,23-04-2025,25-04-2025,Emergency,101-05,Transferred,FALSE,2
406700,108837,2031,104,11-09-2025,14-09-2025,Emergency,104-24,Transferred,FALSE,3
406701,101273,2025,105,02-03-2025,05-03-2025,Emergency,105-20,Discharged,FALSE,3
406702,105961,2049,106,07-12-2025,11-12-2025,Emergency,106-23,Discharged,FALSE,4
406703,110440,2027,101,01-09-2025,02-09-2025,Emergency,101-47,Transferred,FALSE,1
406704,110320,2025,105,22-06-2025,29-06-2025,Elective,105-26,Discharged,FALSE,7
406705,102487,2080,107,04-12-2025,05-12-2025,Referral,107-23,Discharged,FALSE,1
406706,102755,2054,102,25-05-2026,29-05-2026,Elective,102-13,Discharged,FALSE,4
406707,107514,2067,107,22-04-2025,25-04-2025,Elective,107-27,Discharged,FALSE,3
406708,100313,2032,101,29-10-2025,03-11-2025,Elective,101-23,Discharged,FALSE,5
406709,104160,2075,104,17-06-2025,19-06-2025,Referral,104-18,Discharged,FALSE,2
406710,110558,2004,101,01-07-2025,02-07-2025,Elective,101-07,Discharged,FALSE,1
406711,101231,2032,101,31-10-2025,01-11-2025,Elective,101-09,Discharged,FALSE,1
406712,106373,2036,102,13-01-2025,18-01-2025,Elective,102-02,Discharged,FALSE,5
406713,105632,2028,107,16-06-2026,19-06-2026,Elective,107-26,Discharged,FALSE,3
406714,100377,2007,106,26-02-2025,01-03-2025,Elective,106-21,Discharged,FALSE,3
406715,106093,2028,107,19-10-2025,24-10-2025,Elective,107-01,Discharged,FALSE,5
406716,103940,2032,101,19-03-2026,25-03-2026,Elective,101-41,Discharged,FALSE,6
406717,100104,2055,106,03-09-2025,05-09-2025,Emergency,106-45,Discharged,FALSE,2
406718,107420,2007,106,04-12-2025,12-12-2025,Elective,106-17,Discharged,FALSE,8
406719,108582,2025,105,30-11-2025,06-12-2025,Elective,105-29,Under Treatment,FALSE,6
406720,102884,2051,108,19-05-2026,24-05-2026,Emergency,108-19,Discharged,FALSE,5
406721,111819,2022,101,07-04-2025,10-04-2025,Elective,101-45,Discharged,FALSE,3
406722,106266,2030,105,10-09-2025,12-09-2025,Elective,105-18,Discharged,FALSE,2
406723,111244,2077,106,01-05-2025,02-05-2025,Emergency,106-15,Discharged,FALSE,1
406724,107646,2019,101,14-02-2025,18-02-2025,Elective,101-10,Discharged,FALSE,4
406725,106486,2051,108,19-05-2026,22-05-2026,Emergency,108-29,Discharged,FALSE,3
406726,100197,2059,104,25-08-2025,05-09-2025,Emergency,104-04,Discharged,FALSE,11
406727,110301,2046,107,20-06-2026,25-06-2026,Elective,107-42,Discharged,FALSE,5
406728,104642,2067,107,26-11-2025,01-12-2025,Elective,107-04,Under Treatment,FALSE,5
406729,101253,2077,106,11-08-2025,12-08-2025,Elective,106-09,Discharged,FALSE,1
406730,100069,2080,107,27-04-2025,10-05-2025,Elective,107-32,Discharged,FALSE,13
406731,103789,2068,101,07-05-2025,14-05-2025,Referral,101-42,Discharged,FALSE,7
406732,109376,2079,104,16-07-2025,19-07-2025,Referral,104-08,Discharged,FALSE,3
406733,100006,2065,104,13-04-2025,14-04-2025,Elective,104-06,Discharged,FALSE,1
406734,107333,2024,108,10-06-2025,16-06-2025,Elective,108-19,Discharged,FALSE,6
406735,108537,2017,106,10-11-2025,19-11-2025,Emergency,106-26,Discharged,FALSE,9
406736,107786,2064,108,26-08-2025,27-08-2025,Elective,108-04,Discharged,FALSE,1
406737,105986,2037,105,17-01-2025,20-01-2025,Emergency,105-14,Discharged,FALSE,3
406738,101971,2072,107,02-03-2025,04-03-2025,Emergency,107-09,Discharged,FALSE,2
406739,105082,2034,102,03-12-2025,09-12-2025,Emergency,102-32,Discharged,FALSE,6
406740,101891,2031,104,04-06-2026,09-06-2026,Emergency,104-06,Discharged,FALSE,5
406741,106153,2080,107,30-01-2026,04-02-2026,Emergency,107-03,Discharged,FALSE,5
406742,106965,2042,102,03-01-2025,08-01-2025,Elective,102-49,Discharged,FALSE,5
406743,105007,2069,106,07-05-2025,10-05-2025,Elective,106-12,Discharged,FALSE,3
406744,106298,2040,106,10-04-2026,15-04-2026,Elective,106-16,Discharged,FALSE,5
406745,105877,2008,105,15-04-2026,17-04-2026,Elective,105-42,Discharged,FALSE,2
406746,111017,2037,105,02-03-2026,07-03-2026,Referral,105-21,Discharged,TRUE,5
406747,103415,2079,104,04-07-2025,08-07-2025,Elective,104-31,Discharged,FALSE,4
406748,105285,2012,106,09-08-2025,11-08-2025,Emergency,106-07,Discharged,FALSE,2
406749,109104,2008,105,06-12-2025,09-12-2025,Referral,105-34,Discharged,TRUE,3
406750,104109,2033,105,26-03-2026,27-03-2026,Referral,105-27,Discharged,FALSE,1
406751,108555,2067,107,28-02-2025,06-03-2025,Emergency,107-08,Discharged,FALSE,6
406752,101453,2024,108,02-04-2026,16-04-2026,Elective,108-42,Discharged,FALSE,14
406753,100377,2037,105,08-02-2025,11-02-2025,Elective,105-31,Discharged,FALSE,3
406754,109825,2071,103,16-01-2026,17-01-2026,Elective,103-35,Discharged,FALSE,1
406755,101349,2068,101,22-09-2025,23-09-2025,Emergency,101-10,Discharged,FALSE,1
406756,105912,2021,108,21-01-2025,27-01-2025,Emergency,108-42,Discharged,FALSE,6
406757,108063,2058,102,15-04-2026,16-04-2026,Emergency,102-10,Discharged,FALSE,1
406758,102330,2076,104,24-10-2025,25-10-2025,Elective,104-12,Discharged,FALSE,1
406759,108973,2003,103,23-11-2025,24-11-2025,Elective,103-41,Transferred,FALSE,1
406760,103517,2041,105,13-11-2025,23-11-2025,Elective,105-33,Transferred,FALSE,10
406761,105043,2077,106,20-03-2025,24-03-2025,Elective,106-47,Discharged,FALSE,4
406762,106258,2079,104,15-03-2026,17-03-2026,Elective,104-11,Discharged,FALSE,2
406763,101382,2064,108,23-09-2025,27-09-2025,Emergency,108-24,Discharged,FALSE,4
406764,110325,2077,106,27-05-2025,01-06-2025,Elective,106-19,Discharged,FALSE,5
406765,111436,2068,101,23-09-2025,24-09-2025,Emergency,101-36,Discharged,FALSE,1
406766,103268,2008,105,27-02-2026,28-02-2026,Emergency,105-20,Discharged,FALSE,1
406767,107950,2077,106,12-06-2025,13-06-2025,Elective,106-29,Discharged,TRUE,1
406768,107448,2079,104,19-05-2026,22-05-2026,Referral,104-36,Transferred,FALSE,3
406769,108960,2062,101,15-12-2025,17-12-2025,Elective,101-41,Discharged,FALSE,2
406770,110945,2010,104,31-03-2026,13-04-2026,Elective,104-25,Discharged,FALSE,13
406771,108535,2039,108,04-03-2026,05-03-2026,Elective,108-41,Transferred,FALSE,1
406772,109795,2079,104,17-06-2026,19-06-2026,Emergency,104-17,Discharged,FALSE,2
406773,107411,2040,106,06-03-2025,11-03-2025,Elective,106-43,Discharged,FALSE,5
406774,100947,2051,108,13-03-2025,15-03-2025,Elective,108-20,Discharged,FALSE,2
406775,107843,2080,107,17-06-2025,20-06-2025,Elective,107-03,Discharged,FALSE,3
406776,104526,2052,104,31-12-2025,02-01-2026,Emergency,104-12,Discharged,FALSE,2
406777,108105,2054,102,26-04-2025,27-04-2025,Emergency,102-31,Discharged,FALSE,1
406778,100503,2032,101,14-05-2026,17-05-2026,Elective,101-15,Under Treatment,TRUE,3
406779,109430,2011,108,22-04-2026,24-04-2026,Emergency,108-22,Discharged,FALSE,2
406780,107294,2065,104,05-03-2026,12-03-2026,Referral,104-17,Discharged,FALSE,7
406781,109758,2053,105,24-01-2025,25-01-2025,Elective,105-10,Discharged,FALSE,1
406782,110681,2036,102,05-07-2025,07-07-2025,Elective,102-49,Discharged,FALSE,2
406783,104723,2053,105,27-02-2025,02-03-2025,Elective,105-49,Transferred,FALSE,3
406784,110902,2076,104,16-03-2025,22-03-2025,Elective,104-01,Discharged,FALSE,6
406785,100870,2009,105,03-12-2025,04-12-2025,Elective,105-24,Under Treatment,FALSE,1
406786,106699,2046,107,29-05-2026,01-06-2026,Referral,107-04,Discharged,FALSE,3
406787,105589,2074,108,29-01-2026,02-02-2026,Emergency,108-41,Discharged,FALSE,4
406788,104349,2033,105,20-06-2025,22-06-2025,Elective,105-28,Discharged,FALSE,2
406789,105111,2065,104,23-07-2025,27-07-2025,Elective,104-50,Discharged,FALSE,4
406790,108668,2073,101,12-03-2025,13-03-2025,Elective,101-05,Discharged,FALSE,1
406791,106066,2061,104,05-12-2025,13-12-2025,Referral,104-17,Discharged,FALSE,8
406792,109609,2039,108,10-03-2026,13-03-2026,Emergency,108-08,Transferred,FALSE,3
406793,106955,2002,107,14-04-2026,16-04-2026,Elective,107-20,Discharged,TRUE,2
406794,110721,2072,107,19-05-2025,22-05-2025,Elective,107-35,Discharged,FALSE,3
406795,111161,2040,106,04-05-2025,07-05-2025,Elective,106-01,Discharged,FALSE,3
406796,110742,2042,102,26-05-2025,30-05-2025,Emergency,102-06,Discharged,FALSE,4
406797,111454,2077,106,30-06-2025,01-07-2025,Elective,106-50,Discharged,FALSE,1
406798,108578,2074,108,07-03-2026,16-03-2026,Elective,108-07,Transferred,FALSE,9
406799,101182,2004,101,06-07-2025,07-07-2025,Emergency,101-09,Transferred,FALSE,1
406800,110211,2038,108,05-09-2025,11-09-2025,Emergency,108-30,Discharged,TRUE,6
406801,107534,2052,104,11-02-2026,15-02-2026,Elective,104-36,Transferred,FALSE,4
406802,103016,2067,107,11-11-2025,12-11-2025,Elective,107-44,Discharged,FALSE,1
406803,101083,2053,105,22-03-2026,26-03-2026,Emergency,105-23,Discharged,FALSE,4
406804,104789,2047,102,09-03-2026,10-03-2026,Referral,102-13,Discharged,FALSE,1
406805,101863,2027,101,07-05-2026,12-05-2026,Elective,101-48,Discharged,FALSE,5
406806,105290,2060,103,15-05-2025,19-05-2025,Emergency,103-19,Discharged,TRUE,4
406807,107508,2049,106,21-04-2025,23-04-2025,Elective,106-30,Discharged,FALSE,2
406808,100131,2022,101,04-03-2025,08-03-2025,Elective,101-38,Discharged,FALSE,4
406809,108232,2035,103,14-06-2025,16-06-2025,Referral,103-40,Discharged,FALSE,2
406810,101768,2076,104,26-07-2025,30-07-2025,Emergency,104-49,Discharged,FALSE,4
406811,100032,2008,105,23-06-2025,25-06-2025,Elective,105-41,Discharged,FALSE,2
406812,101144,2068,101,25-09-2025,26-09-2025,Emergency,101-23,Discharged,FALSE,1
406813,103094,2034,102,10-10-2025,17-10-2025,Elective,102-16,Discharged,FALSE,7
406814,105775,2062,101,23-01-2025,25-01-2025,Elective,101-18,Transferred,FALSE,2
406815,104929,2010,104,03-11-2025,09-11-2025,Emergency,104-39,Discharged,FALSE,6
406816,109640,2066,102,22-06-2025,27-06-2025,Emergency,102-36,Discharged,FALSE,5
406817,103522,2011,108,24-05-2025,27-05-2025,Referral,108-07,Discharged,TRUE,3
406818,100666,2042,102,28-06-2025,29-06-2025,Referral,102-45,Discharged,FALSE,1
406819,104918,2018,104,30-09-2025,02-10-2025,Emergency,104-28,Transferred,FALSE,2
406820,100929,2044,106,20-05-2025,21-05-2025,Emergency,106-39,Under Treatment,TRUE,1
406821,105846,2072,107,25-10-2025,04-11-2025,Emergency,107-50,Discharged,FALSE,10
406822,109621,2009,105,12-05-2026,16-05-2026,Emergency,105-37,Discharged,FALSE,4
406823,106852,2001,102,19-05-2025,23-05-2025,Elective,102-15,Discharged,FALSE,4
406824,105958,2049,106,04-01-2025,11-01-2025,Elective,106-40,Under Treatment,FALSE,7
406825,101313,2057,101,21-02-2025,26-02-2025,Emergency,101-20,Discharged,FALSE,5
406826,104637,2007,106,27-11-2025,02-12-2025,Elective,106-05,Discharged,FALSE,5
406827,102171,2013,105,24-05-2025,25-05-2025,Elective,105-09,Discharged,FALSE,1
406828,100727,2012,106,21-09-2025,22-09-2025,Elective,106-48,Discharged,FALSE,1
406829,108595,2013,105,16-04-2025,24-04-2025,Emergency,105-49,Discharged,FALSE,8
406830,100474,2045,107,06-01-2025,08-01-2025,Elective,107-31,Discharged,FALSE,2
406831,101741,2038,108,03-11-2025,09-11-2025,Elective,108-25,Under Treatment,FALSE,6
406832,101933,2013,105,23-04-2026,02-05-2026,Elective,105-46,Discharged,FALSE,9
406833,111946,2017,106,05-01-2026,13-01-2026,Elective,106-40,Discharged,FALSE,8
406834,108499,2003,103,25-07-2025,31-07-2025,Elective,103-08,Discharged,FALSE,6
406835,106025,2071,103,07-12-2025,10-12-2025,Elective,103-14,Discharged,FALSE,3
406836,111673,2051,108,30-03-2026,05-04-2026,Referral,108-39,Discharged,FALSE,6
406837,111225,2072,107,16-08-2025,18-08-2025,Elective,107-29,Under Treatment,FALSE,2
406838,102102,2051,108,10-05-2026,19-05-2026,Emergency,108-38,Discharged,FALSE,9
406839,100625,2008,105,31-01-2025,03-02-2025,Elective,105-21,Discharged,FALSE,3
406840,105677,2014,105,06-10-2025,11-10-2025,Elective,105-01,Discharged,FALSE,5
406841,103738,2030,105,30-09-2025,03-10-2025,Referral,105-17,Discharged,FALSE,3
406842,108174,2033,105,09-01-2026,12-01-2026,Referral,105-08,Under Treatment,FALSE,3
406843,100663,2047,102,15-11-2025,18-11-2025,Elective,102-24,Discharged,FALSE,3
406844,103919,2045,107,25-09-2025,26-09-2025,Elective,107-44,Discharged,FALSE,1
406845,104271,2035,103,28-01-2025,02-02-2025,Emergency,103-16,Discharged,FALSE,5
406846,110438,2061,104,19-02-2025,21-02-2025,Elective,104-17,Discharged,FALSE,2
406847,109701,2034,102,16-05-2025,21-05-2025,Emergency,102-36,Transferred,FALSE,5
406848,105366,2035,103,06-06-2025,09-06-2025,Emergency,103-48,Discharged,FALSE,3
406849,108392,2072,107,11-02-2026,13-02-2026,Referral,107-20,Under Treatment,FALSE,2
406850,104403,2049,106,22-01-2025,26-01-2025,Elective,106-04,Discharged,FALSE,4
406851,111318,2010,104,26-11-2025,01-12-2025,Emergency,104-12,Under Treatment,FALSE,5
406852,105259,2050,101,20-08-2025,21-08-2025,Emergency,101-15,Discharged,FALSE,1
406853,101855,2049,106,23-08-2025,27-08-2025,Elective,106-46,Discharged,FALSE,4
406854,110822,2020,102,03-11-2025,10-11-2025,Elective,102-28,Discharged,FALSE,7
406855,105821,2004,101,18-03-2025,23-03-2025,Referral,101-48,Discharged,FALSE,5
406856,102616,2073,101,20-02-2026,23-02-2026,Elective,101-11,Discharged,FALSE,3
406857,101990,2012,106,11-01-2026,14-01-2026,Emergency,106-43,Discharged,FALSE,3
406858,103772,2070,106,29-09-2025,02-10-2025,Emergency,106-03,Discharged,FALSE,3
406859,103770,2011,108,22-05-2026,01-06-2026,Elective,108-15,Discharged,FALSE,10
406860,109374,2032,101,18-01-2025,19-01-2025,Elective,101-02,Discharged,FALSE,1
406861,109324,2030,105,02-03-2026,07-03-2026,Elective,105-50,Discharged,TRUE,5
406862,100338,2014,105,31-10-2025,09-11-2025,Referral,105-47,Discharged,TRUE,9
406863,111115,2012,106,23-05-2025,25-05-2025,Emergency,106-07,Under Treatment,FALSE,2
406864,107936,2007,106,06-03-2025,08-03-2025,Referral,106-37,Discharged,FALSE,2
406865,105383,2050,101,27-10-2025,31-10-2025,Elective,101-06,Discharged,FALSE,4
406866,109909,2003,103,01-05-2025,11-05-2025,Elective,103-28,Discharged,FALSE,10
406867,106562,2015,103,01-05-2025,05-05-2025,Elective,103-24,Discharged,FALSE,4
406868,100106,2045,107,27-03-2026,01-04-2026,Referral,107-34,Discharged,FALSE,5
406869,101212,2026,102,17-09-2025,18-09-2025,Elective,102-08,Discharged,FALSE,1
406870,101167,2061,104,07-12-2025,08-12-2025,Referral,104-01,Discharged,FALSE,1
406871,101141,2003,103,08-02-2026,15-02-2026,Emergency,103-39,Discharged,FALSE,7
406872,109807,2031,104,09-03-2025,13-03-2025,Elective,104-44,Discharged,FALSE,4
406873,104129,2064,108,02-04-2026,09-04-2026,Elective,108-07,Discharged,FALSE,7
406874,103098,2012,106,06-04-2025,07-04-2025,Elective,106-08,Discharged,FALSE,1
406875,100370,2064,108,17-05-2026,24-05-2026,Elective,108-29,Discharged,FALSE,7
406876,101235,2059,104,24-03-2025,25-03-2025,Emergency,104-07,Discharged,FALSE,1
406877,111650,2032,101,22-04-2026,25-04-2026,Elective,101-48,Discharged,FALSE,3
406878,104713,2069,106,29-03-2026,31-03-2026,Elective,106-43,Under Treatment,FALSE,2
406879,107152,2063,108,06-06-2026,08-06-2026,Elective,108-29,Discharged,FALSE,2
406880,107577,2064,108,04-05-2026,06-05-2026,Emergency,108-19,Discharged,FALSE,2
406881,105460,2063,108,16-05-2026,17-05-2026,Emergency,108-17,Transferred,FALSE,1
406882,110512,2029,102,09-05-2026,11-05-2026,Elective,102-04,Discharged,FALSE,2
406883,103382,2048,101,09-02-2026,12-02-2026,Elective,101-22,Under Treatment,FALSE,3
406884,108701,2079,104,09-01-2025,13-01-2025,Elective,104-09,Discharged,FALSE,4
406885,103423,2076,104,04-06-2025,13-06-2025,Emergency,104-36,Discharged,FALSE,9
406886,108217,2040,106,22-02-2026,28-02-2026,Elective,106-47,Discharged,FALSE,6
406887,109045,2033,105,05-11-2025,10-11-2025,Elective,105-27,Transferred,FALSE,5
406888,108754,2067,107,03-03-2026,13-03-2026,Referral,107-24,Under Treatment,FALSE,10
406889,107231,2009,105,13-01-2026,15-01-2026,Referral,105-11,Discharged,FALSE,2
406890,110570,2079,104,02-10-2025,03-10-2025,Elective,104-37,Discharged,FALSE,1
406891,108900,2048,101,31-07-2025,02-08-2025,Elective,101-48,Discharged,FALSE,2
406892,109225,2075,104,26-11-2025,27-11-2025,Elective,104-20,Discharged,FALSE,1
406893,110938,2008,105,20-08-2025,22-08-2025,Emergency,105-28,Discharged,FALSE,2
406894,108442,2025,105,05-01-2026,06-01-2026,Elective,105-23,Discharged,FALSE,1
406895,109811,2030,105,04-06-2026,05-06-2026,Emergency,105-09,Discharged,FALSE,1
406896,102379,2060,103,31-10-2025,02-11-2025,Elective,103-50,Discharged,FALSE,2
406897,111630,2065,104,12-02-2025,18-02-2025,Emergency,104-32,Discharged,FALSE,6
406898,110420,2064,108,23-02-2025,24-02-2025,Elective,108-31,Discharged,FALSE,1
406899,110079,2042,102,25-11-2025,29-11-2025,Emergency,102-19,Discharged,FALSE,4
406900,106259,2013,105,02-04-2026,11-04-2026,Emergency,105-18,Discharged,TRUE,9
406901,110358,2023,108,07-06-2026,09-06-2026,Referral,108-16,Discharged,FALSE,2
406902,109673,2068,101,24-08-2025,26-08-2025,Elective,101-02,Under Treatment,FALSE,2
406903,110694,2059,104,20-06-2025,23-06-2025,Emergency,104-34,Discharged,FALSE,3
406904,102475,2006,106,08-05-2026,13-05-2026,Elective,106-27,Discharged,FALSE,5
406905,101631,2052,104,20-01-2026,25-01-2026,Elective,104-34,Discharged,FALSE,5
406906,109042,2071,103,24-09-2025,04-10-2025,Elective,103-31,Discharged,FALSE,10
406907,103212,2074,108,23-02-2025,27-02-2025,Referral,108-47,Discharged,FALSE,4
406908,109468,2078,105,15-02-2025,19-02-2025,Elective,105-06,Discharged,FALSE,4
406909,105128,2078,105,14-02-2026,18-02-2026,Elective,105-47,Discharged,FALSE,4
406910,107433,2016,107,06-04-2026,10-04-2026,Emergency,107-09,Under Treatment,FALSE,4
406911,105621,2048,101,11-07-2025,16-07-2025,Elective,101-46,Discharged,FALSE,5
406912,101574,2055,106,08-07-2025,11-07-2025,Emergency,106-25,Discharged,FALSE,3
406913,110106,2054,102,03-05-2025,05-05-2025,Elective,102-30,Discharged,FALSE,2
406914,109658,2036,102,17-10-2025,22-10-2025,Elective,102-32,Discharged,TRUE,5
406915,103235,2039,108,11-06-2026,12-06-2026,Elective,108-16,Discharged,FALSE,1
406916,105944,2070,106,30-09-2025,03-10-2025,Emergency,106-40,Discharged,FALSE,3
406917,109275,2044,106,19-11-2025,26-11-2025,Elective,106-17,Discharged,FALSE,7
406918,106840,2067,107,20-08-2025,27-08-2025,Elective,107-36,Discharged,FALSE,7
406919,102158,2022,101,10-12-2025,11-12-2025,Elective,101-01,Discharged,FALSE,1
406920,105375,2013,105,15-09-2025,20-09-2025,Elective,105-22,Discharged,FALSE,5
406921,103281,2008,105,02-04-2025,05-04-2025,Elective,105-41,Discharged,FALSE,3
406922,101768,2018,104,18-04-2026,20-04-2026,Elective,104-37,Discharged,FALSE,2
406923,110759,2064,108,15-07-2025,18-07-2025,Elective,108-36,Discharged,FALSE,3
406924,104345,2015,103,19-10-2025,23-10-2025,Elective,103-43,Transferred,FALSE,4
406925,105946,2013,105,21-10-2025,23-10-2025,Referral,105-27,Discharged,FALSE,2
406926,105661,2014,105,04-04-2025,07-04-2025,Emergency,105-42,Discharged,FALSE,3
406927,105930,2063,108,04-02-2025,06-02-2025,Elective,108-32,Discharged,FALSE,2
406928,104690,2077,106,09-06-2026,10-06-2026,Emergency,106-16,Discharged,FALSE,1
406929,100056,2046,107,15-09-2025,25-09-2025,Elective,107-37,Discharged,FALSE,10
406930,107697,2037,105,10-09-2025,14-09-2025,Elective,105-31,Transferred,FALSE,4
406931,104723,2067,107,21-01-2026,25-01-2026,Referral,107-14,Discharged,FALSE,4
406932,106494,2035,103,28-08-2025,31-08-2025,Emergency,103-14,Transferred,TRUE,3
406933,104301,2012,106,18-10-2025,20-10-2025,Elective,106-14,Discharged,FALSE,2
406934,103300,2079,104,20-10-2025,28-10-2025,Emergency,104-22,Discharged,FALSE,8
406935,110542,2078,105,05-08-2025,12-08-2025,Elective,105-32,Discharged,FALSE,7
406936,101585,2032,101,12-04-2026,19-04-2026,Elective,101-24,Discharged,FALSE,7
406937,105026,2009,105,15-03-2025,22-03-2025,Emergency,105-47,Discharged,FALSE,7
406938,110859,2067,107,14-01-2025,19-01-2025,Emergency,107-27,Discharged,FALSE,5
406939,106932,2026,102,15-04-2025,18-04-2025,Elective,102-18,Discharged,TRUE,3
406940,102911,2065,104,10-01-2025,11-01-2025,Elective,104-17,Discharged,FALSE,1
406941,106653,2026,102,18-10-2025,21-10-2025,Elective,102-16,Discharged,FALSE,3
406942,107121,2008,105,14-04-2025,16-04-2025,Elective,105-37,Under Treatment,FALSE,2
406943,110504,2007,106,08-03-2025,10-03-2025,Elective,106-39,Discharged,FALSE,2
406944,106763,2053,105,21-03-2025,24-03-2025,Elective,105-37,Discharged,FALSE,3
406945,103752,2028,107,19-03-2026,27-03-2026,Emergency,107-18,Discharged,FALSE,8
406946,109067,2018,104,28-05-2025,29-05-2025,Emergency,104-37,Discharged,FALSE,1
406947,103722,2015,103,06-04-2026,08-04-2026,Referral,103-06,Discharged,FALSE,2
406948,104214,2009,105,12-02-2026,21-02-2026,Elective,105-33,Discharged,FALSE,9
406949,104750,2011,108,04-10-2025,10-10-2025,Emergency,108-31,Discharged,FALSE,6
406950,103547,2080,107,08-01-2026,09-01-2026,Elective,107-13,Discharged,FALSE,1
406951,104329,2041,105,27-02-2025,05-03-2025,Emergency,105-36,Discharged,FALSE,6
406952,105302,2077,106,01-12-2025,03-12-2025,Elective,106-06,Discharged,FALSE,2
406953,103993,2039,108,28-05-2025,29-05-2025,Emergency,108-41,Discharged,FALSE,1
406954,108524,2042,102,25-02-2025,06-03-2025,Referral,102-05,Discharged,FALSE,9
406955,101428,2055,106,19-06-2025,24-06-2025,Emergency,106-16,Discharged,TRUE,5
406956,107478,2019,101,11-01-2026,20-01-2026,Referral,101-47,Discharged,FALSE,9
406957,101096,2044,106,30-05-2026,31-05-2026,Elective,106-42,Discharged,FALSE,1
406958,107594,2024,108,02-01-2026,08-01-2026,Referral,108-30,Discharged,FALSE,6
406959,111060,2047,102,30-08-2025,01-09-2025,Referral,102-10,Discharged,FALSE,2
406960,101009,2024,108,25-03-2026,27-03-2026,Elective,108-24,Discharged,TRUE,2
406961,103007,2062,101,26-04-2026,02-05-2026,Referral,101-28,Discharged,FALSE,6
406962,106625,2010,104,28-05-2025,05-06-2025,Referral,104-26,Discharged,FALSE,8
406963,101769,2056,102,23-04-2026,24-04-2026,Elective,102-29,Discharged,FALSE,1
406964,103536,2052,104,16-10-2025,29-10-2025,Elective,104-18,Discharged,FALSE,13
406965,102601,2023,108,28-02-2026,04-03-2026,Elective,108-08,Discharged,FALSE,4
406966,110893,2031,104,13-07-2025,15-07-2025,Emergency,104-41,Discharged,FALSE,2
406967,102409,2063,108,25-10-2025,05-11-2025,Elective,108-31,Transferred,FALSE,11
406968,109460,2012,106,04-04-2025,05-04-2025,Emergency,106-21,Discharged,FALSE,1
406969,100282,2013,105,02-03-2026,10-03-2026,Referral,105-31,Discharged,FALSE,8
406970,100290,2037,105,11-10-2025,20-10-2025,Emergency,105-09,Discharged,FALSE,9
406971,111535,2041,105,09-06-2026,14-06-2026,Referral,105-39,Discharged,FALSE,5
406972,105979,2009,105,06-04-2026,07-04-2026,Elective,105-02,Discharged,FALSE,1
406973,103325,2053,105,25-07-2025,30-07-2025,Referral,105-40,Transferred,TRUE,5
406974,110839,2025,105,24-05-2025,27-05-2025,Elective,105-40,Discharged,FALSE,3
406975,107816,2062,101,31-12-2025,01-01-2026,Emergency,101-08,Discharged,FALSE,1
406976,104590,2043,108,07-02-2025,11-02-2025,Elective,108-04,Discharged,FALSE,4
406977,111817,2071,103,03-01-2026,08-01-2026,Referral,103-30,Discharged,FALSE,5
406978,104250,2059,104,01-04-2026,06-04-2026,Elective,104-27,Discharged,FALSE,5
406979,100085,2010,104,10-05-2025,19-05-2025,Emergency,104-34,Under Treatment,FALSE,9
406980,103711,2075,104,22-01-2026,04-02-2026,Emergency,104-26,Transferred,FALSE,13
406981,103959,2014,105,03-05-2026,04-05-2026,Emergency,105-02,Discharged,FALSE,1
406982,107774,2070,106,19-03-2026,20-03-2026,Referral,106-35,Discharged,FALSE,1
406983,107022,2035,103,22-02-2026,27-02-2026,Emergency,103-42,Discharged,FALSE,5
406984,110121,2063,108,09-03-2025,11-03-2025,Referral,108-32,Discharged,FALSE,2
406985,111884,2006,106,05-01-2026,08-01-2026,Referral,106-41,Discharged,TRUE,3
406986,111448,2053,105,01-06-2026,03-06-2026,Elective,105-28,Discharged,FALSE,2
406987,106546,2052,104,07-08-2025,09-08-2025,Emergency,104-31,Discharged,FALSE,2
406988,108161,2024,108,15-12-2025,17-12-2025,Emergency,108-29,Discharged,FALSE,2
406989,103727,2078,105,11-12-2025,15-12-2025,Elective,105-29,Transferred,FALSE,4
406990,103470,2023,108,21-10-2025,27-10-2025,Emergency,108-38,Discharged,FALSE,6
406991,110718,2013,105,20-01-2025,26-01-2025,Emergency,105-46,Discharged,FALSE,6
406992,106313,2053,105,30-03-2025,04-04-2025,Elective,105-50,Discharged,FALSE,5
406993,108093,2056,102,21-04-2026,23-04-2026,Elective,102-34,Discharged,FALSE,2
406994,111953,2009,105,14-12-2025,17-12-2025,Emergency,105-38,Discharged,FALSE,3
406995,109266,2048,101,02-02-2026,07-02-2026,Referral,101-30,Discharged,FALSE,5
406996,100276,2076,104,27-04-2026,30-04-2026,Elective,104-35,Discharged,FALSE,3
406997,108110,2009,105,30-12-2025,06-01-2026,Elective,105-34,Discharged,FALSE,7
406998,109751,2040,106,01-06-2025,03-06-2025,Emergency,106-11,Discharged,FALSE,2
406999,111394,2076,104,01-02-2025,02-02-2025,Elective,104-19,Under Treatment,FALSE,1
407000,109045,2021,108,02-05-2026,05-05-2026,Elective,108-33,Discharged,FALSE,3
407001,108849,2064,108,01-03-2025,03-03-2025,Elective,108-01,Discharged,FALSE,2
407002,102358,2055,106,14-03-2026,20-03-2026,Referral,106-49,Discharged,FALSE,6
407003,104310,2022,101,23-05-2026,25-05-2026,Emergency,101-50,Discharged,FALSE,2
407004,106642,2067,107,01-01-2025,04-01-2025,Elective,107-06,Discharged,FALSE,3
407005,106905,2044,106,25-12-2025,29-12-2025,Referral,106-03,Discharged,FALSE,4
407006,107459,2006,106,05-06-2026,06-06-2026,Elective,106-16,Discharged,FALSE,1
407007,103171,2024,108,15-08-2025,18-08-2025,Referral,108-37,Discharged,FALSE,3
407008,105007,2053,105,31-01-2026,02-02-2026,Referral,105-46,Discharged,FALSE,2
407009,109772,2003,103,04-07-2025,05-07-2025,Elective,103-05,Transferred,FALSE,1
407010,101032,2009,105,02-06-2025,06-06-2025,Elective,105-37,Transferred,FALSE,4
407011,101535,2045,107,24-01-2025,01-02-2025,Emergency,107-35,Discharged,FALSE,8
407012,110632,2018,104,12-12-2025,22-12-2025,Elective,104-12,Discharged,FALSE,10
407013,101120,2060,103,26-05-2025,28-05-2025,Elective,103-42,Discharged,FALSE,2
407014,106726,2023,108,05-06-2026,06-06-2026,Referral,108-21,Discharged,FALSE,1
407015,106034,2071,103,03-03-2025,07-03-2025,Elective,103-39,Discharged,FALSE,4
407016,108955,2058,102,31-01-2026,03-02-2026,Emergency,102-40,Transferred,FALSE,3
407017,109460,2022,101,09-06-2025,10-06-2025,Referral,101-30,Discharged,FALSE,1
407018,108968,2003,103,21-07-2025,23-07-2025,Elective,103-18,Discharged,TRUE,2
407019,109759,2040,106,20-07-2025,23-07-2025,Elective,106-25,Transferred,FALSE,3
407020,101028,2034,102,19-03-2026,25-03-2026,Emergency,102-40,Discharged,FALSE,6
407021,107405,2024,108,17-03-2025,26-03-2025,Emergency,108-01,Discharged,FALSE,9
407022,107739,2009,105,25-01-2025,27-01-2025,Emergency,105-12,Discharged,FALSE,2
407023,106480,2049,106,12-05-2026,13-05-2026,Elective,106-38,Discharged,FALSE,1
407024,100061,2072,107,05-03-2025,06-03-2025,Elective,107-13,Discharged,FALSE,1
407025,104832,2030,105,07-05-2025,11-05-2025,Emergency,105-08,Discharged,FALSE,4
407026,103745,2069,106,17-06-2026,28-06-2026,Referral,106-45,Discharged,FALSE,11
407027,103949,2033,105,25-04-2025,02-05-2025,Elective,105-23,Discharged,FALSE,7
407028,103486,2014,105,24-02-2025,25-02-2025,Elective,105-44,Discharged,FALSE,1
407029,101589,2045,107,26-10-2025,27-10-2025,Elective,107-04,Discharged,FALSE,1
407030,103579,2008,105,10-01-2026,19-01-2026,Emergency,105-05,Discharged,FALSE,9
407031,100595,2014,105,25-03-2026,29-03-2026,Referral,105-09,Discharged,TRUE,4
407032,110744,2072,107,03-03-2025,08-03-2025,Emergency,107-16,Under Treatment,FALSE,5
407033,109688,2063,108,21-12-2025,25-12-2025,Emergency,108-13,Discharged,FALSE,4
407034,108035,2006,106,13-01-2025,15-01-2025,Elective,106-40,Transferred,FALSE,2
407035,107397,2074,108,14-01-2026,18-01-2026,Elective,108-24,Discharged,FALSE,4
407036,106270,2069,106,07-09-2025,14-09-2025,Emergency,106-13,Discharged,FALSE,7
407037,106040,2076,104,01-05-2026,06-05-2026,Elective,104-11,Discharged,FALSE,5
407038,102826,2009,105,16-08-2025,17-08-2025,Emergency,105-31,Under Treatment,FALSE,1
407039,105978,2040,106,07-03-2025,08-03-2025,Emergency,106-34,Discharged,FALSE,1
407040,102150,2077,106,29-03-2025,05-04-2025,Elective,106-15,Discharged,FALSE,7
407041,105901,2067,107,04-01-2026,11-01-2026,Elective,107-44,Discharged,FALSE,7
407042,110995,2023,108,15-06-2025,16-06-2025,Referral,108-42,Discharged,FALSE,1
407043,104821,2001,102,24-01-2026,25-01-2026,Emergency,102-18,Discharged,FALSE,1
407044,108431,2040,106,27-05-2026,29-05-2026,Elective,106-03,Discharged,FALSE,2
407045,109273,2019,101,10-02-2025,14-02-2025,Elective,101-07,Discharged,FALSE,4
407046,103350,2074,108,11-03-2025,14-03-2025,Referral,108-30,Discharged,FALSE,3
407047,108369,2069,106,16-04-2025,20-04-2025,Elective,106-08,Discharged,FALSE,4
407048,100693,2032,101,23-01-2026,25-01-2026,Emergency,101-40,Discharged,FALSE,2
407049,111706,2071,103,30-09-2025,03-10-2025,Emergency,103-05,Discharged,FALSE,3
407050,104221,2046,107,05-05-2026,08-05-2026,Emergency,107-38,Discharged,FALSE,3
407051,106244,2047,102,04-02-2026,13-02-2026,Referral,102-10,Discharged,FALSE,9
407052,108906,2073,101,08-05-2026,09-05-2026,Elective,101-30,Discharged,FALSE,1
407053,109341,2075,104,20-10-2025,23-10-2025,Elective,104-37,Discharged,TRUE,3
407054,105006,2022,101,29-03-2025,06-04-2025,Elective,101-45,Discharged,TRUE,8
407055,107918,2064,108,01-09-2025,06-09-2025,Elective,108-25,Discharged,TRUE,5
407056,111550,2040,106,09-12-2025,14-12-2025,Emergency,106-41,Discharged,FALSE,5
407057,102599,2033,105,04-03-2026,06-03-2026,Elective,105-24,Discharged,FALSE,2
407058,111971,2079,104,05-12-2025,08-12-2025,Elective,104-50,Discharged,FALSE,3
407059,110517,2073,101,16-07-2025,20-07-2025,Emergency,101-36,Discharged,FALSE,4
407060,101991,2039,108,22-02-2026,27-02-2026,Referral,108-46,Discharged,FALSE,5
407061,105086,2021,108,06-06-2026,13-06-2026,Elective,108-08,Discharged,FALSE,7
407062,105960,2053,105,05-03-2026,06-03-2026,Elective,105-42,Under Treatment,FALSE,1
407063,100852,2078,105,22-05-2025,26-05-2025,Emergency,105-11,Under Treatment,FALSE,4
407064,107746,2030,105,04-05-2025,14-05-2025,Emergency,105-43,Discharged,FALSE,10
407065,107330,2064,108,20-03-2026,23-03-2026,Emergency,108-34,Discharged,FALSE,3
407066,100294,2048,101,10-04-2025,12-04-2025,Elective,101-07,Discharged,FALSE,2
407067,102467,2004,101,10-07-2025,13-07-2025,Elective,101-14,Transferred,FALSE,3
407068,110336,2006,106,13-07-2025,21-07-2025,Elective,106-18,Discharged,FALSE,8
407069,107801,2046,107,22-05-2025,23-05-2025,Elective,107-40,Discharged,FALSE,1
407070,103406,2053,105,15-02-2026,17-02-2026,Elective,105-15,Discharged,FALSE,2
407071,108745,2070,106,28-04-2025,03-05-2025,Elective,106-15,Discharged,FALSE,5
407072,108727,2066,102,03-05-2026,07-05-2026,Elective,102-03,Discharged,FALSE,4
407073,109950,2075,104,05-08-2025,12-08-2025,Elective,104-21,Discharged,FALSE,7
407074,100423,2064,108,26-05-2026,30-05-2026,Elective,108-04,Discharged,FALSE,4
407075,110624,2034,102,16-02-2026,19-02-2026,Elective,102-34,Discharged,FALSE,3
407076,101059,2017,106,03-05-2025,09-05-2025,Elective,106-35,Discharged,FALSE,6
407077,103943,2028,107,16-05-2025,20-05-2025,Elective,107-19,Under Treatment,FALSE,4
407078,109915,2069,106,24-02-2025,26-02-2025,Referral,106-03,Discharged,FALSE,2
407079,111508,2060,103,21-09-2025,25-09-2025,Elective,103-42,Discharged,FALSE,4
407080,105267,2006,106,22-09-2025,02-10-2025,Elective,106-01,Transferred,FALSE,10
407081,108253,2060,103,12-11-2025,13-11-2025,Emergency,103-41,Discharged,FALSE,1
407082,102302,2004,101,16-02-2025,21-02-2025,Elective,101-05,Discharged,FALSE,5
407083,110456,2054,102,12-05-2025,14-05-2025,Referral,102-02,Discharged,FALSE,2
407084,106042,2035,103,13-07-2025,17-07-2025,Elective,103-18,Discharged,FALSE,4
407085,101153,2080,107,01-02-2025,02-02-2025,Referral,107-17,Under Treatment,FALSE,1
407086,103762,2058,102,11-03-2025,22-03-2025,Elective,102-06,Discharged,FALSE,11
407087,103182,2020,102,02-03-2026,03-03-2026,Elective,102-28,Discharged,FALSE,1
407088,108203,2007,106,05-08-2025,08-08-2025,Emergency,106-29,Discharged,FALSE,3
407089,109957,2009,105,27-04-2026,02-05-2026,Emergency,105-24,Discharged,FALSE,5
407090,111999,2004,101,07-10-2025,12-10-2025,Elective,101-34,Discharged,FALSE,5
407091,110169,2061,104,09-02-2026,12-02-2026,Elective,104-15,Discharged,FALSE,3
407092,102899,2071,103,19-09-2025,21-09-2025,Emergency,103-27,Transferred,FALSE,2
407093,108869,2042,102,24-10-2025,25-10-2025,Emergency,102-22,Transferred,FALSE,1
407094,110580,2039,108,03-09-2025,05-09-2025,Emergency,108-21,Under Treatment,FALSE,2
407095,108934,2077,106,06-01-2025,13-01-2025,Elective,106-13,Discharged,FALSE,7
407096,106052,2041,105,09-02-2026,15-02-2026,Elective,105-17,Discharged,FALSE,6
407097,109954,2044,106,16-11-2025,17-11-2025,Elective,106-39,Discharged,FALSE,1
407098,104410,2009,105,11-05-2026,14-05-2026,Elective,105-31,Discharged,FALSE,3
407099,105121,2035,103,01-02-2025,06-02-2025,Emergency,103-46,Discharged,FALSE,5
407100,110789,2013,105,24-01-2026,04-02-2026,Elective,105-29,Discharged,FALSE,11
407101,104449,2013,105,06-05-2025,07-05-2025,Elective,105-49,Discharged,FALSE,1
407102,102716,2067,107,10-01-2026,13-01-2026,Referral,107-48,Under Treatment,FALSE,3
407103,100264,2024,108,09-03-2026,11-03-2026,Referral,108-30,Discharged,FALSE,2
407104,106871,2015,103,05-03-2026,08-03-2026,Emergency,103-44,Discharged,TRUE,3
407105,100030,2061,104,01-03-2025,02-03-2025,Elective,104-08,Discharged,FALSE,1
407106,108214,2040,106,16-05-2025,23-05-2025,Emergency,106-17,Discharged,FALSE,7
407107,104721,2053,105,05-12-2025,07-12-2025,Emergency,105-15,Discharged,FALSE,2
407108,105226,2036,102,26-04-2025,03-05-2025,Elective,102-21,Discharged,FALSE,7
407109,111839,2078,105,23-01-2025,24-01-2025,Elective,105-12,Discharged,FALSE,1
407110,111538,2060,103,21-02-2025,24-02-2025,Emergency,103-03,Discharged,FALSE,3
407111,104607,2006,106,10-06-2026,13-06-2026,Elective,106-45,Discharged,TRUE,3
407112,111840,2061,104,05-09-2025,07-09-2025,Emergency,104-24,Discharged,FALSE,2
407113,102722,2039,108,13-01-2026,18-01-2026,Elective,108-48,Discharged,TRUE,5
407114,105926,2029,102,02-10-2025,03-10-2025,Elective,102-32,Discharged,FALSE,1
407115,108704,2070,106,18-12-2025,20-12-2025,Referral,106-42,Discharged,FALSE,2
407116,105091,2006,106,12-06-2025,15-06-2025,Elective,106-32,Discharged,FALSE,3
407117,102254,2055,106,16-03-2025,24-03-2025,Elective,106-39,Discharged,FALSE,8
407118,100283,2038,108,19-09-2025,20-09-2025,Elective,108-48,Discharged,TRUE,1
407119,111051,2041,105,13-09-2025,19-09-2025,Elective,105-49,Discharged,FALSE,6
407120,104774,2014,105,27-04-2026,03-05-2026,Emergency,105-09,Discharged,FALSE,6
407121,104372,2065,104,17-11-2025,21-11-2025,Elective,104-27,Discharged,FALSE,4
407122,100887,2003,103,26-07-2025,27-07-2025,Emergency,103-43,Discharged,FALSE,1
407123,102932,2065,104,29-01-2025,31-01-2025,Elective,104-32,Discharged,FALSE,2
407124,103596,2062,101,28-06-2025,01-07-2025,Elective,101-38,Discharged,TRUE,3
407125,109740,2033,105,26-04-2026,04-05-2026,Elective,105-48,Discharged,FALSE,8
407126,107952,2075,104,01-05-2025,06-05-2025,Elective,104-23,Discharged,FALSE,5
407127,102646,2023,108,20-03-2025,25-03-2025,Emergency,108-27,Discharged,FALSE,5
407128,108934,2073,101,27-11-2025,10-12-2025,Emergency,101-14,Under Treatment,FALSE,13
407129,105958,2075,104,12-12-2025,15-12-2025,Elective,104-32,Under Treatment,FALSE,3
407130,106662,2047,102,21-05-2026,24-05-2026,Elective,102-33,Transferred,FALSE,3
407131,101837,2047,102,06-03-2025,07-03-2025,Elective,102-24,Discharged,FALSE,1
407132,108082,2008,105,12-04-2026,13-04-2026,Emergency,105-31,Transferred,FALSE,1
407133,102187,2061,104,16-07-2025,17-07-2025,Emergency,104-46,Discharged,TRUE,1
407134,107763,2048,101,28-11-2025,07-12-2025,Elective,101-45,Transferred,FALSE,9
407135,102372,2020,102,06-09-2025,09-09-2025,Emergency,102-22,Discharged,FALSE,3
407136,104715,2075,104,19-04-2025,21-04-2025,Elective,104-12,Discharged,FALSE,2
407137,105014,2065,104,17-05-2025,21-05-2025,Referral,104-47,Discharged,FALSE,4
407138,100079,2058,102,17-06-2026,24-06-2026,Emergency,102-18,Discharged,FALSE,7
407139,110455,2059,104,30-05-2025,07-06-2025,Emergency,104-49,Discharged,FALSE,8
407140,106718,2002,107,16-05-2025,25-05-2025,Elective,107-05,Under Treatment,FALSE,9
407141,106498,2007,106,20-04-2026,25-04-2026,Elective,106-10,Discharged,FALSE,5
407142,103294,2039,108,03-02-2026,05-02-2026,Elective,108-07,Transferred,FALSE,2
407143,103615,2044,106,31-08-2025,06-09-2025,Elective,106-48,Discharged,FALSE,6
407144,108988,2009,105,28-05-2026,29-05-2026,Elective,105-26,Discharged,TRUE,1
407145,111826,2069,106,16-09-2025,17-09-2025,Elective,106-10,Discharged,FALSE,1
407146,108811,2028,107,02-10-2025,05-10-2025,Elective,107-13,Discharged,FALSE,3
407147,101467,2033,105,20-03-2026,22-03-2026,Elective,105-05,Discharged,TRUE,2
407148,103842,2075,104,29-08-2025,05-09-2025,Elective,104-26,Transferred,FALSE,7
407149,101889,2056,102,05-04-2026,07-04-2026,Referral,102-31,Discharged,FALSE,2
407150,103981,2033,105,21-07-2025,24-07-2025,Referral,105-36,Discharged,FALSE,3
407151,101795,2031,104,16-01-2026,17-01-2026,Emergency,104-40,Discharged,FALSE,1
407152,106503,2007,106,09-08-2025,15-08-2025,Elective,106-40,Discharged,FALSE,6
407153,107141,2059,104,07-02-2026,10-02-2026,Referral,104-14,Discharged,FALSE,3
407154,102779,2002,107,12-08-2025,17-08-2025,Referral,107-38,Discharged,FALSE,5
407155,101989,2066,102,13-02-2026,18-02-2026,Elective,102-08,Discharged,FALSE,5
407156,101147,2039,108,19-07-2025,21-07-2025,Referral,108-47,Discharged,FALSE,2
407157,101794,2076,104,12-01-2025,14-01-2025,Emergency,104-29,Discharged,FALSE,2
407158,107968,2074,108,10-06-2025,18-06-2025,Emergency,108-15,Discharged,FALSE,8
407159,106600,2067,107,08-01-2025,14-01-2025,Elective,107-35,Discharged,FALSE,6
407160,107380,2067,107,11-02-2026,16-02-2026,Emergency,107-16,Discharged,FALSE,5
407161,101496,2013,105,16-08-2025,19-08-2025,Emergency,105-19,Discharged,FALSE,3
407162,101411,2050,101,21-07-2025,30-07-2025,Elective,101-37,Discharged,FALSE,9
407163,101567,2032,101,23-12-2025,05-01-2026,Referral,101-50,Discharged,FALSE,13
407164,110897,2079,104,14-03-2026,17-03-2026,Emergency,104-08,Discharged,FALSE,3
407165,101786,2056,102,18-12-2025,21-12-2025,Elective,102-42,Transferred,FALSE,3
407166,106239,2016,107,11-06-2026,19-06-2026,Elective,107-09,Discharged,FALSE,8
407167,104674,2053,105,04-04-2026,07-04-2026,Elective,105-38,Discharged,FALSE,3
407168,103646,2018,104,13-06-2026,14-06-2026,Elective,104-11,Discharged,TRUE,1
407169,106674,2025,105,13-04-2025,17-04-2025,Elective,105-42,Discharged,TRUE,4
407170,110116,2017,106,09-02-2026,10-02-2026,Emergency,106-21,Discharged,FALSE,1
407171,101612,2050,101,09-06-2025,13-06-2025,Elective,101-39,Transferred,FALSE,4
407172,104395,2077,106,26-08-2025,28-08-2025,Emergency,106-10,Discharged,FALSE,2
407173,102228,2002,107,11-05-2025,13-05-2025,Elective,107-16,Discharged,FALSE,2
407174,108930,2033,105,24-12-2025,28-12-2025,Referral,105-50,Discharged,FALSE,4
407175,101959,2001,102,17-01-2025,19-01-2025,Elective,102-36,Under Treatment,FALSE,2
407176,107428,2046,107,06-02-2026,09-02-2026,Elective,107-17,Transferred,FALSE,3
407177,107861,2061,104,30-11-2025,07-12-2025,Emergency,104-06,Discharged,FALSE,7
407178,104855,2013,105,23-03-2026,24-03-2026,Emergency,105-03,Discharged,FALSE,1
407179,104174,2021,108,09-02-2025,11-02-2025,Elective,108-34,Discharged,FALSE,2
407180,101525,2032,101,08-04-2026,14-04-2026,Referral,101-34,Discharged,FALSE,6
407181,105483,2031,104,30-06-2025,03-07-2025,Emergency,104-31,Discharged,FALSE,3
407182,104917,2070,106,05-05-2025,08-05-2025,Emergency,106-49,Discharged,FALSE,3
407183,111326,2007,106,01-06-2026,05-06-2026,Emergency,106-27,Discharged,FALSE,4
407184,103794,2028,107,24-08-2025,27-08-2025,Elective,107-39,Discharged,FALSE,3
407185,109604,2035,103,19-02-2026,22-02-2026,Elective,103-12,Under Treatment,FALSE,3
407186,111162,2019,101,20-03-2026,22-03-2026,Referral,101-29,Discharged,TRUE,2
407187,109978,2024,108,02-02-2025,06-02-2025,Emergency,108-42,Discharged,FALSE,4
407188,101933,2025,105,23-06-2025,26-06-2025,Emergency,105-49,Discharged,FALSE,3
407189,101517,2047,102,10-09-2025,12-09-2025,Elective,102-39,Discharged,FALSE,2
407190,110052,2056,102,27-05-2025,06-06-2025,Elective,102-13,Discharged,FALSE,10
407191,111856,2061,104,25-05-2025,27-05-2025,Elective,104-49,Discharged,FALSE,2
407192,103620,2022,101,17-11-2025,21-11-2025,Elective,101-44,Discharged,FALSE,4
407193,106346,2037,105,15-03-2025,22-03-2025,Referral,105-04,Discharged,TRUE,7
407194,101325,2051,108,28-07-2025,31-07-2025,Elective,108-31,Discharged,FALSE,3
407195,110477,2080,107,08-10-2025,09-10-2025,Elective,107-19,Discharged,FALSE,1
407196,108815,2030,105,04-06-2025,14-06-2025,Elective,105-39,Discharged,FALSE,10
407197,102015,2073,101,01-06-2026,04-06-2026,Emergency,101-44,Discharged,FALSE,3
407198,101953,2057,101,16-01-2025,19-01-2025,Emergency,101-42,Discharged,FALSE,3
407199,103390,2063,108,22-01-2026,25-01-2026,Referral,108-45,Discharged,FALSE,3
407200,108527,2044,106,09-02-2025,10-02-2025,Emergency,106-09,Discharged,FALSE,1
407201,103961,2009,105,01-03-2025,02-03-2025,Elective,105-16,Discharged,FALSE,1
407202,109415,2020,102,19-01-2026,21-01-2026,Elective,102-37,Discharged,FALSE,2
407203,111040,2016,107,28-01-2025,31-01-2025,Emergency,107-09,Discharged,FALSE,3
407204,100464,2038,108,14-12-2025,22-12-2025,Elective,108-10,Discharged,FALSE,8
407205,106629,2065,104,18-07-2025,20-07-2025,Referral,104-21,Discharged,FALSE,2
407206,100438,2078,105,19-01-2026,24-01-2026,Elective,105-19,Discharged,FALSE,5
407207,111998,2051,108,19-04-2025,21-04-2025,Elective,108-48,Discharged,FALSE,2
407208,102715,2054,102,05-11-2025,07-11-2025,Referral,102-38,Discharged,FALSE,2
407209,106451,2008,105,03-04-2025,08-04-2025,Elective,105-26,Transferred,FALSE,5
407210,111325,2032,101,06-08-2025,08-08-2025,Referral,101-08,Discharged,FALSE,2
407211,100137,2061,104,14-05-2025,23-05-2025,Emergency,104-28,Discharged,FALSE,9
407212,110307,2031,104,01-04-2026,07-04-2026,Emergency,104-15,Discharged,FALSE,6
407213,107286,2051,108,24-08-2025,25-08-2025,Emergency,108-23,Discharged,FALSE,1
407214,103132,2032,101,12-10-2025,14-10-2025,Referral,101-45,Discharged,FALSE,2
407215,104351,2078,105,06-07-2025,07-07-2025,Emergency,105-28,Discharged,FALSE,1
407216,102397,2063,108,06-02-2026,09-02-2026,Elective,108-16,Discharged,FALSE,3
407217,106715,2044,106,12-01-2025,19-01-2025,Elective,106-11,Discharged,FALSE,7
407218,103222,2034,102,18-12-2025,20-12-2025,Emergency,102-05,Discharged,FALSE,2
407219,101298,2032,101,30-05-2025,01-06-2025,Referral,101-36,Transferred,FALSE,2
407220,110576,2050,101,20-11-2025,24-11-2025,Elective,101-25,Discharged,FALSE,4
407221,100006,2028,107,26-09-2025,28-09-2025,Emergency,107-25,Under Treatment,FALSE,2
407222,111038,2007,106,10-07-2025,12-07-2025,Emergency,106-43,Discharged,FALSE,2
407223,102779,2008,105,17-10-2025,21-10-2025,Emergency,105-06,Discharged,FALSE,4
407224,109429,2051,108,30-01-2025,04-02-2025,Emergency,108-22,Discharged,FALSE,5
407225,103188,2072,107,17-12-2025,22-12-2025,Elective,107-30,Transferred,FALSE,5
407226,103441,2030,105,12-08-2025,16-08-2025,Elective,105-01,Discharged,FALSE,4
407227,100820,2004,101,15-01-2026,20-01-2026,Emergency,101-40,Discharged,FALSE,5
407228,108613,2037,105,20-07-2025,26-07-2025,Emergency,105-08,Discharged,TRUE,6
407229,106045,2023,108,22-12-2025,23-12-2025,Elective,108-31,Discharged,FALSE,1
407230,104676,2034,102,13-10-2025,16-10-2025,Emergency,102-33,Discharged,FALSE,3
407231,100621,2077,106,03-05-2025,06-05-2025,Elective,106-28,Discharged,FALSE,3
407232,101125,2064,108,11-05-2025,14-05-2025,Referral,108-28,Discharged,FALSE,3
407233,103759,2024,108,28-02-2025,03-03-2025,Elective,108-49,Discharged,FALSE,3
407234,108114,2068,101,20-02-2026,21-02-2026,Emergency,101-04,Discharged,FALSE,1
407235,100305,2065,104,20-01-2025,21-01-2025,Elective,104-26,Discharged,FALSE,1
407236,108028,2055,106,11-01-2026,15-01-2026,Elective,106-38,Transferred,FALSE,4
407237,102065,2027,101,25-03-2026,06-04-2026,Emergency,101-29,Discharged,FALSE,12
407238,103144,2010,104,05-01-2025,09-01-2025,Referral,104-01,Discharged,FALSE,4
407239,109009,2044,106,05-01-2025,07-01-2025,Elective,106-08,Discharged,FALSE,2
407240,104677,2012,106,15-02-2026,21-02-2026,Elective,106-13,Discharged,FALSE,6
407241,111771,2076,104,19-01-2025,20-01-2025,Elective,104-50,Discharged,FALSE,1
407242,106188,2025,105,25-03-2026,26-03-2026,Elective,105-30,Discharged,FALSE,1
407243,106433,2071,103,17-05-2025,21-05-2025,Elective,103-12,Discharged,FALSE,4
407244,100397,2052,104,15-12-2025,17-12-2025,Emergency,104-43,Discharged,FALSE,2
407245,102510,2051,108,21-02-2025,24-02-2025,Referral,108-26,Discharged,FALSE,3
407246,109253,2005,106,01-05-2025,02-05-2025,Emergency,106-48,Discharged,FALSE,1
407247,105618,2027,101,22-10-2025,23-10-2025,Elective,101-19,Discharged,FALSE,1
407248,111244,2055,106,16-03-2026,18-03-2026,Elective,106-22,Under Treatment,FALSE,2
407249,105965,2034,102,10-03-2025,17-03-2025,Elective,102-33,Discharged,FALSE,7
407250,100341,2037,105,01-02-2025,02-02-2025,Elective,105-11,Discharged,FALSE,1
407251,109359,2047,102,09-02-2026,16-02-2026,Elective,102-08,Under Treatment,FALSE,7
407252,101630,2003,103,08-04-2025,10-04-2025,Emergency,103-21,Discharged,FALSE,2
407253,107800,2066,102,21-01-2025,25-01-2025,Emergency,102-02,Discharged,FALSE,4
407254,105753,2070,106,16-08-2025,22-08-2025,Elective,106-28,Discharged,FALSE,6
407255,110950,2013,105,31-03-2026,04-04-2026,Referral,105-06,Discharged,FALSE,4
407256,105412,2076,104,21-04-2026,27-04-2026,Elective,104-31,Discharged,FALSE,6
407257,107642,2052,104,30-08-2025,06-09-2025,Elective,104-27,Discharged,FALSE,7
407258,104059,2053,105,06-02-2025,09-02-2025,Elective,105-12,Transferred,FALSE,3
407259,110604,2059,104,12-05-2025,13-05-2025,Elective,104-49,Discharged,FALSE,1
407260,106693,2011,108,05-05-2026,14-05-2026,Emergency,108-34,Transferred,FALSE,9
407261,102764,2050,101,14-11-2025,16-11-2025,Emergency,101-09,Discharged,FALSE,2
407262,106813,2048,101,29-06-2025,08-07-2025,Emergency,101-29,Transferred,FALSE,9
407263,111607,2056,102,27-10-2025,31-10-2025,Elective,102-50,Discharged,FALSE,4
407264,109796,2043,108,25-01-2026,26-01-2026,Emergency,108-46,Discharged,FALSE,1
407265,109545,2033,105,14-04-2025,15-04-2025,Referral,105-22,Discharged,FALSE,1
407266,105121,2015,103,13-11-2025,16-11-2025,Emergency,103-20,Discharged,FALSE,3
407267,108667,2075,104,27-01-2026,28-01-2026,Emergency,104-38,Transferred,FALSE,1
407268,110384,2063,108,18-06-2025,20-06-2025,Emergency,108-43,Discharged,FALSE,2
407269,110907,2003,103,15-05-2026,16-05-2026,Emergency,103-22,Discharged,FALSE,1
407270,107099,2016,107,17-03-2026,20-03-2026,Elective,107-29,Discharged,FALSE,3
407271,109309,2048,101,12-08-2025,15-08-2025,Elective,101-36,Discharged,TRUE,3
407272,108394,2021,108,12-05-2025,16-05-2025,Elective,108-22,Discharged,FALSE,4
407273,105475,2010,104,28-06-2025,01-07-2025,Elective,104-13,Discharged,FALSE,3
407274,111209,2070,106,07-03-2025,10-03-2025,Emergency,106-26,Transferred,TRUE,3
407275,110676,2079,104,16-05-2026,18-05-2026,Emergency,104-38,Transferred,FALSE,2
407276,109702,2074,108,05-01-2026,07-01-2026,Referral,108-45,Discharged,FALSE,2
407277,106135,2056,102,10-04-2025,13-04-2025,Elective,102-50,Discharged,TRUE,3
407278,110800,2071,103,18-01-2026,19-01-2026,Elective,103-29,Discharged,FALSE,1
407279,100488,2026,102,01-06-2025,02-06-2025,Elective,102-08,Discharged,FALSE,1
407280,107443,2064,108,18-03-2026,25-03-2026,Emergency,108-21,Discharged,FALSE,7
407281,106166,2027,101,14-08-2025,28-08-2025,Emergency,101-33,Discharged,FALSE,14
407282,101413,2077,106,05-05-2026,13-05-2026,Elective,106-45,Discharged,FALSE,8
407283,103130,2029,102,11-03-2025,19-03-2025,Elective,102-49,Discharged,FALSE,8
407284,101435,2056,102,16-03-2025,18-03-2025,Elective,102-36,Discharged,FALSE,2
407285,104016,2021,108,27-05-2025,31-05-2025,Elective,108-02,Discharged,FALSE,4
407286,111236,2067,107,03-05-2026,07-05-2026,Elective,107-22,Discharged,TRUE,4
407287,104775,2059,104,24-02-2025,28-02-2025,Emergency,104-49,Discharged,FALSE,4
407288,105948,2012,106,07-04-2025,08-04-2025,Elective,106-15,Discharged,FALSE,1
407289,103236,2021,108,20-06-2025,27-06-2025,Elective,108-10,Discharged,FALSE,7
407290,104601,2064,108,21-02-2025,24-02-2025,Elective,108-35,Discharged,FALSE,3
407291,105936,2053,105,27-02-2026,02-03-2026,Emergency,105-46,Discharged,FALSE,3
407292,105277,2064,108,10-06-2026,12-06-2026,Elective,108-40,Discharged,FALSE,2
407293,102123,2039,108,13-04-2026,20-04-2026,Emergency,108-14,Discharged,TRUE,7
407294,104606,2077,106,11-06-2026,16-06-2026,Emergency,106-18,Discharged,FALSE,5
407295,107475,2030,105,04-12-2025,15-12-2025,Elective,105-22,Discharged,FALSE,11
407296,110349,2074,108,06-03-2025,18-03-2025,Elective,108-44,Discharged,FALSE,12
407297,108295,2022,101,18-03-2026,20-03-2026,Elective,101-28,Discharged,FALSE,2
407298,109607,2070,106,02-05-2026,10-05-2026,Elective,106-44,Discharged,FALSE,8
407299,111236,2007,106,13-08-2025,16-08-2025,Elective,106-25,Discharged,FALSE,3
407300,103779,2073,101,24-03-2025,26-03-2025,Elective,101-16,Discharged,FALSE,2
407301,101684,2077,106,09-05-2026,10-05-2026,Referral,106-22,Discharged,FALSE,1
407302,100730,2069,106,11-07-2025,18-07-2025,Emergency,106-05,Discharged,FALSE,7
407303,105057,2035,103,14-04-2026,19-04-2026,Emergency,103-01,Transferred,FALSE,5
407304,106133,2002,107,01-02-2025,11-02-2025,Elective,107-11,Discharged,FALSE,10
407305,110860,2001,102,31-07-2025,05-08-2025,Elective,102-18,Discharged,FALSE,5
407306,101121,2070,106,03-09-2025,07-09-2025,Emergency,106-11,Discharged,FALSE,4
407307,108834,2045,107,20-06-2026,24-06-2026,Elective,107-15,Discharged,FALSE,4
407308,100229,2078,105,29-01-2026,03-02-2026,Emergency,105-02,Discharged,FALSE,5
407309,110315,2005,106,20-06-2025,27-06-2025,Elective,106-24,Discharged,FALSE,7
407310,101013,2002,107,18-11-2025,22-11-2025,Elective,107-34,Transferred,FALSE,4
407311,107397,2070,106,24-11-2025,29-11-2025,Referral,106-15,Discharged,TRUE,5
407312,106033,2029,102,05-01-2025,11-01-2025,Elective,102-09,Transferred,FALSE,6
407313,101543,2068,101,15-01-2025,16-01-2025,Emergency,101-18,Discharged,TRUE,1
407314,100053,2080,107,30-08-2025,02-09-2025,Referral,107-38,Discharged,FALSE,3
407315,109463,2073,101,14-12-2025,17-12-2025,Elective,101-20,Discharged,FALSE,3
407316,110399,2075,104,10-09-2025,15-09-2025,Elective,104-06,Discharged,FALSE,5
407317,101365,2046,107,05-09-2025,13-09-2025,Elective,107-45,Discharged,FALSE,8
407318,108005,2037,105,06-10-2025,09-10-2025,Emergency,105-11,Discharged,TRUE,3
407319,111481,2003,103,16-04-2026,20-04-2026,Elective,103-34,Discharged,FALSE,4
407320,106596,2076,104,12-01-2026,13-01-2026,Emergency,104-50,Discharged,FALSE,1
407321,102455,2060,103,01-06-2025,06-06-2025,Elective,103-06,Under Treatment,FALSE,5
407322,102898,2036,102,10-02-2026,16-02-2026,Elective,102-07,Transferred,FALSE,6
407323,111249,2017,106,06-07-2025,08-07-2025,Elective,106-23,Discharged,FALSE,2
407324,105118,2052,104,22-10-2025,23-10-2025,Elective,104-13,Discharged,FALSE,1
407325,109622,2059,104,03-01-2026,05-01-2026,Emergency,104-24,Transferred,FALSE,2
407326,102452,2041,105,31-03-2026,02-04-2026,Elective,105-01,Discharged,FALSE,2
407327,102818,2015,103,12-01-2026,14-01-2026,Emergency,103-08,Discharged,TRUE,2
407328,104771,2063,108,27-10-2025,03-11-2025,Emergency,108-40,Discharged,TRUE,7
407329,104528,2005,106,25-01-2025,26-01-2025,Emergency,106-44,Discharged,FALSE,1
407330,103515,2035,103,07-04-2026,10-04-2026,Elective,103-22,Discharged,FALSE,3
407331,100941,2008,105,19-04-2026,21-04-2026,Emergency,105-35,Discharged,FALSE,2
407332,111938,2009,105,24-08-2025,26-08-2025,Elective,105-10,Discharged,TRUE,2
407333,108266,2079,104,31-10-2025,01-11-2025,Elective,104-28,Discharged,FALSE,1
407334,110105,2073,101,16-09-2025,21-09-2025,Emergency,101-05,Discharged,TRUE,5
407335,100821,2078,105,09-08-2025,15-08-2025,Referral,105-35,Under Treatment,FALSE,6
407336,101127,2005,106,27-08-2025,31-08-2025,Elective,106-31,Discharged,FALSE,4
407337,104866,2045,107,11-02-2026,16-02-2026,Elective,107-47,Discharged,FALSE,5
407338,104066,2029,102,26-08-2025,29-08-2025,Referral,102-08,Discharged,FALSE,3
407339,104991,2066,102,14-11-2025,16-11-2025,Emergency,102-19,Discharged,FALSE,2
407340,107117,2058,102,06-09-2025,07-09-2025,Elective,102-01,Discharged,FALSE,1
407341,105694,2031,104,31-03-2026,05-04-2026,Elective,104-05,Discharged,FALSE,5
407342,101989,2028,107,06-12-2025,09-12-2025,Emergency,107-15,Under Treatment,TRUE,3
407343,108515,2015,103,22-03-2026,24-03-2026,Elective,103-46,Under Treatment,FALSE,2
407344,105002,2076,104,19-10-2025,22-10-2025,Emergency,104-11,Discharged,FALSE,3
407345,104606,2039,108,03-11-2025,05-11-2025,Elective,108-24,Discharged,FALSE,2
407346,104839,2018,104,22-02-2026,23-02-2026,Referral,104-24,Discharged,FALSE,1
407347,110097,2026,102,13-04-2025,14-04-2025,Emergency,102-33,Transferred,FALSE,1
407348,108884,2010,104,31-10-2025,03-11-2025,Elective,104-14,Discharged,FALSE,3
407349,100259,2077,106,13-07-2025,16-07-2025,Emergency,106-25,Discharged,FALSE,3
407350,110166,2032,101,09-07-2025,11-07-2025,Elective,101-14,Discharged,FALSE,2
407351,110330,2041,105,04-05-2025,07-05-2025,Elective,105-24,Discharged,FALSE,3
407352,103438,2037,105,19-02-2026,24-02-2026,Emergency,105-39,Discharged,FALSE,5
407353,100542,2005,106,26-02-2025,01-03-2025,Elective,106-19,Discharged,TRUE,3
407354,111771,2022,101,12-08-2025,15-08-2025,Referral,101-47,Discharged,FALSE,3
407355,107405,2054,102,24-10-2025,01-11-2025,Emergency,102-06,Discharged,FALSE,8
407356,105708,2035,103,29-07-2025,31-07-2025,Elective,103-18,Discharged,FALSE,2
407357,105918,2001,102,20-05-2026,26-05-2026,Elective,102-25,Discharged,FALSE,6
407358,103021,2074,108,25-07-2025,26-07-2025,Emergency,108-29,Transferred,TRUE,1
407359,106327,2062,101,05-12-2025,13-12-2025,Referral,101-06,Under Treatment,TRUE,8
407360,111382,2057,101,16-08-2025,24-08-2025,Emergency,101-30,Discharged,FALSE,8
407361,107379,2034,102,06-05-2026,12-05-2026,Elective,102-07,Discharged,FALSE,6
407362,105275,2022,101,12-06-2025,16-06-2025,Elective,101-13,Transferred,FALSE,4
407363,108974,2060,103,15-01-2025,18-01-2025,Elective,103-47,Discharged,FALSE,3
407364,104783,2003,103,08-05-2026,20-05-2026,Elective,103-24,Discharged,FALSE,12
407365,100229,2070,106,13-09-2025,17-09-2025,Emergency,106-22,Discharged,TRUE,4
407366,102729,2032,101,16-08-2025,17-08-2025,Elective,101-33,Discharged,FALSE,1
407367,101314,2032,101,08-02-2025,11-02-2025,Emergency,101-38,Discharged,TRUE,3
407368,108990,2026,102,18-09-2025,19-09-2025,Referral,102-11,Discharged,FALSE,1
407369,105201,2012,106,13-12-2025,14-12-2025,Elective,106-42,Discharged,FALSE,1
407370,109551,2055,106,26-09-2025,29-09-2025,Emergency,106-03,Discharged,TRUE,3
407371,109025,2076,104,07-03-2025,12-03-2025,Elective,104-36,Discharged,FALSE,5
407372,101270,2071,103,22-05-2026,25-05-2026,Referral,103-20,Discharged,FALSE,3
407373,108464,2019,101,19-02-2025,22-02-2025,Referral,101-06,Transferred,FALSE,3
407374,106010,2078,105,24-02-2025,06-03-2025,Referral,105-24,Discharged,FALSE,10
407375,103861,2009,105,10-07-2025,12-07-2025,Referral,105-16,Discharged,FALSE,2
407376,102525,2058,102,26-03-2026,31-03-2026,Referral,102-20,Under Treatment,FALSE,5
407377,101104,2039,108,14-01-2026,25-01-2026,Elective,108-41,Discharged,FALSE,11
407378,107211,2005,106,29-05-2025,03-06-2025,Emergency,106-25,Discharged,FALSE,5
407379,109799,2031,104,31-01-2025,03-02-2025,Elective,104-14,Discharged,FALSE,3
407380,100964,2031,104,22-08-2025,25-08-2025,Elective,104-19,Discharged,FALSE,3
407381,108878,2046,107,13-02-2026,15-02-2026,Elective,107-02,Discharged,FALSE,2
407382,101161,2009,105,18-03-2026,22-03-2026,Emergency,105-21,Discharged,FALSE,4
407383,107373,2041,105,15-04-2026,20-04-2026,Referral,105-47,Transferred,FALSE,5
407384,105188,2056,102,01-08-2025,09-08-2025,Elective,102-20,Discharged,FALSE,8
407385,108187,2019,101,29-01-2025,05-02-2025,Elective,101-38,Discharged,FALSE,7
407386,111596,2028,107,22-05-2026,25-05-2026,Emergency,107-16,Under Treatment,FALSE,3
407387,109759,2012,106,14-04-2026,17-04-2026,Referral,106-31,Discharged,TRUE,3
407388,104679,2029,102,23-07-2025,25-07-2025,Elective,102-16,Discharged,FALSE,2
407389,109464,2003,103,12-07-2025,16-07-2025,Emergency,103-47,Discharged,FALSE,4
407390,103893,2019,101,21-03-2025,25-03-2025,Elective,101-31,Discharged,FALSE,4
407391,106374,2012,106,06-02-2025,10-02-2025,Elective,106-26,Discharged,FALSE,4
407392,106683,2073,101,29-11-2025,30-11-2025,Elective,101-13,Discharged,FALSE,1
407393,104842,2072,107,23-01-2025,25-01-2025,Elective,107-28,Discharged,FALSE,2
407394,103983,2057,101,18-03-2026,20-03-2026,Emergency,101-12,Discharged,FALSE,2
407395,108909,2037,105,25-05-2025,27-05-2025,Elective,105-09,Discharged,FALSE,2
407396,110811,2023,108,09-07-2025,11-07-2025,Referral,108-38,Discharged,FALSE,2
407397,104496,2065,104,19-01-2025,23-01-2025,Referral,104-10,Discharged,FALSE,4
407398,111546,2016,107,10-12-2025,11-12-2025,Elective,107-49,Discharged,FALSE,1
407399,100351,2055,106,10-03-2026,15-03-2026,Elective,106-17,Discharged,FALSE,5
407400,102081,2074,108,06-04-2025,09-04-2025,Elective,108-46,Discharged,FALSE,3
407401,101225,2002,107,04-06-2025,08-06-2025,Elective,107-19,Discharged,FALSE,4
407402,104358,2020,102,03-05-2026,08-05-2026,Emergency,102-26,Discharged,FALSE,5
407403,109778,2071,103,06-02-2026,09-02-2026,Referral,103-28,Discharged,FALSE,3
407404,109477,2004,101,17-04-2026,22-04-2026,Elective,101-13,Discharged,FALSE,5
407405,101014,2048,101,02-01-2025,04-01-2025,Elective,101-07,Discharged,TRUE,2
407406,102747,2028,107,15-11-2025,26-11-2025,Referral,107-50,Transferred,FALSE,11
407407,106889,2021,108,24-05-2026,25-05-2026,Elective,108-36,Transferred,FALSE,1
407408,110438,2041,105,08-09-2025,10-09-2025,Elective,105-24,Under Treatment,FALSE,2
407409,105229,2037,105,17-11-2025,24-11-2025,Elective,105-10,Discharged,FALSE,7
407410,109384,2080,107,06-02-2025,07-02-2025,Elective,107-31,Discharged,FALSE,1
407411,102321,2027,101,31-03-2026,02-04-2026,Elective,101-24,Discharged,FALSE,2
407412,108884,2079,104,19-12-2025,22-12-2025,Elective,104-16,Discharged,FALSE,3
407413,103952,2010,104,26-06-2025,27-06-2025,Emergency,104-22,Discharged,FALSE,1
407414,106001,2075,104,29-10-2025,30-10-2025,Elective,104-05,Transferred,FALSE,1
407415,100720,2023,108,18-03-2025,22-03-2025,Referral,108-07,Discharged,FALSE,4
407416,111185,2044,106,16-03-2026,17-03-2026,Elective,106-48,Discharged,FALSE,1
407417,110506,2011,108,22-03-2026,30-03-2026,Elective,108-39,Discharged,FALSE,8
407418,101863,2014,105,28-06-2025,02-07-2025,Emergency,105-04,Discharged,FALSE,4
407419,111902,2067,107,14-10-2025,21-10-2025,Emergency,107-13,Discharged,FALSE,7
407420,104660,2059,104,25-03-2026,29-03-2026,Elective,104-42,Discharged,FALSE,4
407421,100282,2042,102,27-01-2025,29-01-2025,Elective,102-25,Discharged,TRUE,2
407422,108230,2035,103,12-08-2025,18-08-2025,Elective,103-24,Discharged,FALSE,6
407423,102756,2035,103,15-10-2025,16-10-2025,Elective,103-36,Discharged,FALSE,1
407424,111685,2041,105,02-11-2025,04-11-2025,Elective,105-11,Under Treatment,FALSE,2
407425,102173,2042,102,18-03-2026,28-03-2026,Emergency,102-22,Discharged,FALSE,10
407426,105072,2056,102,22-09-2025,29-09-2025,Elective,102-04,Discharged,FALSE,7
407427,100411,2027,101,04-04-2026,05-04-2026,Referral,101-37,Discharged,FALSE,1
407428,107548,2011,108,03-12-2025,07-12-2025,Referral,108-02,Discharged,FALSE,4
407429,105513,2017,106,01-12-2025,06-12-2025,Elective,106-35,Discharged,FALSE,5
407430,110772,2015,103,21-04-2025,25-04-2025,Emergency,103-11,Discharged,FALSE,4
407431,107475,2071,103,01-04-2026,02-04-2026,Emergency,103-04,Discharged,FALSE,1
407432,105201,2079,104,21-12-2025,27-12-2025,Elective,104-16,Discharged,FALSE,6
407433,108011,2034,102,31-05-2025,11-06-2025,Referral,102-13,Discharged,FALSE,11
407434,109700,2047,102,11-01-2025,20-01-2025,Elective,102-07,Discharged,FALSE,9
407435,100290,2033,105,09-03-2026,13-03-2026,Emergency,105-22,Discharged,FALSE,4
407436,111515,2012,106,13-10-2025,21-10-2025,Elective,106-17,Discharged,FALSE,8
407437,100731,2024,108,30-03-2025,06-04-2025,Elective,108-18,Transferred,FALSE,7
407438,110590,2009,105,11-06-2026,13-06-2026,Elective,105-29,Transferred,FALSE,2
407439,105070,2080,107,05-05-2026,07-05-2026,Elective,107-39,Discharged,FALSE,2
407440,102621,2069,106,20-05-2026,28-05-2026,Emergency,106-13,Discharged,FALSE,8
407441,104474,2065,104,21-01-2025,27-01-2025,Referral,104-04,Discharged,FALSE,6
407442,101439,2062,101,28-04-2026,03-05-2026,Elective,101-18,Discharged,FALSE,5
407443,107394,2023,108,17-05-2026,19-05-2026,Emergency,108-31,Discharged,FALSE,2
407444,102584,2032,101,26-04-2026,29-04-2026,Elective,101-19,Discharged,FALSE,3
407445,104470,2019,101,08-02-2025,10-02-2025,Elective,101-11,Discharged,FALSE,2
407446,109512,2048,101,23-08-2025,31-08-2025,Emergency,101-08,Under Treatment,FALSE,8
407447,100825,2058,102,26-01-2026,27-01-2026,Referral,102-03,Discharged,FALSE,1
407448,107936,2056,102,02-02-2026,09-02-2026,Emergency,102-38,Discharged,FALSE,7
407449,110213,2034,102,13-03-2025,21-03-2025,Elective,102-32,Under Treatment,FALSE,8
407450,111388,2022,101,28-04-2026,30-04-2026,Elective,101-27,Discharged,FALSE,2
407451,111372,2064,108,17-09-2025,25-09-2025,Elective,108-19,Discharged,FALSE,8
407452,101424,2066,102,21-09-2025,26-09-2025,Elective,102-45,Discharged,FALSE,5
407453,111694,2045,107,03-02-2026,06-02-2026,Elective,107-43,Discharged,FALSE,3
407454,105404,2019,101,26-05-2025,30-05-2025,Emergency,101-14,Discharged,FALSE,4
407455,108550,2046,107,21-03-2026,23-03-2026,Emergency,107-42,Discharged,FALSE,2
407456,108905,2001,102,17-11-2025,19-11-2025,Referral,102-24,Discharged,FALSE,2
407457,104195,2050,101,15-05-2026,21-05-2026,Elective,101-48,Under Treatment,FALSE,6
407458,101414,2004,101,23-02-2025,28-02-2025,Elective,101-48,Discharged,FALSE,5
407459,109229,2059,104,17-11-2025,23-11-2025,Elective,104-27,Discharged,FALSE,6
407460,102834,2068,101,28-05-2026,31-05-2026,Emergency,101-50,Discharged,FALSE,3
407461,105746,2023,108,04-10-2025,11-10-2025,Emergency,108-20,Discharged,FALSE,7
407462,103193,2021,108,02-02-2025,04-02-2025,Referral,108-04,Discharged,FALSE,2
407463,105895,2064,108,17-02-2026,21-02-2026,Elective,108-49,Discharged,TRUE,4
407464,103812,2036,102,21-06-2025,26-06-2025,Referral,102-13,Discharged,FALSE,5
407465,102465,2048,101,16-03-2025,17-03-2025,Elective,101-26,Discharged,FALSE,1
407466,109335,2014,105,06-04-2025,09-04-2025,Elective,105-10,Discharged,FALSE,3
407467,103907,2030,105,04-06-2025,06-06-2025,Elective,105-39,Discharged,FALSE,2
407468,101506,2042,102,13-11-2025,14-11-2025,Emergency,102-45,Discharged,FALSE,1
407469,103991,2036,102,30-07-2025,02-08-2025,Emergency,102-30,Discharged,FALSE,3
407470,107726,2020,102,20-05-2026,25-05-2026,Elective,102-29,Discharged,FALSE,5
407471,111455,2026,102,16-08-2025,22-08-2025,Elective,102-45,Discharged,FALSE,6
407472,108668,2073,101,07-12-2025,14-12-2025,Elective,101-07,Discharged,FALSE,7
407473,110417,2042,102,20-09-2025,25-09-2025,Emergency,102-48,Discharged,FALSE,5
407474,109813,2025,105,20-01-2026,24-01-2026,Elective,105-43,Transferred,FALSE,4
407475,110741,2022,101,31-01-2025,01-02-2025,Elective,101-48,Discharged,FALSE,1
407476,103847,2014,105,22-11-2025,24-11-2025,Elective,105-39,Discharged,FALSE,2
407477,100785,2044,106,15-06-2025,18-06-2025,Referral,106-37,Discharged,FALSE,3
407478,100505,2078,105,22-01-2025,24-01-2025,Elective,105-04,Discharged,FALSE,2
407479,110623,2047,102,10-04-2025,13-04-2025,Elective,102-36,Under Treatment,FALSE,3
407480,110850,2036,102,24-03-2026,26-03-2026,Elective,102-27,Discharged,FALSE,2
407481,105577,2073,101,22-02-2026,25-02-2026,Elective,101-11,Under Treatment,FALSE,3
407482,111233,2072,107,06-01-2025,09-01-2025,Elective,107-19,Discharged,FALSE,3
407483,106349,2007,106,08-03-2026,18-03-2026,Elective,106-26,Discharged,FALSE,10
407484,101635,2024,108,01-02-2026,04-02-2026,Elective,108-30,Discharged,FALSE,3
407485,109943,2071,103,13-12-2025,20-12-2025,Emergency,103-46,Discharged,FALSE,7
407486,110073,2030,105,18-06-2025,20-06-2025,Emergency,105-33,Discharged,FALSE,2
407487,100234,2020,102,16-08-2025,22-08-2025,Referral,102-07,Discharged,FALSE,6
407488,109871,2005,106,23-01-2026,26-01-2026,Emergency,106-24,Discharged,FALSE,3
407489,104208,2013,105,28-11-2025,02-12-2025,Referral,105-46,Discharged,FALSE,4
407490,108628,2009,105,04-07-2025,10-07-2025,Elective,105-43,Discharged,TRUE,6
407491,106571,2073,101,13-10-2025,16-10-2025,Elective,101-09,Discharged,FALSE,3
407492,102447,2074,108,02-10-2025,04-10-2025,Emergency,108-08,Discharged,FALSE,2
407493,109935,2017,106,25-05-2026,29-05-2026,Emergency,106-13,Discharged,FALSE,4
407494,106708,2016,107,29-09-2025,04-10-2025,Referral,107-44,Discharged,FALSE,5
407495,104706,2053,105,13-08-2025,16-08-2025,Elective,105-14,Discharged,FALSE,3
407496,110300,2028,107,15-02-2025,21-02-2025,Emergency,107-48,Discharged,FALSE,6
407497,101978,2009,105,20-10-2025,26-10-2025,Elective,105-25,Discharged,FALSE,6
407498,102126,2080,107,19-02-2025,21-02-2025,Emergency,107-12,Discharged,FALSE,2
407499,110850,2014,105,16-01-2026,18-01-2026,Emergency,105-49,Discharged,FALSE,2
407500,107141,2047,102,07-06-2026,12-06-2026,Emergency,102-44,Discharged,FALSE,5
407501,111000,2006,106,13-11-2025,15-11-2025,Referral,106-38,Discharged,FALSE,2
407502,103342,2017,106,06-12-2025,09-12-2025,Elective,106-37,Discharged,FALSE,3
407503,101933,2030,105,11-01-2025,12-01-2025,Elective,105-14,Discharged,FALSE,1
407504,109745,2005,106,22-04-2026,27-04-2026,Referral,106-14,Discharged,FALSE,5
407505,110853,2013,105,29-08-2025,30-08-2025,Emergency,105-33,Under Treatment,TRUE,1
407506,108432,2056,102,05-03-2026,16-03-2026,Referral,102-44,Discharged,TRUE,11
407507,111576,2058,102,04-08-2025,06-08-2025,Emergency,102-18,Discharged,FALSE,2
407508,108448,2017,106,02-05-2026,07-05-2026,Elective,106-04,Discharged,FALSE,5
407509,102984,2041,105,03-11-2025,08-11-2025,Elective,105-11,Discharged,FALSE,5
407510,102080,2057,101,25-05-2025,29-05-2025,Referral,101-49,Discharged,FALSE,4
407511,100066,2076,104,08-01-2026,14-01-2026,Elective,104-19,Transferred,FALSE,6
407512,100319,2070,106,22-05-2026,26-05-2026,Elective,106-25,Transferred,FALSE,4
407513,104755,2074,108,28-03-2026,29-03-2026,Elective,108-41,Discharged,FALSE,1
407514,100911,2052,104,15-01-2025,20-01-2025,Referral,104-24,Discharged,FALSE,5
407515,101885,2075,104,21-01-2026,26-01-2026,Elective,104-21,Discharged,FALSE,5
407516,107513,2035,103,06-05-2025,07-05-2025,Emergency,103-48,Discharged,FALSE,1
407517,108129,2068,101,10-01-2025,17-01-2025,Elective,101-10,Discharged,FALSE,7
407518,104023,2013,105,04-08-2025,11-08-2025,Elective,105-37,Discharged,FALSE,7
407519,102765,2004,101,17-03-2025,20-03-2025,Emergency,101-09,Discharged,FALSE,3
407520,105411,2030,105,25-07-2025,06-08-2025,Elective,105-50,Discharged,FALSE,12
407521,106586,2049,106,28-07-2025,03-08-2025,Referral,106-05,Transferred,TRUE,6
407522,109205,2066,102,22-09-2025,29-09-2025,Elective,102-05,Discharged,FALSE,7
407523,109914,2067,107,16-12-2025,27-12-2025,Referral,107-29,Discharged,FALSE,11
407524,101204,2053,105,09-06-2026,12-06-2026,Elective,105-03,Discharged,TRUE,3
407525,100499,2058,102,10-05-2025,12-05-2025,Referral,102-01,Under Treatment,FALSE,2
407526,104238,2039,108,14-03-2025,20-03-2025,Emergency,108-25,Discharged,FALSE,6
407527,103251,2053,105,12-06-2026,19-06-2026,Elective,105-42,Discharged,FALSE,7
407528,103988,2005,106,09-08-2025,12-08-2025,Elective,106-13,Discharged,FALSE,3
407529,102423,2063,108,28-04-2026,29-04-2026,Elective,108-14,Discharged,FALSE,1
407530,101631,2069,106,20-05-2026,22-05-2026,Elective,106-39,Discharged,FALSE,2
407531,111206,2010,104,19-03-2026,25-03-2026,Emergency,104-44,Discharged,FALSE,6
407532,105029,2026,102,22-04-2026,23-04-2026,Elective,102-28,Discharged,FALSE,1
407533,111648,2007,106,27-10-2025,29-10-2025,Emergency,106-46,Under Treatment,FALSE,2
407534,108482,2073,101,30-01-2025,02-02-2025,Elective,101-47,Discharged,FALSE,3
407535,100658,2063,108,08-02-2026,09-02-2026,Elective,108-29,Discharged,TRUE,1
407536,108828,2070,106,28-11-2025,02-12-2025,Elective,106-02,Discharged,FALSE,4
407537,109416,2028,107,17-02-2025,23-02-2025,Elective,107-04,Discharged,FALSE,6
407538,108491,2043,108,06-04-2026,09-04-2026,Elective,108-48,Discharged,FALSE,3
407539,105214,2043,108,14-08-2025,20-08-2025,Elective,108-30,Discharged,TRUE,6
407540,105811,2041,105,18-03-2025,22-03-2025,Elective,105-16,Discharged,FALSE,4
407541,104412,2022,101,13-06-2026,20-06-2026,Referral,101-25,Discharged,FALSE,7
407542,104809,2046,107,15-04-2026,20-04-2026,Elective,107-33,Discharged,TRUE,5
407543,110883,2046,107,28-05-2026,31-05-2026,Emergency,107-22,Discharged,FALSE,3
407544,105080,2063,108,31-01-2025,02-02-2025,Emergency,108-08,Transferred,FALSE,2
407545,110322,2037,105,30-05-2025,31-05-2025,Referral,105-34,Discharged,TRUE,1
407546,103268,2072,107,06-03-2026,09-03-2026,Elective,107-32,Discharged,TRUE,3
407547,107640,2057,101,14-05-2026,20-05-2026,Elective,101-22,Under Treatment,FALSE,6
407548,108833,2071,103,12-05-2026,14-05-2026,Elective,103-16,Under Treatment,FALSE,2
407549,102647,2023,108,09-01-2026,11-01-2026,Referral,108-15,Discharged,TRUE,2
407550,108466,2049,106,02-04-2026,04-04-2026,Emergency,106-42,Transferred,FALSE,2
407551,109688,2021,108,10-04-2025,17-04-2025,Elective,108-24,Transferred,FALSE,7
407552,104989,2061,104,12-06-2026,15-06-2026,Elective,104-18,Discharged,FALSE,3
407553,102145,2033,105,12-04-2025,13-04-2025,Emergency,105-04,Discharged,TRUE,1
407554,103073,2017,106,18-05-2025,19-05-2025,Referral,106-25,Discharged,FALSE,1
407555,103332,2036,102,06-08-2025,09-08-2025,Emergency,102-25,Discharged,TRUE,3
407556,104701,2012,106,07-02-2026,11-02-2026,Emergency,106-36,Discharged,FALSE,4
407557,111580,2071,103,21-08-2025,27-08-2025,Referral,103-38,Discharged,FALSE,6
407558,107317,2023,108,25-11-2025,26-11-2025,Elective,108-11,Discharged,FALSE,1
407559,101085,2024,108,04-01-2025,08-01-2025,Emergency,108-48,Discharged,FALSE,4
407560,101620,2009,105,23-02-2025,03-03-2025,Elective,105-13,Discharged,FALSE,8
407561,109036,2035,103,09-06-2026,14-06-2026,Emergency,103-35,Discharged,FALSE,5
407562,102337,2065,104,18-12-2025,26-12-2025,Elective,104-40,Transferred,FALSE,8
407563,104800,2068,101,21-04-2025,26-04-2025,Elective,101-01,Discharged,FALSE,5
407564,110529,2066,102,31-10-2025,01-11-2025,Emergency,102-50,Discharged,FALSE,1
407565,107604,2002,107,14-03-2025,16-03-2025,Emergency,107-01,Transferred,FALSE,2
407566,111696,2032,101,09-11-2025,10-11-2025,Emergency,101-20,Under Treatment,FALSE,1
407567,105549,2031,104,09-01-2026,11-01-2026,Emergency,104-11,Transferred,FALSE,2
407568,102151,2078,105,18-04-2025,22-04-2025,Emergency,105-24,Discharged,FALSE,4
407569,110462,2043,108,15-11-2025,16-11-2025,Elective,108-48,Discharged,FALSE,1
407570,101505,2080,107,04-07-2025,11-07-2025,Referral,107-48,Discharged,FALSE,7
407571,100908,2015,103,11-05-2025,15-05-2025,Elective,103-25,Discharged,FALSE,4
407572,111984,2055,106,09-01-2026,15-01-2026,Elective,106-01,Discharged,FALSE,6
407573,109566,2076,104,01-04-2026,09-04-2026,Elective,104-20,Transferred,FALSE,8
407574,102092,2035,103,19-06-2025,27-06-2025,Elective,103-44,Discharged,FALSE,8
407575,110934,2016,107,01-04-2025,06-04-2025,Emergency,107-27,Discharged,FALSE,5
407576,101399,2033,105,18-07-2025,22-07-2025,Elective,105-38,Discharged,FALSE,4
407577,105179,2050,101,06-05-2026,09-05-2026,Referral,101-41,Discharged,FALSE,3
407578,109712,2009,105,01-05-2026,03-05-2026,Elective,105-29,Discharged,FALSE,2
407579,102768,2048,101,31-05-2026,03-06-2026,Elective,101-46,Transferred,FALSE,3
407580,102474,2054,102,23-03-2025,26-03-2025,Elective,102-18,Discharged,FALSE,3
407581,101903,2053,105,13-01-2025,18-01-2025,Elective,105-37,Discharged,FALSE,5
407582,110249,2049,106,22-04-2025,24-04-2025,Elective,106-11,Discharged,FALSE,2
407583,108080,2001,102,02-01-2026,04-01-2026,Referral,102-28,Discharged,FALSE,2
407584,106965,2034,102,18-05-2026,23-05-2026,Elective,102-03,Discharged,FALSE,5
407585,102781,2074,108,27-09-2025,29-09-2025,Emergency,108-02,Discharged,FALSE,2
407586,106633,2036,102,10-08-2025,13-08-2025,Emergency,102-11,Discharged,FALSE,3
407587,104121,2019,101,27-04-2025,04-05-2025,Elective,101-37,Discharged,FALSE,7
407588,110374,2057,101,24-10-2025,28-10-2025,Emergency,101-47,Discharged,FALSE,4
407589,103449,2029,102,18-05-2025,21-05-2025,Elective,102-41,Discharged,FALSE,3
407590,104074,2016,107,05-01-2025,11-01-2025,Elective,107-46,Discharged,FALSE,6
407591,107468,2054,102,08-10-2025,15-10-2025,Referral,102-48,Under Treatment,FALSE,7
407592,108407,2019,101,30-07-2025,02-08-2025,Referral,101-26,Transferred,FALSE,3
407593,106969,2041,105,13-04-2026,17-04-2026,Referral,105-17,Discharged,FALSE,4
407594,107607,2006,106,02-06-2025,03-06-2025,Emergency,106-10,Discharged,FALSE,1
407595,106224,2077,106,06-02-2026,23-02-2026,Referral,106-19,Discharged,FALSE,17
407596,108153,2040,106,22-02-2025,24-02-2025,Emergency,106-20,Under Treatment,FALSE,2
407597,100132,2014,105,16-01-2026,21-01-2026,Referral,105-21,Under Treatment,TRUE,5
407598,100705,2054,102,31-01-2025,10-02-2025,Referral,102-24,Discharged,FALSE,10
407599,109774,2052,104,08-09-2025,10-09-2025,Emergency,104-32,Discharged,FALSE,2
407600,106281,2072,107,30-11-2025,03-12-2025,Emergency,107-40,Discharged,FALSE,3
407601,107582,2014,105,30-01-2026,04-02-2026,Emergency,105-33,Discharged,FALSE,5
407602,102917,2071,103,16-03-2026,17-03-2026,Emergency,103-49,Discharged,FALSE,1
407603,100965,2074,108,22-08-2025,27-08-2025,Emergency,108-45,Discharged,FALSE,5
407604,110926,2017,106,08-03-2026,17-03-2026,Emergency,106-36,Discharged,FALSE,9
407605,100357,2053,105,08-05-2026,10-05-2026,Emergency,105-28,Transferred,FALSE,2
407606,108593,2058,102,22-01-2026,25-01-2026,Elective,102-33,Discharged,TRUE,3
407607,107835,2061,104,27-03-2026,29-03-2026,Emergency,104-31,Discharged,FALSE,2
407608,105127,2027,101,14-06-2025,16-06-2025,Emergency,101-13,Discharged,FALSE,2
407609,111153,2075,104,28-01-2026,30-01-2026,Elective,104-50,Discharged,FALSE,2
407610,107640,2052,104,02-02-2025,04-02-2025,Elective,104-48,Discharged,TRUE,2
407611,110359,2045,107,14-06-2026,17-06-2026,Emergency,107-07,Transferred,FALSE,3
407612,101438,2057,101,23-10-2025,26-10-2025,Elective,101-21,Discharged,FALSE,3
407613,101728,2078,105,07-10-2025,12-10-2025,Elective,105-03,Discharged,FALSE,5
407614,108109,2022,101,11-12-2025,22-12-2025,Emergency,101-32,Discharged,FALSE,11
407615,104662,2028,107,01-03-2026,04-03-2026,Elective,107-43,Discharged,FALSE,3
407616,111840,2007,106,05-11-2025,14-11-2025,Elective,106-19,Discharged,FALSE,9
407617,109957,2066,102,22-03-2026,26-03-2026,Elective,102-02,Discharged,FALSE,4
407618,100746,2037,105,06-04-2026,11-04-2026,Elective,105-33,Discharged,FALSE,5
407619,104606,2032,101,25-07-2025,27-07-2025,Elective,101-40,Discharged,FALSE,2
407620,104390,2016,107,23-06-2025,26-06-2025,Emergency,107-46,Discharged,FALSE,3
407621,102919,2021,108,09-04-2025,13-04-2025,Referral,108-35,Under Treatment,TRUE,4
407622,106267,2071,103,22-11-2025,24-11-2025,Elective,103-04,Discharged,FALSE,2
407623,103611,2067,107,08-05-2025,10-05-2025,Elective,107-12,Discharged,FALSE,2
407624,106694,2057,101,10-04-2026,15-04-2026,Elective,101-21,Discharged,FALSE,5
407625,104022,2080,107,25-06-2025,02-07-2025,Emergency,107-42,Discharged,FALSE,7
407626,105695,2058,102,06-02-2026,13-02-2026,Emergency,102-03,Transferred,FALSE,7
407627,106530,2026,102,20-05-2025,22-05-2025,Emergency,102-36,Discharged,FALSE,2
407628,107879,2029,102,28-11-2025,03-12-2025,Emergency,102-13,Discharged,FALSE,5
407629,105507,2066,102,26-01-2025,27-01-2025,Referral,102-35,Discharged,FALSE,1
407630,109136,2007,106,20-04-2026,26-04-2026,Emergency,106-41,Discharged,TRUE,6
407631,110158,2071,103,03-03-2025,04-03-2025,Elective,103-20,Discharged,FALSE,1
407632,110517,2006,106,24-05-2026,30-05-2026,Elective,106-27,Discharged,FALSE,6
407633,109439,2028,107,08-02-2025,09-02-2025,Elective,107-28,Discharged,TRUE,1
407634,103777,2035,103,13-05-2026,16-05-2026,Elective,103-34,Discharged,FALSE,3
407635,105657,2015,103,07-04-2025,11-04-2025,Elective,103-18,Discharged,FALSE,4
407636,106721,2042,102,26-07-2025,27-07-2025,Emergency,102-32,Discharged,FALSE,1
407637,105228,2046,107,10-02-2026,19-02-2026,Elective,107-28,Discharged,FALSE,9
407638,104390,2057,101,27-12-2025,28-12-2025,Emergency,101-41,Discharged,FALSE,1
407639,108281,2063,108,19-02-2025,28-02-2025,Elective,108-40,Discharged,FALSE,9
407640,110015,2024,108,23-04-2026,27-04-2026,Emergency,108-30,Discharged,FALSE,4
407641,104594,2037,105,05-04-2025,07-04-2025,Emergency,105-36,Discharged,FALSE,2
407642,109145,2036,102,03-12-2025,04-12-2025,Elective,102-18,Discharged,FALSE,1
407643,108163,2023,108,07-03-2025,13-03-2025,Elective,108-43,Discharged,FALSE,6
407644,107884,2033,105,27-03-2026,01-04-2026,Elective,105-03,Discharged,FALSE,5
407645,111231,2003,103,27-11-2025,28-11-2025,Elective,103-35,Under Treatment,FALSE,1
407646,110043,2033,105,12-07-2025,19-07-2025,Elective,105-31,Discharged,FALSE,7
407647,100741,2049,106,26-01-2025,31-01-2025,Emergency,106-39,Transferred,FALSE,5
407648,101891,2051,108,28-11-2025,08-12-2025,Emergency,108-05,Discharged,TRUE,10
407649,109514,2003,103,16-04-2025,20-04-2025,Elective,103-45,Discharged,FALSE,4
407650,107113,2006,106,08-04-2025,14-04-2025,Referral,106-36,Transferred,FALSE,6
407651,103872,2044,106,01-08-2025,02-08-2025,Elective,106-03,Discharged,FALSE,1
407652,106088,2075,104,19-03-2025,26-03-2025,Emergency,104-21,Discharged,FALSE,7
407653,104291,2048,101,31-05-2026,05-06-2026,Elective,101-33,Discharged,FALSE,5
407654,103790,2026,102,14-10-2025,17-10-2025,Elective,102-38,Discharged,FALSE,3
407655,102583,2028,107,20-05-2026,21-05-2026,Elective,107-47,Discharged,FALSE,1
407656,104626,2049,106,08-07-2025,11-07-2025,Elective,106-09,Discharged,FALSE,3
407657,101170,2059,104,06-03-2026,09-03-2026,Elective,104-07,Discharged,FALSE,3
407658,106938,2075,104,26-01-2026,27-01-2026,Elective,104-30,Discharged,FALSE,1
407659,103957,2035,103,23-03-2026,31-03-2026,Elective,103-11,Under Treatment,FALSE,8
407660,110653,2036,102,20-03-2025,24-03-2025,Elective,102-15,Discharged,TRUE,4
407661,100305,2004,101,08-09-2025,14-09-2025,Elective,101-05,Discharged,FALSE,6
407662,103019,2029,102,31-05-2025,05-06-2025,Elective,102-50,Discharged,FALSE,5
407663,106944,2046,107,28-03-2025,29-03-2025,Elective,107-17,Discharged,FALSE,1
407664,105320,2031,104,08-06-2026,14-06-2026,Emergency,104-17,Discharged,FALSE,6
407665,104141,2059,104,24-06-2025,25-06-2025,Elective,104-04,Discharged,FALSE,1
407666,101429,2018,104,26-03-2026,29-03-2026,Emergency,104-07,Discharged,FALSE,3
407667,102516,2001,102,02-05-2026,09-05-2026,Referral,102-45,Discharged,TRUE,7
407668,111524,2080,107,03-08-2025,04-08-2025,Elective,107-28,Discharged,FALSE,1
407669,111450,2002,107,06-06-2025,10-06-2025,Emergency,107-40,Discharged,FALSE,4
407670,111471,2059,104,08-05-2026,10-05-2026,Referral,104-14,Transferred,FALSE,2
407671,106226,2049,106,13-05-2025,16-05-2025,Emergency,106-41,Discharged,FALSE,3
407672,105272,2052,104,01-12-2025,07-12-2025,Elective,104-05,Discharged,FALSE,6
407673,107165,2039,108,24-07-2025,02-08-2025,Elective,108-05,Discharged,FALSE,9
407674,109620,2080,107,14-05-2026,15-05-2026,Emergency,107-37,Discharged,TRUE,1
407675,102762,2003,103,18-02-2025,22-02-2025,Elective,103-47,Discharged,FALSE,4
407676,100299,2022,101,14-04-2026,15-04-2026,Elective,101-22,Discharged,FALSE,1
407677,111523,2011,108,18-07-2025,20-07-2025,Elective,108-27,Transferred,FALSE,2
407678,109237,2073,101,24-04-2026,25-04-2026,Emergency,101-22,Discharged,FALSE,1
407679,110094,2069,106,11-06-2025,20-06-2025,Elective,106-48,Discharged,FALSE,9
407680,105521,2012,106,16-04-2025,22-04-2025,Elective,106-48,Discharged,FALSE,6
407681,103725,2006,106,27-03-2025,30-03-2025,Emergency,106-35,Discharged,FALSE,3
407682,110102,2046,107,06-05-2026,08-05-2026,Elective,107-47,Discharged,FALSE,2
407683,103214,2043,108,15-10-2025,20-10-2025,Elective,108-34,Discharged,TRUE,5
407684,107245,2014,105,19-11-2025,22-11-2025,Elective,105-13,Discharged,FALSE,3
407685,109458,2002,107,29-03-2026,30-03-2026,Emergency,107-45,Discharged,FALSE,1
407686,111475,2029,102,15-06-2025,22-06-2025,Emergency,102-25,Discharged,TRUE,7
407687,109990,2050,101,03-04-2026,10-04-2026,Referral,101-15,Discharged,FALSE,7
407688,100768,2026,102,30-09-2025,03-10-2025,Elective,102-01,Transferred,FALSE,3
407689,108410,2062,101,12-08-2025,13-08-2025,Elective,101-08,Discharged,FALSE,1
407690,101650,2079,104,24-03-2025,29-03-2025,Elective,104-34,Discharged,FALSE,5
407691,108885,2044,106,25-05-2025,26-05-2025,Emergency,106-43,Discharged,FALSE,1
407692,102891,2053,105,29-05-2026,01-06-2026,Elective,105-42,Discharged,FALSE,3
407693,106853,2014,105,07-04-2026,12-04-2026,Elective,105-32,Discharged,FALSE,5
407694,108269,2044,106,17-04-2026,20-04-2026,Referral,106-09,Discharged,TRUE,3
407695,108802,2029,102,13-12-2025,25-12-2025,Elective,102-19,Discharged,FALSE,12
407696,100768,2006,106,01-03-2026,02-03-2026,Referral,106-26,Under Treatment,TRUE,1
407697,100678,2001,102,03-02-2026,04-02-2026,Emergency,102-49,Discharged,FALSE,1
407698,105687,2039,108,26-07-2025,30-07-2025,Elective,108-25,Discharged,FALSE,4
407699,105823,2003,103,17-05-2026,22-05-2026,Elective,103-44,Discharged,FALSE,5
407700,106378,2017,106,30-09-2025,03-10-2025,Emergency,106-19,Discharged,FALSE,3
407701,110665,2073,101,24-09-2025,25-09-2025,Elective,101-15,Discharged,TRUE,1
407702,101580,2007,106,27-08-2025,29-08-2025,Elective,106-15,Under Treatment,FALSE,2
407703,104782,2055,106,03-12-2025,09-12-2025,Emergency,106-14,Discharged,FALSE,6
407704,110826,2069,106,01-12-2025,09-12-2025,Elective,106-02,Discharged,FALSE,8
407705,101360,2016,107,18-12-2025,19-12-2025,Referral,107-08,Discharged,FALSE,1
407706,108250,2023,108,08-10-2025,11-10-2025,Emergency,108-10,Under Treatment,FALSE,3
407707,101643,2020,102,03-01-2026,04-01-2026,Emergency,102-45,Discharged,FALSE,1
407708,110508,2057,101,15-09-2025,20-09-2025,Elective,101-34,Under Treatment,FALSE,5
407709,104980,2059,104,10-03-2025,11-03-2025,Elective,104-03,Under Treatment,FALSE,1
407710,103939,2038,108,19-12-2025,23-12-2025,Elective,108-24,Under Treatment,FALSE,4
407711,101784,2055,106,18-05-2026,19-05-2026,Emergency,106-16,Discharged,FALSE,1
407712,106248,2036,102,21-04-2026,27-04-2026,Elective,102-04,Under Treatment,FALSE,6
407713,102016,2042,102,20-10-2025,23-10-2025,Elective,102-06,Transferred,FALSE,3
407714,102310,2021,108,23-03-2026,25-03-2026,Elective,108-07,Discharged,FALSE,2
407715,111841,2052,104,11-05-2025,14-05-2025,Emergency,104-41,Discharged,FALSE,3
407716,107578,2011,108,29-01-2025,03-02-2025,Elective,108-43,Discharged,FALSE,5
407717,108832,2050,101,22-01-2025,26-01-2025,Elective,101-09,Discharged,FALSE,4
407718,109176,2062,101,26-07-2025,29-07-2025,Referral,101-43,Discharged,FALSE,3
407719,106089,2056,102,25-02-2025,27-02-2025,Elective,102-04,Discharged,FALSE,2
407720,109162,2014,105,01-07-2025,08-07-2025,Emergency,105-19,Discharged,FALSE,7
407721,110310,2026,102,23-01-2025,29-01-2025,Elective,102-26,Discharged,FALSE,6
407722,105240,2059,104,28-02-2025,05-03-2025,Elective,104-13,Discharged,FALSE,5
407723,101995,2038,108,06-08-2025,10-08-2025,Emergency,108-26,Discharged,FALSE,4
407724,108503,2030,105,17-04-2025,20-04-2025,Elective,105-41,Discharged,FALSE,3
407725,101000,2066,102,04-09-2025,05-09-2025,Referral,102-25,Discharged,FALSE,1
407726,106191,2063,108,12-08-2025,13-08-2025,Elective,108-20,Discharged,FALSE,1
407727,111721,2063,108,21-11-2025,27-11-2025,Elective,108-31,Discharged,FALSE,6
407728,100947,2031,104,15-10-2025,17-10-2025,Emergency,104-31,Discharged,FALSE,2
407729,100666,2036,102,07-10-2025,08-10-2025,Emergency,102-41,Discharged,FALSE,1
407730,105608,2058,102,19-03-2025,23-03-2025,Emergency,102-25,Discharged,TRUE,4
407731,108389,2064,108,03-08-2025,07-08-2025,Elective,108-06,Transferred,FALSE,4
407732,111514,2078,105,05-02-2026,09-02-2026,Elective,105-37,Discharged,FALSE,4
407733,109043,2046,107,10-01-2025,11-01-2025,Elective,107-48,Discharged,TRUE,1
407734,110379,2049,106,07-10-2025,09-10-2025,Emergency,106-30,Discharged,FALSE,2
407735,105558,2038,108,17-04-2025,24-04-2025,Emergency,108-29,Discharged,FALSE,7
407736,101585,2069,106,08-05-2026,11-05-2026,Elective,106-22,Discharged,FALSE,3
407737,103107,2034,102,24-01-2025,27-01-2025,Elective,102-08,Discharged,FALSE,3
407738,102319,2067,107,27-09-2025,30-09-2025,Elective,107-47,Discharged,FALSE,3
407739,101369,2015,103,11-06-2025,12-06-2025,Elective,103-29,Discharged,FALSE,1
407740,111531,2007,106,15-07-2025,21-07-2025,Elective,106-41,Discharged,TRUE,6
407741,108033,2037,105,24-05-2026,29-05-2026,Elective,105-04,Discharged,FALSE,5
407742,106835,2002,107,03-05-2026,04-05-2026,Elective,107-15,Discharged,FALSE,1
407743,102720,2020,102,24-07-2025,04-08-2025,Emergency,102-05,Discharged,FALSE,11
407744,102911,2022,101,22-04-2026,23-04-2026,Emergency,101-40,Discharged,FALSE,1
407745,104047,2009,105,05-01-2026,06-01-2026,Elective,105-36,Transferred,FALSE,1
407746,100837,2009,105,14-11-2025,16-11-2025,Elective,105-14,Discharged,TRUE,2
407747,100501,2007,106,23-05-2025,01-06-2025,Emergency,106-01,Transferred,FALSE,9
407748,109332,2078,105,28-01-2026,06-02-2026,Elective,105-33,Discharged,FALSE,9
407749,110747,2011,108,12-08-2025,17-08-2025,Elective,108-26,Discharged,FALSE,5
407750,106558,2059,104,07-05-2025,08-05-2025,Elective,104-27,Discharged,TRUE,1
407751,103469,2025,105,22-02-2026,23-02-2026,Elective,105-11,Discharged,FALSE,1
407752,111262,2026,102,06-02-2026,07-02-2026,Elective,102-04,Transferred,FALSE,1
407753,101842,2020,102,01-09-2025,05-09-2025,Emergency,102-28,Discharged,FALSE,4
407754,102129,2038,108,20-07-2025,25-07-2025,Elective,108-35,Discharged,FALSE,5
407755,100388,2048,101,05-03-2026,07-03-2026,Emergency,101-47,Transferred,FALSE,2
407756,101606,2008,105,26-02-2026,07-03-2026,Referral,105-13,Discharged,FALSE,9
407757,105696,2001,102,18-11-2025,21-11-2025,Elective,102-33,Under Treatment,FALSE,3
407758,111155,2063,108,04-07-2025,07-07-2025,Elective,108-45,Under Treatment,FALSE,3
407759,102111,2078,105,14-01-2025,15-01-2025,Elective,105-07,Transferred,FALSE,1
407760,111846,2019,101,31-05-2026,05-06-2026,Emergency,101-07,Discharged,FALSE,5
407761,106089,2037,105,25-02-2025,02-03-2025,Elective,105-38,Discharged,FALSE,5
407762,103502,2043,108,19-01-2026,21-01-2026,Emergency,108-12,Discharged,FALSE,2
407763,110936,2060,103,20-04-2025,21-04-2025,Elective,103-15,Under Treatment,FALSE,1
407764,106175,2059,104,08-05-2026,09-05-2026,Referral,104-44,Discharged,FALSE,1
407765,100448,2069,106,02-11-2025,05-11-2025,Elective,106-15,Transferred,FALSE,3
407766,107226,2019,101,07-12-2025,11-12-2025,Elective,101-30,Discharged,FALSE,4
407767,107882,2023,108,27-01-2025,28-01-2025,Elective,108-32,Under Treatment,FALSE,1
407768,111425,2020,102,20-04-2025,04-05-2025,Referral,102-49,Under Treatment,FALSE,14
407769,101957,2033,105,31-03-2025,03-04-2025,Elective,105-44,Discharged,FALSE,3
407770,102201,2065,104,13-03-2025,18-03-2025,Elective,104-46,Discharged,FALSE,5
407771,106032,2053,105,26-02-2025,03-03-2025,Elective,105-05,Discharged,FALSE,5
407772,103859,2062,101,28-11-2025,11-12-2025,Emergency,101-39,Discharged,FALSE,13
407773,106616,2023,108,10-06-2026,12-06-2026,Emergency,108-05,Under Treatment,FALSE,2
407774,109368,2079,104,29-05-2026,02-06-2026,Elective,104-15,Discharged,FALSE,4
407775,109221,2080,107,06-03-2025,19-03-2025,Emergency,107-40,Discharged,FALSE,13
407776,100653,2032,101,20-05-2026,22-05-2026,Emergency,101-31,Discharged,FALSE,2
407777,107881,2025,105,23-12-2025,24-12-2025,Elective,105-21,Discharged,FALSE,1
407778,105096,2037,105,29-01-2025,03-02-2025,Elective,105-19,Discharged,FALSE,5
407779,109840,2002,107,30-03-2025,31-03-2025,Referral,107-50,Discharged,FALSE,1
407780,107236,2005,106,29-07-2025,05-08-2025,Elective,106-33,Discharged,FALSE,7
407781,109480,2051,108,06-02-2025,09-02-2025,Elective,108-16,Discharged,FALSE,3
407782,110263,2003,103,12-06-2025,21-06-2025,Emergency,103-04,Discharged,FALSE,9
407783,103720,2022,101,16-05-2025,18-05-2025,Elective,101-50,Under Treatment,FALSE,2
407784,104030,2067,107,26-05-2026,31-05-2026,Referral,107-47,Discharged,FALSE,5
407785,108062,2056,102,23-12-2025,25-12-2025,Emergency,102-34,Discharged,FALSE,2
407786,108919,2021,108,16-02-2026,17-02-2026,Elective,108-31,Discharged,FALSE,1
407787,110116,2063,108,02-02-2025,03-02-2025,Referral,108-43,Discharged,FALSE,1
407788,101884,2066,102,06-03-2026,14-03-2026,Elective,102-26,Discharged,FALSE,8
407789,100452,2066,102,09-03-2025,15-03-2025,Elective,102-30,Discharged,FALSE,6
407790,104664,2049,106,27-06-2025,29-06-2025,Elective,106-50,Discharged,FALSE,2
407791,108747,2060,103,29-01-2025,03-02-2025,Referral,103-44,Under Treatment,TRUE,5
407792,100642,2009,105,14-12-2025,21-12-2025,Elective,105-43,Discharged,FALSE,7
407793,106035,2071,103,22-01-2025,23-01-2025,Emergency,103-46,Discharged,FALSE,1
407794,110726,2019,101,07-08-2025,11-08-2025,Referral,101-33,Discharged,FALSE,4
407795,107082,2070,106,23-02-2025,06-03-2025,Emergency,106-42,Discharged,FALSE,11
407796,107715,2025,105,28-01-2026,01-02-2026,Elective,105-09,Discharged,FALSE,4
407797,101360,2062,101,26-10-2025,28-10-2025,Referral,101-20,Discharged,FALSE,2
407798,106333,2003,103,17-05-2025,20-05-2025,Emergency,103-27,Discharged,FALSE,3
407799,103482,2022,101,29-05-2025,31-05-2025,Emergency,101-48,Discharged,FALSE,2
407800,107206,2075,104,22-06-2025,23-06-2025,Referral,104-42,Discharged,FALSE,1
407801,110253,2072,107,26-03-2026,28-03-2026,Referral,107-37,Discharged,FALSE,2
407802,109614,2058,102,10-04-2026,19-04-2026,Elective,102-44,Discharged,FALSE,9
407803,101513,2069,106,15-03-2025,19-03-2025,Elective,106-04,Transferred,FALSE,4
407804,105312,2044,106,13-09-2025,17-09-2025,Elective,106-29,Discharged,FALSE,4
407805,108035,2078,105,02-09-2025,07-09-2025,Elective,105-41,Under Treatment,TRUE,5
407806,103816,2055,106,08-03-2025,10-03-2025,Elective,106-49,Discharged,FALSE,2
407807,102670,2056,102,23-01-2026,24-01-2026,Elective,102-34,Discharged,FALSE,1
407808,101250,2071,103,17-02-2025,20-02-2025,Elective,103-36,Discharged,FALSE,3
407809,106155,2045,107,07-04-2025,08-04-2025,Elective,107-14,Discharged,FALSE,1
407810,104336,2064,108,13-11-2025,17-11-2025,Elective,108-17,Discharged,FALSE,4
407811,104000,2062,101,24-05-2026,30-05-2026,Emergency,101-26,Discharged,FALSE,6
407812,110479,2001,102,16-09-2025,20-09-2025,Elective,102-07,Discharged,FALSE,4
407813,104746,2015,103,12-02-2026,25-02-2026,Emergency,103-13,Discharged,FALSE,13
407814,111551,2034,102,05-08-2025,11-08-2025,Elective,102-03,Discharged,FALSE,6
407815,101156,2071,103,09-05-2026,14-05-2026,Elective,103-31,Discharged,FALSE,5
407816,109714,2068,101,09-09-2025,12-09-2025,Elective,101-27,Discharged,FALSE,3
407817,100795,2018,104,02-02-2026,06-02-2026,Referral,104-33,Discharged,FALSE,4
407818,109605,2057,101,18-02-2026,23-02-2026,Elective,101-47,Discharged,FALSE,5
407819,103555,2004,101,16-02-2026,18-02-2026,Emergency,101-47,Transferred,FALSE,2
407820,106842,2034,102,05-06-2026,08-06-2026,Elective,102-12,Discharged,FALSE,3
407821,108753,2062,101,30-04-2026,05-05-2026,Referral,101-37,Discharged,FALSE,5
407822,108788,2014,105,30-08-2025,04-09-2025,Referral,105-37,Discharged,FALSE,5
407823,109856,2034,102,14-04-2025,15-04-2025,Elective,102-32,Discharged,FALSE,1
407824,105515,2070,106,19-06-2025,22-06-2025,Emergency,106-44,Discharged,FALSE,3
407825,104769,2069,106,05-11-2025,13-11-2025,Elective,106-38,Discharged,FALSE,8
407826,103978,2076,104,24-12-2025,26-12-2025,Elective,104-34,Discharged,FALSE,2
407827,107223,2062,101,27-08-2025,29-08-2025,Emergency,101-46,Discharged,FALSE,2
407828,101731,2011,108,30-05-2025,02-06-2025,Elective,108-24,Discharged,FALSE,3
407829,110896,2034,102,14-12-2025,17-12-2025,Referral,102-48,Discharged,FALSE,3
407830,110177,2007,106,14-11-2025,15-11-2025,Elective,106-15,Discharged,FALSE,1
407831,102328,2030,105,09-10-2025,15-10-2025,Emergency,105-11,Discharged,FALSE,6
407832,102376,2029,102,18-05-2026,19-05-2026,Elective,102-16,Discharged,FALSE,1
407833,108101,2001,102,15-04-2025,16-04-2025,Referral,102-24,Discharged,FALSE,1
407834,103652,2007,106,30-04-2025,05-05-2025,Elective,106-46,Discharged,FALSE,5
407835,103833,2013,105,08-03-2026,09-03-2026,Elective,105-11,Discharged,FALSE,1
407836,107191,2058,102,13-01-2025,14-01-2025,Emergency,102-26,Discharged,FALSE,1
407837,102028,2018,104,05-10-2025,12-10-2025,Elective,104-35,Discharged,FALSE,7
407838,111511,2080,107,07-09-2025,12-09-2025,Elective,107-20,Discharged,TRUE,5
407839,108644,2061,104,21-12-2025,24-12-2025,Referral,104-15,Discharged,FALSE,3
407840,104613,2073,101,20-10-2025,25-10-2025,Referral,101-26,Transferred,FALSE,5
407841,103888,2035,103,23-12-2025,24-12-2025,Emergency,103-01,Discharged,FALSE,1
407842,109101,2048,101,06-03-2026,11-03-2026,Emergency,101-16,Discharged,FALSE,5
407843,100848,2022,101,14-06-2026,19-06-2026,Elective,101-42,Discharged,TRUE,5
407844,110233,2076,104,03-01-2026,07-01-2026,Elective,104-08,Discharged,FALSE,4
407845,102545,2072,107,21-10-2025,22-10-2025,Elective,107-24,Discharged,TRUE,1
407846,102162,2045,107,02-04-2025,05-04-2025,Emergency,107-03,Discharged,FALSE,3
407847,109140,2034,102,13-08-2025,14-08-2025,Referral,102-22,Discharged,TRUE,1
407848,104545,2030,105,12-06-2026,15-06-2026,Elective,105-13,Discharged,FALSE,3
407849,101387,2007,106,10-04-2025,15-04-2025,Elective,106-37,Discharged,FALSE,5
407850,107631,2062,101,30-05-2026,04-06-2026,Emergency,101-33,Discharged,FALSE,5
407851,109320,2032,101,09-08-2025,21-08-2025,Elective,101-21,Discharged,TRUE,12
407852,109452,2026,102,23-07-2025,29-07-2025,Elective,102-20,Discharged,FALSE,6
407853,107371,2034,102,15-06-2025,04-07-2025,Referral,102-10,Discharged,FALSE,19
407854,101710,2054,102,15-01-2026,18-01-2026,Referral,102-40,Discharged,FALSE,3
407855,107720,2035,103,04-09-2025,08-09-2025,Emergency,103-35,Discharged,FALSE,4
407856,104098,2056,102,10-05-2026,13-05-2026,Referral,102-38,Discharged,FALSE,3
407857,103151,2001,102,01-10-2025,03-10-2025,Elective,102-19,Transferred,FALSE,2
407858,105898,2027,101,05-01-2025,07-01-2025,Elective,101-23,Discharged,FALSE,2
407859,104389,2003,103,28-03-2026,31-03-2026,Elective,103-22,Discharged,FALSE,3
407860,101465,2060,103,14-08-2025,20-08-2025,Emergency,103-42,Discharged,FALSE,6
407861,110795,2004,101,01-03-2026,03-03-2026,Elective,101-46,Discharged,FALSE,2
407862,108632,2046,107,31-01-2025,03-02-2025,Referral,107-37,Discharged,FALSE,3
407863,108621,2010,104,13-06-2025,18-06-2025,Elective,104-28,Discharged,FALSE,5
407864,107926,2051,108,30-06-2025,05-07-2025,Elective,108-17,Transferred,FALSE,5
407865,107708,2008,105,20-10-2025,25-10-2025,Elective,105-40,Discharged,FALSE,5
407866,109294,2075,104,13-04-2026,20-04-2026,Elective,104-17,Discharged,FALSE,7
407867,100380,2071,103,13-03-2026,15-03-2026,Elective,103-11,Discharged,FALSE,2
407868,100603,2006,106,09-06-2026,16-06-2026,Elective,106-11,Discharged,FALSE,7
407869,100458,2060,103,21-02-2026,27-02-2026,Elective,103-02,Under Treatment,FALSE,6
407870,104761,2050,101,02-10-2025,04-10-2025,Referral,101-50,Discharged,FALSE,2
407871,111259,2020,102,30-01-2025,03-02-2025,Emergency,102-21,Discharged,FALSE,4
407872,111460,2057,101,30-10-2025,31-10-2025,Elective,101-23,Discharged,FALSE,1
407873,110615,2065,104,12-01-2026,16-01-2026,Elective,104-46,Discharged,FALSE,4
407874,108282,2003,103,27-01-2026,01-02-2026,Elective,103-27,Discharged,FALSE,5
407875,105824,2006,106,26-02-2026,05-03-2026,Elective,106-44,Discharged,FALSE,7
407876,109642,2033,105,21-01-2025,23-01-2025,Emergency,105-05,Transferred,FALSE,2
407877,107432,2072,107,27-05-2026,04-06-2026,Emergency,107-46,Discharged,FALSE,8
407878,104766,2005,106,15-04-2025,21-04-2025,Referral,106-46,Discharged,FALSE,6
407879,100007,2002,107,18-09-2025,19-09-2025,Elective,107-33,Transferred,FALSE,1
407880,107605,2013,105,08-01-2025,17-01-2025,Elective,105-42,Discharged,FALSE,9
407881,106986,2027,101,27-05-2026,30-05-2026,Referral,101-06,Discharged,FALSE,3
407882,110068,2065,104,02-04-2026,08-04-2026,Emergency,104-18,Discharged,FALSE,6
407883,101018,2021,108,13-11-2025,19-11-2025,Elective,108-06,Discharged,FALSE,6
407884,106686,2020,102,13-08-2025,14-08-2025,Elective,102-13,Discharged,TRUE,1
407885,102795,2061,104,12-03-2025,20-03-2025,Elective,104-34,Discharged,FALSE,8
407886,106485,2023,108,05-06-2025,10-06-2025,Elective,108-17,Discharged,FALSE,5
407887,111458,2062,101,22-03-2025,29-03-2025,Emergency,101-14,Discharged,FALSE,7
407888,103618,2010,104,14-02-2025,17-02-2025,Elective,104-31,Discharged,FALSE,3
407889,110143,2011,108,23-06-2025,29-06-2025,Elective,108-42,Discharged,FALSE,6
407890,102646,2042,102,17-10-2025,24-10-2025,Elective,102-33,Discharged,FALSE,7
407891,108705,2019,101,15-07-2025,19-07-2025,Elective,101-26,Discharged,FALSE,4
407892,102717,2073,101,25-05-2025,28-05-2025,Emergency,101-31,Discharged,FALSE,3
407893,100634,2045,107,12-11-2025,16-11-2025,Emergency,107-26,Discharged,FALSE,4
407894,111121,2027,101,28-10-2025,31-10-2025,Referral,101-31,Discharged,FALSE,3
407895,104504,2003,103,18-02-2026,23-02-2026,Elective,103-43,Discharged,FALSE,5
407896,100546,2021,108,15-02-2026,23-02-2026,Elective,108-42,Discharged,TRUE,8
407897,105495,2033,105,18-02-2025,19-02-2025,Elective,105-36,Discharged,TRUE,1
407898,100603,2051,108,21-03-2025,23-03-2025,Emergency,108-24,Discharged,FALSE,2
407899,100571,2053,105,26-11-2025,29-11-2025,Elective,105-43,Discharged,FALSE,3
407900,108135,2060,103,10-01-2025,15-01-2025,Elective,103-14,Discharged,FALSE,5
407901,111715,2053,105,25-01-2026,26-01-2026,Emergency,105-13,Discharged,FALSE,1
407902,102201,2020,102,27-04-2026,05-05-2026,Emergency,102-17,Discharged,FALSE,8
407903,109184,2029,102,09-03-2025,23-03-2025,Emergency,102-42,Discharged,FALSE,14
407904,106859,2049,106,23-10-2025,24-10-2025,Emergency,106-17,Discharged,FALSE,1
407905,110833,2011,108,24-02-2026,25-02-2026,Elective,108-44,Transferred,FALSE,1
407906,101529,2055,106,26-11-2025,29-11-2025,Elective,106-35,Discharged,FALSE,3
407907,111382,2018,104,27-10-2025,03-11-2025,Elective,104-34,Discharged,FALSE,7
407908,105895,2008,105,09-09-2025,12-09-2025,Elective,105-12,Under Treatment,FALSE,3
407909,111573,2057,101,01-12-2025,05-12-2025,Emergency,101-44,Discharged,FALSE,4
407910,107332,2013,105,04-04-2025,06-04-2025,Emergency,105-06,Discharged,FALSE,2
407911,108372,2028,107,27-01-2025,02-02-2025,Emergency,107-41,Discharged,FALSE,6
407912,104251,2020,102,30-01-2025,11-02-2025,Elective,102-34,Discharged,FALSE,12
407913,107394,2045,107,08-07-2025,24-07-2025,Emergency,107-14,Discharged,FALSE,16
407914,110052,2019,101,14-05-2025,16-05-2025,Elective,101-38,Discharged,FALSE,2
407915,111004,2023,108,20-10-2025,21-10-2025,Elective,108-47,Discharged,FALSE,1
407916,102864,2046,107,03-10-2025,06-10-2025,Emergency,107-04,Discharged,FALSE,3
407917,110740,2029,102,15-04-2026,20-04-2026,Emergency,102-06,Discharged,FALSE,5
407918,103083,2007,106,20-03-2025,21-03-2025,Emergency,106-20,Discharged,FALSE,1
407919,105443,2011,108,24-09-2025,26-09-2025,Elective,108-05,Discharged,FALSE,2
407920,107477,2034,102,24-10-2025,26-10-2025,Emergency,102-04,Discharged,FALSE,2
407921,109170,2021,108,25-09-2025,27-09-2025,Elective,108-49,Under Treatment,FALSE,2
407922,101169,2071,103,05-03-2025,12-03-2025,Emergency,103-35,Discharged,FALSE,7
407923,100714,2041,105,06-08-2025,18-08-2025,Elective,105-12,Discharged,FALSE,12
407924,108521,2015,103,26-07-2025,02-08-2025,Emergency,103-29,Discharged,FALSE,7
407925,106346,2049,106,02-10-2025,03-10-2025,Elective,106-40,Discharged,FALSE,1
407926,108276,2072,107,22-06-2025,02-07-2025,Elective,107-26,Discharged,FALSE,10
407927,108516,2014,105,28-08-2025,31-08-2025,Elective,105-47,Discharged,FALSE,3
407928,111463,2012,106,22-12-2025,28-12-2025,Elective,106-26,Discharged,FALSE,6
407929,110231,2055,106,22-09-2025,28-09-2025,Elective,106-04,Discharged,FALSE,6
407930,109286,2055,106,04-06-2026,07-06-2026,Elective,106-09,Discharged,FALSE,3
407931,108649,2003,103,18-01-2025,23-01-2025,Emergency,103-46,Discharged,FALSE,5
407932,102579,2070,106,01-08-2025,04-08-2025,Elective,106-31,Discharged,FALSE,3
407933,102181,2063,108,11-08-2025,17-08-2025,Elective,108-03,Discharged,FALSE,6
407934,111089,2006,106,22-12-2025,29-12-2025,Elective,106-23,Discharged,FALSE,7
407935,106598,2069,106,18-01-2026,25-01-2026,Referral,106-05,Discharged,FALSE,7
407936,102411,2075,104,18-06-2026,20-06-2026,Elective,104-20,Under Treatment,FALSE,2
407937,103438,2014,105,06-05-2026,20-05-2026,Elective,105-25,Discharged,FALSE,14
407938,106268,2040,106,13-09-2025,17-09-2025,Emergency,106-05,Discharged,FALSE,4
407939,110425,2018,104,08-05-2025,11-05-2025,Elective,104-27,Discharged,FALSE,3
407940,103507,2019,101,15-10-2025,20-10-2025,Elective,101-08,Discharged,FALSE,5
407941,105715,2018,104,24-03-2026,25-03-2026,Referral,104-38,Discharged,FALSE,1
407942,102121,2025,105,06-06-2025,17-06-2025,Emergency,105-05,Transferred,FALSE,11
407943,111597,2019,101,31-03-2025,01-04-2025,Elective,101-24,Discharged,FALSE,1
407944,103966,2024,108,07-12-2025,09-12-2025,Elective,108-15,Discharged,FALSE,2
407945,106040,2066,102,29-03-2025,07-04-2025,Elective,102-07,Discharged,FALSE,9
407946,100024,2003,103,14-08-2025,17-08-2025,Emergency,103-29,Discharged,FALSE,3
407947,106892,2073,101,06-02-2025,08-02-2025,Emergency,101-42,Discharged,FALSE,2
407948,108612,2032,101,08-08-2025,11-08-2025,Elective,101-16,Discharged,FALSE,3
407949,108048,2067,107,02-01-2025,05-01-2025,Elective,107-32,Discharged,FALSE,3
407950,109196,2026,102,07-06-2026,11-06-2026,Elective,102-11,Discharged,FALSE,4
407951,104504,2055,106,03-06-2025,08-06-2025,Elective,106-16,Under Treatment,TRUE,5
407952,107695,2072,107,08-08-2025,12-08-2025,Elective,107-27,Discharged,FALSE,4
407953,101053,2071,103,23-02-2025,24-02-2025,Elective,103-31,Under Treatment,FALSE,1
407954,103092,2016,107,15-05-2026,20-05-2026,Elective,107-30,Discharged,FALSE,5
407955,107485,2078,105,17-02-2026,24-02-2026,Elective,105-47,Discharged,FALSE,7
407956,104537,2033,105,14-11-2025,18-11-2025,Elective,105-50,Discharged,FALSE,4
407957,100352,2008,105,09-11-2025,12-11-2025,Elective,105-36,Discharged,FALSE,3
407958,102008,2044,106,20-12-2025,22-12-2025,Elective,106-08,Discharged,TRUE,2
407959,102436,2005,106,22-02-2025,03-03-2025,Referral,106-15,Discharged,FALSE,9
407960,111995,2009,105,26-05-2026,28-05-2026,Elective,105-03,Discharged,FALSE,2
407961,104416,2035,103,10-04-2026,13-04-2026,Elective,103-16,Discharged,FALSE,3
407962,103460,2055,106,31-12-2025,04-01-2026,Elective,106-03,Under Treatment,FALSE,4
407963,100048,2021,108,24-02-2025,08-03-2025,Elective,108-21,Transferred,FALSE,12
407964,104861,2022,101,22-06-2025,25-06-2025,Emergency,101-32,Discharged,FALSE,3
407965,111644,2075,104,07-11-2025,11-11-2025,Elective,104-46,Discharged,FALSE,4
407966,108807,2012,106,27-02-2025,03-03-2025,Elective,106-41,Discharged,FALSE,4
407967,109571,2023,108,21-04-2026,25-04-2026,Elective,108-28,Discharged,FALSE,4
407968,106999,2068,101,15-02-2026,17-02-2026,Emergency,101-31,Discharged,FALSE,2
407969,107869,2037,105,23-05-2025,27-05-2025,Emergency,105-17,Discharged,FALSE,4
407970,110014,2062,101,19-09-2025,25-09-2025,Elective,101-28,Discharged,FALSE,6
407971,106893,2056,102,12-03-2026,14-03-2026,Elective,102-50,Discharged,TRUE,2
407972,102955,2046,107,20-11-2025,21-11-2025,Elective,107-42,Discharged,FALSE,1
407973,111492,2018,104,09-04-2025,17-04-2025,Elective,104-18,Transferred,FALSE,8
407974,107169,2042,102,14-04-2025,19-04-2025,Emergency,102-05,Discharged,TRUE,5
407975,105293,2011,108,28-07-2025,31-07-2025,Referral,108-49,Discharged,FALSE,3
407976,102874,2064,108,14-02-2025,20-02-2025,Elective,108-04,Discharged,FALSE,6
407977,102393,2036,102,06-01-2025,10-01-2025,Elective,102-26,Discharged,FALSE,4
407978,107178,2007,106,04-06-2026,11-06-2026,Elective,106-49,Discharged,FALSE,7
407979,105017,2072,107,25-04-2026,27-04-2026,Elective,107-38,Discharged,FALSE,2
407980,102963,2037,105,17-04-2026,22-04-2026,Referral,105-44,Discharged,FALSE,5
407981,104567,2039,108,09-09-2025,11-09-2025,Elective,108-44,Discharged,FALSE,2
407982,108028,2022,101,20-07-2025,25-07-2025,Emergency,101-48,Discharged,FALSE,5
407983,109596,2055,106,07-01-2025,13-01-2025,Elective,106-24,Discharged,FALSE,6
407984,108523,2072,107,01-02-2025,04-02-2025,Elective,107-21,Discharged,FALSE,3
407985,111741,2037,105,14-11-2025,25-11-2025,Emergency,105-38,Discharged,FALSE,11
407986,106211,2027,101,10-07-2025,21-07-2025,Elective,101-43,Discharged,FALSE,11
407987,110848,2064,108,22-01-2026,26-01-2026,Elective,108-14,Discharged,FALSE,4
407988,100280,2021,108,25-11-2025,29-11-2025,Emergency,108-50,Discharged,FALSE,4
407989,109094,2059,104,23-12-2025,25-12-2025,Emergency,104-45,Discharged,FALSE,2
407990,103298,2024,108,07-11-2025,09-11-2025,Elective,108-26,Discharged,FALSE,2
407991,104107,2040,106,16-03-2025,18-03-2025,Emergency,106-05,Discharged,FALSE,2
407992,111847,2007,106,05-06-2025,09-06-2025,Elective,106-08,Discharged,FALSE,4
407993,103210,2052,104,27-03-2025,28-03-2025,Elective,104-06,Discharged,FALSE,1
407994,109712,2067,107,05-01-2026,08-01-2026,Elective,107-42,Discharged,FALSE,3
407995,109142,2023,108,24-01-2025,02-02-2025,Emergency,108-20,Discharged,FALSE,9
407996,111935,2012,106,30-09-2025,02-10-2025,Emergency,106-33,Discharged,TRUE,2
407997,102425,2053,105,04-07-2025,10-07-2025,Emergency,105-18,Discharged,FALSE,6
407998,111623,2079,104,24-04-2026,27-04-2026,Elective,104-28,Discharged,FALSE,3
407999,104283,2030,105,13-07-2025,16-07-2025,Emergency,105-36,Discharged,FALSE,3
408000,107285,2069,106,22-03-2025,23-03-2025,Referral,106-44,Discharged,FALSE,1
408001,102120,2014,105,10-04-2026,13-04-2026,Emergency,105-19,Discharged,FALSE,3
408002,110231,2033,105,04-09-2025,08-09-2025,Elective,105-42,Discharged,FALSE,4
408003,107242,2080,107,19-11-2025,23-11-2025,Elective,107-15,Discharged,FALSE,4
408004,108147,2033,105,08-06-2026,09-06-2026,Emergency,105-11,Discharged,FALSE,1
408005,109730,2065,104,01-04-2026,02-04-2026,Elective,104-18,Discharged,TRUE,1
408006,106155,2009,105,27-01-2026,07-02-2026,Elective,105-11,Discharged,FALSE,11
408007,102297,2066,102,11-07-2025,12-07-2025,Elective,102-38,Discharged,FALSE,1
408008,103660,2018,104,30-07-2025,03-08-2025,Elective,104-07,Discharged,FALSE,4
408009,110403,2063,108,26-08-2025,02-09-2025,Emergency,108-35,Discharged,FALSE,7
408010,108662,2027,101,04-01-2026,13-01-2026,Elective,101-02,Discharged,FALSE,9
408011,106278,2038,108,30-01-2025,11-02-2025,Elective,108-23,Discharged,FALSE,12
408012,102728,2010,104,14-01-2025,19-01-2025,Elective,104-19,Discharged,FALSE,5
408013,101704,2043,108,13-02-2026,20-02-2026,Elective,108-49,Discharged,FALSE,7
408014,107528,2020,102,14-06-2025,23-06-2025,Emergency,102-20,Discharged,FALSE,9
408015,110313,2004,101,11-06-2025,17-06-2025,Elective,101-45,Discharged,TRUE,6
408016,104574,2046,107,11-02-2026,03-03-2026,Referral,107-18,Discharged,TRUE,20
408017,102654,2064,108,01-11-2025,10-11-2025,Emergency,108-06,Discharged,FALSE,9
408018,105895,2006,106,17-10-2025,21-10-2025,Elective,106-10,Discharged,FALSE,4
408019,100258,2067,107,28-05-2025,31-05-2025,Elective,107-39,Discharged,TRUE,3
408020,108707,2032,101,08-06-2026,11-06-2026,Emergency,101-18,Discharged,FALSE,3
408021,106063,2043,108,16-08-2025,20-08-2025,Elective,108-39,Discharged,FALSE,4
408022,102665,2014,105,31-03-2026,01-04-2026,Emergency,105-49,Discharged,FALSE,1
408023,100373,2054,102,28-09-2025,01-10-2025,Elective,102-26,Discharged,FALSE,3
408024,105458,2052,104,05-03-2026,10-03-2026,Elective,104-35,Discharged,FALSE,5
408025,104344,2065,104,09-04-2025,10-04-2025,Emergency,104-48,Under Treatment,FALSE,1
408026,104011,2035,103,23-06-2025,27-06-2025,Elective,103-49,Discharged,FALSE,4
408027,109022,2030,105,08-04-2026,14-04-2026,Elective,105-50,Discharged,FALSE,6
408028,107400,2050,101,16-05-2025,17-05-2025,Elective,101-32,Discharged,FALSE,1
408029,111124,2023,108,06-07-2025,09-07-2025,Emergency,108-37,Discharged,TRUE,3
408030,111580,2019,101,11-11-2025,16-11-2025,Referral,101-47,Discharged,FALSE,5
408031,107692,2038,108,15-02-2025,16-02-2025,Elective,108-49,Discharged,TRUE,1
408032,101084,2014,105,03-01-2025,05-01-2025,Elective,105-48,Discharged,FALSE,2
408033,110134,2034,102,07-03-2025,14-03-2025,Referral,102-44,Discharged,FALSE,7
408034,105795,2009,105,23-05-2026,28-05-2026,Emergency,105-46,Discharged,FALSE,5
408035,100143,2031,104,19-05-2026,27-05-2026,Elective,104-19,Discharged,FALSE,8
408036,111878,2078,105,02-01-2026,09-01-2026,Elective,105-48,Discharged,FALSE,7
408037,109979,2051,108,23-08-2025,31-08-2025,Referral,108-35,Discharged,FALSE,8
408038,111303,2069,106,12-06-2026,17-06-2026,Emergency,106-22,Discharged,FALSE,5
408039,100017,2035,103,16-11-2025,17-11-2025,Elective,103-46,Discharged,FALSE,1
408040,104014,2032,101,04-01-2025,05-01-2025,Emergency,101-48,Discharged,FALSE,1
408041,101276,2076,104,04-05-2026,09-05-2026,Emergency,104-23,Discharged,TRUE,5
408042,108380,2063,108,16-02-2025,19-02-2025,Elective,108-49,Discharged,FALSE,3
408043,105310,2044,106,09-07-2025,13-07-2025,Emergency,106-27,Discharged,FALSE,4
408044,107205,2046,107,14-11-2025,25-11-2025,Elective,107-14,Discharged,FALSE,11
408045,100897,2037,105,21-01-2026,22-01-2026,Referral,105-33,Transferred,FALSE,1
408046,110003,2005,106,05-06-2026,09-06-2026,Elective,106-22,Discharged,FALSE,4
408047,105419,2025,105,10-01-2025,20-01-2025,Emergency,105-49,Discharged,FALSE,10
408048,100246,2051,108,30-01-2025,02-02-2025,Emergency,108-31,Discharged,FALSE,3
408049,107505,2054,102,18-05-2025,25-05-2025,Emergency,102-11,Discharged,TRUE,7
408050,110652,2059,104,15-01-2025,16-01-2025,Elective,104-25,Discharged,FALSE,1
408051,103490,2062,101,21-12-2025,22-12-2025,Referral,101-39,Discharged,FALSE,1
408052,109812,2021,108,16-01-2026,19-01-2026,Elective,108-09,Discharged,FALSE,3
408053,108543,2071,103,13-06-2026,17-06-2026,Elective,103-38,Discharged,FALSE,4
408054,102650,2073,101,20-10-2025,25-10-2025,Emergency,101-23,Discharged,FALSE,5
408055,105257,2003,103,20-12-2025,21-12-2025,Elective,103-39,Discharged,FALSE,1
408056,106762,2054,102,09-04-2025,10-04-2025,Elective,102-29,Discharged,FALSE,1
408057,106935,2011,108,25-02-2026,27-02-2026,Elective,108-45,Discharged,FALSE,2
408058,107852,2061,104,17-02-2025,20-02-2025,Elective,104-10,Discharged,FALSE,3
408059,109821,2079,104,10-01-2025,14-01-2025,Emergency,104-27,Discharged,FALSE,4
408060,100404,2065,104,09-12-2025,13-12-2025,Elective,104-33,Discharged,TRUE,4
408061,111414,2018,104,04-02-2026,05-02-2026,Referral,104-05,Discharged,FALSE,1
408062,108683,2007,106,30-03-2026,04-04-2026,Elective,106-15,Discharged,FALSE,5
408063,109257,2049,106,05-06-2025,12-06-2025,Elective,106-20,Discharged,FALSE,7
408064,111307,2037,105,21-03-2026,27-03-2026,Emergency,105-49,Discharged,FALSE,6
408065,106471,2027,101,12-07-2025,15-07-2025,Emergency,101-48,Under Treatment,FALSE,3
408066,109146,2023,108,30-08-2025,03-09-2025,Elective,108-37,Discharged,FALSE,4
408067,105265,2001,102,26-07-2025,30-07-2025,Referral,102-03,Discharged,FALSE,4
408068,111220,2047,102,28-01-2026,01-02-2026,Emergency,102-29,Under Treatment,FALSE,4
408069,104289,2034,102,24-05-2026,05-06-2026,Referral,102-02,Discharged,FALSE,12
408070,111869,2051,108,18-01-2026,19-01-2026,Elective,108-11,Discharged,FALSE,1
408071,110636,2015,103,12-07-2025,16-07-2025,Elective,103-07,Transferred,FALSE,4
408072,103089,2059,104,21-06-2025,22-06-2025,Elective,104-22,Discharged,FALSE,1
408073,110985,2063,108,01-11-2025,04-11-2025,Referral,108-15,Discharged,FALSE,3
408074,109952,2069,106,11-11-2025,13-11-2025,Referral,106-49,Discharged,FALSE,2
408075,102125,2005,106,07-04-2025,08-04-2025,Elective,106-23,Discharged,FALSE,1
408076,100190,2027,101,24-01-2025,27-01-2025,Elective,101-31,Discharged,FALSE,3
408077,104085,2008,105,28-07-2025,31-07-2025,Emergency,105-02,Discharged,FALSE,3
408078,107746,2049,106,20-04-2026,28-04-2026,Elective,106-27,Discharged,FALSE,8
408079,103527,2047,102,12-07-2025,19-07-2025,Emergency,102-28,Discharged,TRUE,7
408080,105836,2073,101,09-04-2025,11-04-2025,Elective,101-39,Transferred,TRUE,2
408081,102481,2061,104,05-06-2025,09-06-2025,Elective,104-15,Discharged,FALSE,4
408082,101734,2046,107,18-02-2025,25-02-2025,Elective,107-43,Discharged,FALSE,7
408083,104132,2004,101,18-11-2025,19-11-2025,Elective,101-08,Discharged,FALSE,1
408084,102362,2050,101,06-11-2025,09-11-2025,Elective,101-41,Discharged,TRUE,3
408085,110608,2055,106,23-09-2025,27-09-2025,Elective,106-08,Discharged,FALSE,4
408086,108705,2059,104,27-10-2025,28-10-2025,Emergency,104-42,Discharged,FALSE,1
408087,111007,2078,105,10-12-2025,13-12-2025,Elective,105-20,Discharged,TRUE,3
408088,104462,2079,104,23-03-2026,01-04-2026,Elective,104-21,Discharged,FALSE,9
408089,106094,2031,104,04-02-2026,07-02-2026,Elective,104-48,Discharged,FALSE,3
408090,101451,2026,102,07-03-2025,15-03-2025,Elective,102-28,Transferred,FALSE,8
408091,105033,2078,105,30-04-2026,07-05-2026,Elective,105-49,Discharged,FALSE,7
408092,106525,2027,101,22-01-2025,25-01-2025,Elective,101-50,Discharged,TRUE,3
408093,104026,2006,106,27-04-2026,02-05-2026,Referral,106-09,Discharged,FALSE,5
408094,108150,2017,106,04-04-2025,11-04-2025,Referral,106-37,Discharged,FALSE,7
408095,106658,2046,107,31-03-2025,03-04-2025,Elective,107-03,Discharged,FALSE,3
408096,101986,2003,103,23-05-2026,28-05-2026,Emergency,103-12,Discharged,FALSE,5
408097,107543,2022,101,03-08-2025,04-08-2025,Elective,101-37,Discharged,FALSE,1
408098,105632,2053,105,22-10-2025,26-10-2025,Emergency,105-01,Discharged,FALSE,4
408099,102188,2046,107,18-12-2025,20-12-2025,Elective,107-07,Discharged,FALSE,2
408100,101286,2037,105,25-02-2025,28-02-2025,Elective,105-04,Discharged,FALSE,3
408101,100698,2034,102,22-09-2025,27-09-2025,Elective,102-41,Discharged,FALSE,5
408102,101424,2051,108,05-01-2025,06-01-2025,Elective,108-04,Discharged,FALSE,1
408103,104078,2047,102,26-01-2026,31-01-2026,Referral,102-11,Discharged,FALSE,5
408104,103169,2024,108,03-01-2025,13-01-2025,Elective,108-35,Discharged,FALSE,10
408105,105795,2025,105,19-06-2026,03-07-2026,Emergency,105-31,Discharged,FALSE,14
408106,100725,2020,102,12-02-2025,14-02-2025,Elective,102-10,Transferred,FALSE,2
408107,104069,2040,106,21-02-2025,24-02-2025,Elective,106-34,Discharged,FALSE,3
408108,101416,2067,107,29-01-2025,31-01-2025,Elective,107-25,Transferred,FALSE,2
408109,111972,2069,106,11-06-2026,16-06-2026,Elective,106-09,Discharged,FALSE,5
408110,111803,2022,101,03-11-2025,04-11-2025,Referral,101-36,Discharged,FALSE,1
408111,103575,2015,103,22-11-2025,05-12-2025,Emergency,103-09,Discharged,TRUE,13
408112,110674,2024,108,08-11-2025,11-11-2025,Elective,108-24,Discharged,FALSE,3
408113,110106,2076,104,27-05-2025,28-05-2025,Elective,104-26,Discharged,FALSE,1
408114,111106,2076,104,28-01-2026,29-01-2026,Referral,104-44,Discharged,FALSE,1
408115,111655,2006,106,16-05-2025,20-05-2025,Elective,106-20,Discharged,FALSE,4
408116,108716,2018,104,23-05-2026,27-05-2026,Referral,104-43,Discharged,FALSE,4
408117,102912,2075,104,23-10-2025,29-10-2025,Elective,104-36,Discharged,FALSE,6
408118,103353,2010,104,28-03-2025,04-04-2025,Emergency,104-38,Discharged,FALSE,7
408119,109141,2009,105,26-04-2026,29-04-2026,Elective,105-18,Discharged,FALSE,3
408120,107665,2028,107,22-04-2025,23-04-2025,Referral,107-39,Discharged,FALSE,1
408121,109813,2036,102,18-03-2025,20-03-2025,Elective,102-12,Discharged,FALSE,2
408122,106305,2018,104,27-10-2025,28-10-2025,Emergency,104-37,Discharged,FALSE,1
408123,105281,2031,104,04-02-2026,07-02-2026,Elective,104-16,Transferred,FALSE,3
408124,107190,2056,102,18-07-2025,20-07-2025,Emergency,102-38,Discharged,FALSE,2
408125,106472,2065,104,05-02-2025,10-02-2025,Elective,104-31,Discharged,FALSE,5
408126,106160,2002,107,26-06-2025,30-06-2025,Referral,107-13,Discharged,FALSE,4
408127,110394,2055,106,28-02-2026,02-03-2026,Emergency,106-38,Discharged,TRUE,2
408128,111683,2023,108,24-08-2025,28-08-2025,Elective,108-05,Discharged,FALSE,4
408129,102945,2013,105,15-04-2025,16-04-2025,Elective,105-08,Discharged,FALSE,1
408130,100495,2067,107,06-10-2025,07-10-2025,Elective,107-12,Discharged,FALSE,1
408131,104739,2037,105,03-03-2026,08-03-2026,Elective,105-21,Transferred,FALSE,5
408132,106395,2064,108,25-03-2025,29-03-2025,Elective,108-37,Transferred,FALSE,4
408133,107387,2052,104,07-03-2026,17-03-2026,Elective,104-25,Discharged,FALSE,10
408134,100566,2012,106,27-01-2025,30-01-2025,Elective,106-45,Discharged,FALSE,3
408135,108278,2059,104,30-03-2026,03-04-2026,Elective,104-22,Discharged,FALSE,4
408136,105297,2057,101,12-08-2025,16-08-2025,Elective,101-50,Discharged,FALSE,4
408137,111875,2002,107,11-04-2026,13-04-2026,Elective,107-49,Discharged,FALSE,2
408138,108908,2048,101,12-05-2026,14-05-2026,Elective,101-15,Discharged,FALSE,2
408139,108773,2042,102,01-08-2025,05-08-2025,Emergency,102-27,Discharged,FALSE,4
408140,104573,2033,105,12-02-2026,26-02-2026,Emergency,105-17,Discharged,FALSE,14
408141,100577,2053,105,06-06-2025,26-06-2025,Elective,105-34,Discharged,FALSE,20
408142,101740,2077,106,07-05-2026,11-05-2026,Emergency,106-24,Discharged,FALSE,4
408143,101645,2054,102,28-05-2026,03-06-2026,Elective,102-18,Discharged,FALSE,6
408144,107877,2030,105,18-05-2025,22-05-2025,Emergency,105-11,Discharged,FALSE,4
408145,108335,2027,101,16-06-2026,17-06-2026,Elective,101-49,Transferred,FALSE,1
408146,103095,2027,101,18-09-2025,27-09-2025,Elective,101-47,Discharged,FALSE,9
408147,106854,2040,106,23-01-2026,31-01-2026,Referral,106-05,Under Treatment,TRUE,8
408148,107106,2062,101,26-03-2025,28-03-2025,Referral,101-47,Discharged,FALSE,2
408149,110092,2014,105,16-02-2026,18-02-2026,Elective,105-25,Discharged,FALSE,2
408150,107725,2039,108,28-10-2025,30-10-2025,Emergency,108-23,Discharged,FALSE,2
408151,109008,2039,108,13-11-2025,14-11-2025,Referral,108-04,Discharged,FALSE,1
408152,107986,2008,105,05-05-2025,06-05-2025,Emergency,105-42,Discharged,FALSE,1
408153,107794,2017,106,09-06-2025,14-06-2025,Elective,106-26,Discharged,FALSE,5
408154,109018,2025,105,13-12-2025,20-12-2025,Emergency,105-30,Discharged,FALSE,7
408155,101137,2073,101,28-09-2025,29-09-2025,Elective,101-20,Discharged,FALSE,1
408156,100231,2039,108,12-09-2025,21-09-2025,Emergency,108-29,Discharged,FALSE,9
408157,110714,2064,108,25-11-2025,27-11-2025,Elective,108-19,Discharged,FALSE,2
408158,104810,2021,108,14-01-2026,15-01-2026,Emergency,108-26,Discharged,FALSE,1
408159,111370,2039,108,03-05-2025,07-05-2025,Elective,108-28,Discharged,FALSE,4
408160,103020,2035,103,31-01-2025,06-02-2025,Referral,103-45,Discharged,FALSE,6
408161,109926,2058,102,16-06-2025,19-06-2025,Elective,102-44,Discharged,FALSE,3
408162,111968,2019,101,09-04-2025,14-04-2025,Referral,101-38,Discharged,FALSE,5
408163,103623,2076,104,24-06-2025,05-07-2025,Elective,104-46,Discharged,TRUE,11
408164,100021,2002,107,27-04-2025,28-04-2025,Emergency,107-09,Discharged,FALSE,1
408165,100133,2040,106,20-07-2025,27-07-2025,Elective,106-11,Discharged,FALSE,7
408166,109948,2040,106,08-05-2026,09-05-2026,Elective,106-48,Discharged,FALSE,1
408167,109161,2049,106,12-11-2025,16-11-2025,Elective,106-10,Transferred,TRUE,4
408168,100610,2059,104,07-11-2025,10-11-2025,Elective,104-12,Discharged,FALSE,3
408169,106576,2037,105,19-03-2025,26-03-2025,Emergency,105-15,Discharged,TRUE,7
408170,107683,2057,101,29-01-2026,30-01-2026,Referral,101-02,Discharged,FALSE,1
408171,107172,2018,104,04-04-2026,11-04-2026,Elective,104-29,Discharged,TRUE,7
408172,103677,2052,104,30-03-2025,04-04-2025,Elective,104-47,Discharged,FALSE,5
408173,105480,2023,108,14-04-2026,16-04-2026,Emergency,108-03,Discharged,FALSE,2
408174,103610,2054,102,21-01-2025,23-01-2025,Elective,102-13,Discharged,FALSE,2
408175,111001,2075,104,01-10-2025,04-10-2025,Elective,104-08,Discharged,FALSE,3
408176,107515,2062,101,13-01-2026,15-01-2026,Emergency,101-28,Discharged,TRUE,2
408177,111864,2030,105,12-07-2025,17-07-2025,Elective,105-26,Discharged,FALSE,5
408178,104183,2049,106,03-05-2026,06-05-2026,Elective,106-39,Discharged,FALSE,3
408179,106566,2074,108,14-04-2026,16-04-2026,Elective,108-39,Discharged,FALSE,2
408180,107587,2017,106,22-02-2025,23-02-2025,Emergency,106-11,Discharged,FALSE,1
408181,106669,2011,108,16-02-2025,18-02-2025,Referral,108-48,Discharged,FALSE,2
408182,105723,2058,102,25-01-2026,29-01-2026,Referral,102-35,Discharged,FALSE,4
408183,105039,2029,102,29-04-2025,02-05-2025,Emergency,102-14,Discharged,FALSE,3
408184,104246,2034,102,11-06-2025,15-06-2025,Elective,102-11,Discharged,FALSE,4
408185,111494,2032,101,05-11-2025,06-11-2025,Elective,101-37,Discharged,FALSE,1
408186,104905,2006,106,08-03-2026,11-03-2026,Elective,106-02,Transferred,FALSE,3
408187,110428,2033,105,13-07-2025,14-07-2025,Elective,105-48,Discharged,FALSE,1
408188,109722,2046,107,24-03-2026,02-04-2026,Elective,107-45,Discharged,FALSE,9
408189,106058,2041,105,01-07-2025,06-07-2025,Elective,105-29,Discharged,FALSE,5
408190,101461,2007,106,21-04-2025,22-04-2025,Elective,106-48,Discharged,FALSE,1
408191,102621,2033,105,20-04-2026,22-04-2026,Elective,105-48,Discharged,FALSE,2
408192,108837,2009,105,16-05-2025,18-05-2025,Referral,105-35,Discharged,FALSE,2
408193,109209,2005,106,02-04-2026,08-04-2026,Elective,106-34,Discharged,FALSE,6
408194,111936,2035,103,31-05-2026,02-06-2026,Elective,103-27,Discharged,FALSE,2
408195,107470,2017,106,31-03-2026,02-04-2026,Elective,106-47,Discharged,FALSE,2
408196,106835,2009,105,25-12-2025,30-12-2025,Referral,105-39,Discharged,FALSE,5
408197,110392,2040,106,20-10-2025,21-10-2025,Emergency,106-34,Discharged,FALSE,1
408198,108569,2026,102,15-06-2026,18-06-2026,Elective,102-02,Discharged,TRUE,3
408199,107938,2012,106,28-01-2026,31-01-2026,Referral,106-12,Discharged,FALSE,3
408200,100035,2039,108,27-07-2025,30-07-2025,Elective,108-25,Discharged,FALSE,3
408201,106618,2046,107,09-03-2025,16-03-2025,Elective,107-13,Discharged,FALSE,7
408202,107701,2006,106,18-06-2026,19-06-2026,Elective,106-40,Discharged,FALSE,1
408203,100613,2034,102,21-09-2025,24-09-2025,Elective,102-47,Transferred,FALSE,3
408204,103144,2029,102,30-09-2025,07-10-2025,Emergency,102-38,Discharged,FALSE,7
408205,108703,2065,104,17-08-2025,20-08-2025,Emergency,104-30,Discharged,FALSE,3
408206,104718,2048,101,29-05-2026,01-06-2026,Referral,101-04,Discharged,FALSE,3
408207,104170,2020,102,26-02-2026,06-03-2026,Elective,102-29,Under Treatment,FALSE,8
408208,107034,2077,106,07-06-2026,10-06-2026,Elective,106-25,Discharged,FALSE,3
408209,107286,2018,104,15-03-2025,16-03-2025,Emergency,104-42,Discharged,FALSE,1
408210,100701,2055,106,11-02-2026,13-02-2026,Elective,106-10,Discharged,FALSE,2
408211,101308,2051,108,31-03-2025,04-04-2025,Emergency,108-34,Discharged,FALSE,4
408212,101323,2032,101,07-05-2026,08-05-2026,Elective,101-16,Discharged,FALSE,1
408213,111364,2029,102,17-01-2026,18-01-2026,Emergency,102-32,Discharged,FALSE,1
408214,110156,2048,101,17-08-2025,19-08-2025,Emergency,101-42,Discharged,FALSE,2
408215,100001,2065,104,30-09-2025,06-10-2025,Elective,104-19,Discharged,FALSE,6
408216,111485,2006,106,15-09-2025,19-09-2025,Elective,106-10,Discharged,FALSE,4
408217,104550,2075,104,24-09-2025,29-09-2025,Referral,104-01,Discharged,FALSE,5
408218,103983,2038,108,04-02-2025,10-02-2025,Emergency,108-29,Transferred,FALSE,6
408219,110163,2042,102,28-12-2025,02-01-2026,Elective,102-28,Discharged,FALSE,5
408220,106525,2058,102,27-08-2025,02-09-2025,Emergency,102-18,Discharged,FALSE,6
408221,101469,2077,106,04-11-2025,06-11-2025,Elective,106-11,Discharged,FALSE,2
408222,100362,2027,101,21-05-2026,31-05-2026,Elective,101-32,Discharged,FALSE,10
408223,107197,2020,102,09-02-2025,14-02-2025,Elective,102-17,Discharged,FALSE,5
408224,108812,2036,102,28-01-2025,01-02-2025,Referral,102-05,Discharged,FALSE,4
408225,106306,2077,106,02-12-2025,09-12-2025,Elective,106-32,Discharged,FALSE,7
408226,100038,2006,106,26-05-2025,29-05-2025,Elective,106-42,Discharged,FALSE,3
408227,106038,2040,106,29-04-2026,06-05-2026,Referral,106-37,Discharged,FALSE,7
408228,100595,2001,102,29-04-2025,03-05-2025,Elective,102-15,Under Treatment,FALSE,4
408229,106117,2021,108,01-11-2025,03-11-2025,Elective,108-36,Discharged,FALSE,2
408230,101456,2006,106,16-10-2025,19-10-2025,Referral,106-28,Under Treatment,FALSE,3
408231,108547,2029,102,15-08-2025,16-08-2025,Elective,102-14,Discharged,FALSE,1
408232,107263,2024,108,08-07-2025,10-07-2025,Emergency,108-39,Discharged,FALSE,2
408233,103254,2021,108,16-07-2025,17-07-2025,Emergency,108-35,Discharged,FALSE,1
408234,103811,2031,104,16-01-2025,18-01-2025,Emergency,104-05,Transferred,FALSE,2
408235,100592,2065,104,17-03-2026,19-03-2026,Elective,104-47,Discharged,FALSE,2
408236,101042,2025,105,21-07-2025,23-07-2025,Emergency,105-36,Discharged,FALSE,2
408237,111001,2066,102,13-04-2026,14-04-2026,Elective,102-25,Discharged,FALSE,1
408238,101929,2052,104,06-01-2026,07-01-2026,Elective,104-20,Under Treatment,FALSE,1
408239,102896,2063,108,29-09-2025,05-10-2025,Elective,108-31,Discharged,FALSE,6
408240,110777,2047,102,21-05-2025,23-05-2025,Elective,102-32,Discharged,FALSE,2
408241,108516,2021,108,12-06-2026,13-06-2026,Elective,108-05,Discharged,FALSE,1
408242,104880,2050,101,21-07-2025,26-07-2025,Elective,101-43,Transferred,FALSE,5
408243,109262,2003,103,01-04-2025,02-04-2025,Emergency,103-24,Discharged,TRUE,1
408244,107351,2074,108,25-03-2026,26-03-2026,Emergency,108-06,Discharged,FALSE,1
408245,100243,2009,105,03-05-2025,13-05-2025,Emergency,105-03,Discharged,FALSE,10
408246,103481,2044,106,27-04-2026,29-04-2026,Elective,106-21,Discharged,FALSE,2
408247,107211,2029,102,31-05-2025,01-06-2025,Elective,102-50,Under Treatment,FALSE,1
408248,103587,2022,101,12-06-2026,14-06-2026,Elective,101-37,Discharged,FALSE,2
408249,103326,2069,106,19-01-2025,20-01-2025,Emergency,106-35,Discharged,FALSE,1
408250,103161,2052,104,18-01-2026,20-01-2026,Emergency,104-07,Transferred,FALSE,2
408251,109370,2065,104,20-10-2025,30-10-2025,Emergency,104-33,Discharged,FALSE,10
408252,105831,2065,104,16-11-2025,19-11-2025,Referral,104-18,Discharged,FALSE,3
408253,111424,2067,107,21-05-2025,26-05-2025,Elective,107-41,Discharged,FALSE,5
408254,106346,2027,101,15-05-2026,23-05-2026,Emergency,101-50,Discharged,FALSE,8
408255,103921,2039,108,09-05-2025,12-05-2025,Elective,108-33,Discharged,FALSE,3
408256,108106,2054,102,08-08-2025,11-08-2025,Elective,102-29,Under Treatment,FALSE,3
408257,110917,2077,106,09-03-2025,12-03-2025,Elective,106-32,Discharged,FALSE,3
408258,110342,2003,103,11-11-2025,15-11-2025,Elective,103-29,Discharged,FALSE,4
408259,103077,2066,102,29-08-2025,05-09-2025,Referral,102-28,Discharged,FALSE,7
408260,111897,2031,104,20-08-2025,21-08-2025,Referral,104-08,Discharged,FALSE,1
408261,106796,2003,103,13-01-2026,16-01-2026,Emergency,103-33,Discharged,FALSE,3
408262,105282,2068,101,19-02-2026,20-02-2026,Emergency,101-23,Discharged,FALSE,1
408263,105576,2010,104,17-05-2025,25-05-2025,Emergency,104-36,Discharged,FALSE,8
408264,105987,2054,102,26-05-2026,27-05-2026,Emergency,102-50,Transferred,FALSE,1
408265,104554,2030,105,29-04-2026,30-04-2026,Referral,105-41,Discharged,FALSE,1
408266,101472,2031,104,04-02-2025,05-02-2025,Elective,104-21,Discharged,FALSE,1
408267,107349,2074,108,13-03-2026,19-03-2026,Elective,108-05,Discharged,FALSE,6
408268,109803,2017,106,14-02-2026,16-02-2026,Elective,106-14,Discharged,FALSE,2
408269,111107,2075,104,19-05-2026,20-05-2026,Emergency,104-08,Discharged,FALSE,1
408270,106794,2004,101,04-01-2025,07-01-2025,Elective,101-15,Discharged,FALSE,3
408271,107470,2079,104,25-02-2026,28-02-2026,Elective,104-05,Discharged,FALSE,3
408272,110968,2014,105,03-06-2025,06-06-2025,Elective,105-32,Discharged,FALSE,3
408273,110208,2078,105,18-12-2025,21-12-2025,Emergency,105-43,Discharged,FALSE,3
408274,107782,2012,106,04-03-2025,05-03-2025,Elective,106-42,Discharged,FALSE,1
408275,109882,2041,105,14-02-2025,23-02-2025,Elective,105-43,Discharged,FALSE,9
408276,109444,2054,102,17-05-2025,21-05-2025,Elective,102-48,Discharged,FALSE,4
408277,109547,2030,105,10-06-2026,14-06-2026,Emergency,105-39,Discharged,FALSE,4
408278,107320,2067,107,18-07-2025,19-07-2025,Emergency,107-45,Discharged,FALSE,1
408279,106724,2039,108,25-07-2025,31-07-2025,Elective,108-19,Discharged,FALSE,6
408280,109683,2042,102,04-10-2025,06-10-2025,Elective,102-41,Discharged,FALSE,2
408281,105494,2014,105,29-06-2025,01-07-2025,Emergency,105-25,Discharged,FALSE,2
408282,103219,2019,101,22-05-2026,23-05-2026,Elective,101-25,Discharged,FALSE,1
408283,101369,2059,104,03-04-2026,05-04-2026,Emergency,104-47,Discharged,FALSE,2
408284,108929,2026,102,29-04-2026,01-05-2026,Elective,102-04,Transferred,FALSE,2
408285,105636,2055,106,17-03-2025,19-03-2025,Elective,106-18,Transferred,TRUE,2
408286,110756,2018,104,10-01-2025,12-01-2025,Emergency,104-26,Discharged,FALSE,2
408287,108269,2043,108,20-03-2025,26-03-2025,Elective,108-10,Discharged,FALSE,6
408288,107357,2041,105,25-04-2026,27-04-2026,Elective,105-42,Discharged,FALSE,2
408289,102060,2037,105,02-06-2025,11-06-2025,Emergency,105-44,Discharged,FALSE,9
408290,107102,2031,104,26-05-2026,31-05-2026,Elective,104-48,Discharged,FALSE,5
408291,108471,2021,108,02-04-2025,03-04-2025,Elective,108-46,Discharged,FALSE,1
408292,107048,2016,107,30-11-2025,04-12-2025,Elective,107-37,Discharged,FALSE,4
408293,104760,2038,108,27-01-2025,31-01-2025,Elective,108-38,Discharged,TRUE,4
408294,101608,2059,104,04-03-2026,10-03-2026,Elective,104-21,Discharged,FALSE,6
408295,107038,2045,107,10-06-2025,12-06-2025,Elective,107-41,Discharged,FALSE,2
408296,105450,2035,103,28-04-2026,29-04-2026,Elective,103-03,Discharged,FALSE,1
408297,104032,2022,101,19-02-2025,25-02-2025,Elective,101-40,Discharged,FALSE,6
408298,106460,2011,108,03-03-2026,04-03-2026,Elective,108-48,Discharged,FALSE,1
408299,105687,2042,102,17-04-2025,21-04-2025,Elective,102-15,Discharged,FALSE,4
408300,111631,2070,106,08-06-2025,19-06-2025,Elective,106-45,Discharged,FALSE,11
408301,107692,2025,105,16-06-2025,19-06-2025,Elective,105-31,Discharged,FALSE,3
408302,108060,2067,107,26-05-2025,29-05-2025,Elective,107-06,Discharged,FALSE,3
408303,110470,2065,104,13-08-2025,15-08-2025,Referral,104-27,Discharged,FALSE,2
408304,102087,2020,102,18-07-2025,20-07-2025,Emergency,102-10,Discharged,FALSE,2
408305,110177,2035,103,04-04-2026,05-04-2026,Emergency,103-44,Discharged,FALSE,1
408306,106679,2037,105,29-04-2025,01-05-2025,Elective,105-45,Discharged,FALSE,2
408307,105884,2041,105,22-03-2025,23-03-2025,Elective,105-25,Discharged,FALSE,1
408308,100807,2050,101,26-05-2025,27-05-2025,Elective,101-27,Discharged,FALSE,1
408309,110760,2053,105,27-04-2026,02-05-2026,Referral,105-28,Discharged,FALSE,5
408310,102426,2021,108,22-06-2025,23-06-2025,Emergency,108-36,Under Treatment,FALSE,1
408311,110060,2048,101,26-03-2025,28-03-2025,Elective,101-38,Transferred,FALSE,2
408312,105258,2009,105,30-12-2025,06-01-2026,Emergency,105-30,Discharged,FALSE,7
408313,102601,2071,103,20-06-2026,22-06-2026,Elective,103-37,Discharged,FALSE,2
408314,111348,2049,106,02-07-2025,03-07-2025,Referral,106-31,Discharged,FALSE,1
408315,101076,2013,105,16-06-2026,18-06-2026,Emergency,105-44,Discharged,FALSE,2
408316,108417,2037,105,18-05-2026,21-05-2026,Referral,105-05,Discharged,FALSE,3
408317,108946,2049,106,23-09-2025,26-09-2025,Emergency,106-03,Discharged,FALSE,3
408318,111782,2040,106,03-04-2026,13-04-2026,Emergency,106-11,Discharged,FALSE,10
408319,105644,2043,108,20-04-2025,22-04-2025,Elective,108-04,Discharged,FALSE,2
408320,103138,2032,101,07-05-2026,12-05-2026,Elective,101-42,Discharged,FALSE,5
408321,107370,2039,108,23-04-2025,30-04-2025,Referral,108-44,Discharged,FALSE,7
408322,108061,2031,104,22-03-2025,25-03-2025,Elective,104-18,Discharged,FALSE,3
408323,109547,2020,102,09-09-2025,14-09-2025,Emergency,102-34,Discharged,FALSE,5
408324,108152,2002,107,25-05-2026,31-05-2026,Elective,107-29,Discharged,TRUE,6
408325,102142,2009,105,09-03-2025,11-03-2025,Referral,105-24,Transferred,FALSE,2
408326,110406,2071,103,28-04-2026,01-05-2026,Elective,103-29,Discharged,FALSE,3
408327,104521,2008,105,17-04-2026,26-04-2026,Emergency,105-21,Discharged,FALSE,9
408328,108128,2022,101,09-01-2025,13-01-2025,Elective,101-46,Transferred,FALSE,4
408329,104690,2054,102,20-04-2026,21-04-2026,Referral,102-21,Discharged,FALSE,1
408330,104096,2027,101,06-04-2026,11-04-2026,Emergency,101-12,Discharged,FALSE,5
408331,103414,2080,107,16-01-2025,20-01-2025,Emergency,107-25,Discharged,FALSE,4
408332,110656,2003,103,02-11-2025,06-11-2025,Elective,103-43,Discharged,FALSE,4
408333,107053,2029,102,06-05-2026,16-05-2026,Elective,102-21,Discharged,FALSE,10
408334,110812,2067,107,19-02-2025,20-02-2025,Emergency,107-34,Discharged,FALSE,1
408335,101833,2047,102,06-09-2025,14-09-2025,Elective,102-31,Discharged,FALSE,8
408336,109463,2066,102,06-12-2025,12-12-2025,Emergency,102-22,Transferred,FALSE,6
408337,104629,2063,108,15-05-2025,16-05-2025,Elective,108-17,Discharged,FALSE,1
408338,111468,2073,101,12-03-2026,13-03-2026,Referral,101-29,Discharged,FALSE,1
408339,101987,2056,102,04-03-2026,06-03-2026,Elective,102-17,Discharged,FALSE,2
408340,100127,2044,106,23-12-2025,29-12-2025,Elective,106-45,Discharged,FALSE,6
408341,104232,2060,103,18-05-2026,21-05-2026,Elective,103-27,Transferred,FALSE,3
408342,106847,2051,108,06-04-2025,13-04-2025,Elective,108-33,Under Treatment,FALSE,7
408343,100201,2080,107,03-02-2025,05-02-2025,Referral,107-05,Discharged,FALSE,2
408344,106064,2008,105,08-07-2025,19-07-2025,Elective,105-11,Discharged,FALSE,11
408345,102220,2016,107,29-09-2025,03-10-2025,Elective,107-43,Discharged,FALSE,4
408346,103547,2047,102,22-03-2026,29-03-2026,Emergency,102-40,Discharged,FALSE,7
408347,111953,2042,102,31-01-2025,04-02-2025,Emergency,102-32,Discharged,FALSE,4
408348,102881,2026,102,23-03-2025,27-03-2025,Referral,102-41,Discharged,FALSE,4
408349,106272,2040,106,19-10-2025,22-10-2025,Elective,106-42,Discharged,FALSE,3
408350,107645,2027,101,06-11-2025,10-11-2025,Referral,101-20,Discharged,FALSE,4
408351,103341,2080,107,14-07-2025,21-07-2025,Referral,107-19,Discharged,FALSE,7
408352,102574,2038,108,18-04-2025,20-04-2025,Elective,108-37,Discharged,FALSE,2
408353,102178,2056,102,07-07-2025,09-07-2025,Elective,102-49,Discharged,FALSE,2
408354,110108,2050,101,01-08-2025,03-08-2025,Elective,101-02,Discharged,FALSE,2
408355,107466,2043,108,23-04-2026,28-04-2026,Emergency,108-37,Discharged,FALSE,5
408356,104489,2038,108,25-09-2025,29-09-2025,Referral,108-22,Discharged,FALSE,4
408357,102822,2072,107,04-08-2025,07-08-2025,Emergency,107-39,Discharged,FALSE,3
408358,106791,2047,102,19-05-2025,21-05-2025,Elective,102-08,Discharged,FALSE,2
408359,101901,2008,105,18-09-2025,22-09-2025,Emergency,105-02,Discharged,FALSE,4
408360,106036,2042,102,15-04-2025,22-04-2025,Elective,102-23,Under Treatment,FALSE,7
408361,110503,2043,108,01-04-2026,03-04-2026,Emergency,108-45,Transferred,FALSE,2
408362,101616,2018,104,14-10-2025,16-10-2025,Emergency,104-46,Transferred,TRUE,2
408363,101928,2037,105,09-04-2026,14-04-2026,Emergency,105-33,Discharged,TRUE,5
408364,110853,2012,106,20-02-2025,02-03-2025,Referral,106-24,Discharged,FALSE,10
408365,107386,2029,102,31-03-2026,04-04-2026,Elective,102-11,Transferred,TRUE,4
408366,104401,2079,104,13-09-2025,14-09-2025,Emergency,104-13,Discharged,FALSE,1
408367,107824,2003,103,27-09-2025,30-09-2025,Referral,103-12,Discharged,FALSE,3
408368,105254,2029,102,13-10-2025,14-10-2025,Elective,102-02,Discharged,FALSE,1
408369,111307,2075,104,22-10-2025,24-10-2025,Elective,104-47,Discharged,FALSE,2
408370,101150,2072,107,30-11-2025,07-12-2025,Emergency,107-29,Discharged,FALSE,7
408371,111611,2078,105,24-04-2026,26-04-2026,Emergency,105-07,Discharged,FALSE,2
408372,105361,2056,102,03-08-2025,12-08-2025,Elective,102-50,Discharged,FALSE,9
408373,100002,2052,104,26-04-2026,27-04-2026,Elective,104-42,Discharged,FALSE,1
408374,104638,2016,107,10-12-2025,12-12-2025,Elective,107-36,Under Treatment,FALSE,2
408375,101359,2002,107,21-07-2025,22-07-2025,Elective,107-33,Discharged,FALSE,1
408376,110250,2001,102,27-08-2025,03-09-2025,Emergency,102-08,Transferred,TRUE,7
408377,107440,2053,105,06-04-2025,10-04-2025,Elective,105-49,Discharged,FALSE,4
408378,101160,2079,104,16-09-2025,20-09-2025,Emergency,104-32,Discharged,FALSE,4
408379,106038,2009,105,08-05-2025,11-05-2025,Emergency,105-32,Discharged,TRUE,3
408380,103319,2067,107,14-04-2025,23-04-2025,Elective,107-03,Discharged,FALSE,9
408381,106739,2046,107,13-10-2025,24-10-2025,Elective,107-48,Discharged,FALSE,11
408382,104636,2064,108,19-01-2026,24-01-2026,Elective,108-34,Discharged,FALSE,5
408383,111964,2078,105,20-08-2025,23-08-2025,Elective,105-13,Discharged,FALSE,3
408384,107525,2050,101,26-04-2025,30-04-2025,Elective,101-45,Discharged,FALSE,4
408385,103823,2023,108,17-06-2026,23-06-2026,Emergency,108-04,Discharged,FALSE,6
408386,103920,2063,108,01-04-2025,06-04-2025,Emergency,108-27,Discharged,FALSE,5
408387,105221,2065,104,15-01-2026,18-01-2026,Elective,104-25,Discharged,FALSE,3
408388,111839,2066,102,27-05-2025,30-05-2025,Referral,102-22,Discharged,FALSE,3
408389,107657,2058,102,20-01-2025,31-01-2025,Elective,102-27,Discharged,FALSE,11
408390,105630,2018,104,25-03-2025,29-03-2025,Emergency,104-23,Discharged,TRUE,4
408391,101491,2008,105,26-02-2025,01-03-2025,Emergency,105-15,Discharged,FALSE,3
408392,109685,2001,102,12-04-2026,19-04-2026,Elective,102-07,Discharged,FALSE,7
408393,102852,2066,102,17-03-2026,21-03-2026,Referral,102-16,Discharged,FALSE,4
408394,101132,2039,108,10-01-2026,11-01-2026,Emergency,108-05,Discharged,FALSE,1
408395,105993,2014,105,30-01-2026,01-02-2026,Referral,105-12,Discharged,FALSE,2
408396,111696,2003,103,09-02-2025,10-02-2025,Elective,103-43,Discharged,FALSE,1
408397,103641,2039,108,08-07-2025,11-07-2025,Emergency,108-42,Discharged,FALSE,3
408398,100076,2026,102,26-01-2026,01-02-2026,Elective,102-07,Discharged,FALSE,6
408399,110373,2040,106,06-05-2025,08-05-2025,Emergency,106-31,Discharged,FALSE,2
408400,107529,2007,106,09-07-2025,11-07-2025,Emergency,106-16,Discharged,FALSE,2
408401,101311,2027,101,04-01-2025,10-01-2025,Elective,101-06,Discharged,FALSE,6
408402,103465,2020,102,09-01-2025,11-01-2025,Elective,102-01,Discharged,FALSE,2
408403,102874,2044,106,20-02-2026,23-02-2026,Elective,106-14,Discharged,FALSE,3
408404,111842,2008,105,27-01-2025,02-02-2025,Emergency,105-20,Discharged,FALSE,6
408405,111768,2060,103,26-05-2025,29-05-2025,Emergency,103-18,Under Treatment,FALSE,3
408406,106960,2042,102,19-05-2025,26-05-2025,Elective,102-03,Discharged,FALSE,7
408407,108222,2069,106,07-04-2026,11-04-2026,Elective,106-18,Discharged,TRUE,4
408408,109629,2055,106,04-02-2026,07-02-2026,Elective,106-33,Under Treatment,FALSE,3
408409,111690,2028,107,24-11-2025,27-11-2025,Emergency,107-06,Discharged,FALSE,3
408410,104130,2043,108,14-06-2025,17-06-2025,Elective,108-07,Discharged,FALSE,3
408411,110640,2015,103,05-01-2026,08-01-2026,Elective,103-39,Transferred,FALSE,3
408412,107994,2017,106,06-03-2026,08-03-2026,Elective,106-17,Discharged,FALSE,2
408413,108758,2064,108,07-06-2025,09-06-2025,Emergency,108-44,Transferred,FALSE,2
408414,108118,2076,104,10-02-2025,14-02-2025,Elective,104-25,Discharged,TRUE,4
408415,103036,2073,101,08-04-2025,10-04-2025,Emergency,101-36,Discharged,FALSE,2
408416,111589,2022,101,14-08-2025,23-08-2025,Elective,101-49,Discharged,FALSE,9
408417,111354,2080,107,30-03-2026,31-03-2026,Elective,107-48,Discharged,FALSE,1
408418,109418,2063,108,13-05-2025,16-05-2025,Emergency,108-45,Discharged,FALSE,3
408419,101882,2077,106,28-03-2025,02-04-2025,Elective,106-05,Under Treatment,FALSE,5
408420,105946,2014,105,13-01-2025,18-01-2025,Elective,105-08,Discharged,FALSE,5
408421,105682,2075,104,17-01-2026,22-01-2026,Emergency,104-47,Discharged,TRUE,5
408422,110498,2071,103,21-01-2025,23-01-2025,Emergency,103-33,Discharged,FALSE,2
408423,109984,2029,102,30-05-2026,03-06-2026,Elective,102-23,Discharged,FALSE,4
408424,105611,2051,108,24-12-2025,04-01-2026,Elective,108-33,Discharged,FALSE,11
408425,100573,2002,107,17-08-2025,18-08-2025,Elective,107-25,Discharged,FALSE,1
408426,102913,2021,108,04-08-2025,05-08-2025,Referral,108-34,Discharged,FALSE,1
408427,105740,2055,106,22-04-2026,27-04-2026,Emergency,106-26,Discharged,FALSE,5
408428,100614,2031,104,07-07-2025,09-07-2025,Elective,104-37,Transferred,FALSE,2
408429,110348,2017,106,08-04-2026,14-04-2026,Elective,106-49,Discharged,FALSE,6
408430,107517,2059,104,24-01-2026,27-01-2026,Elective,104-40,Discharged,FALSE,3
408431,107052,2020,102,22-04-2026,28-04-2026,Emergency,102-03,Transferred,FALSE,6
408432,109249,2073,101,17-04-2025,20-04-2025,Elective,101-47,Discharged,FALSE,3
408433,101514,2007,106,14-12-2025,15-12-2025,Elective,106-49,Under Treatment,FALSE,1
408434,111239,2044,106,16-05-2025,20-05-2025,Emergency,106-42,Discharged,FALSE,4
408435,102217,2076,104,28-03-2026,31-03-2026,Elective,104-38,Discharged,FALSE,3
408436,110269,2015,103,23-05-2026,26-05-2026,Emergency,103-48,Discharged,FALSE,3
408437,107225,2012,106,01-10-2025,09-10-2025,Referral,106-48,Transferred,FALSE,8
408438,104041,2074,108,12-03-2026,13-03-2026,Elective,108-14,Discharged,FALSE,1
408439,111485,2038,108,20-01-2025,21-01-2025,Emergency,108-11,Discharged,FALSE,1
408440,107789,2004,101,16-06-2026,17-06-2026,Elective,101-35,Discharged,FALSE,1
408441,104053,2066,102,03-08-2025,06-08-2025,Emergency,102-20,Discharged,FALSE,3
408442,109158,2040,106,16-01-2025,24-01-2025,Elective,106-08,Discharged,FALSE,8
408443,103793,2052,104,22-01-2025,24-01-2025,Elective,104-34,Discharged,FALSE,2
408444,101090,2063,108,23-03-2025,25-03-2025,Emergency,108-15,Discharged,FALSE,2
408445,106183,2025,105,06-06-2026,08-06-2026,Elective,105-11,Discharged,TRUE,2
408446,100754,2073,101,05-04-2025,11-04-2025,Elective,101-11,Discharged,FALSE,6
408447,106835,2021,108,07-05-2025,13-05-2025,Elective,108-03,Discharged,TRUE,6
408448,105581,2076,104,09-03-2026,15-03-2026,Emergency,104-50,Discharged,FALSE,6
408449,109401,2002,107,12-01-2026,14-01-2026,Emergency,107-30,Discharged,FALSE,2
408450,105461,2014,105,28-02-2025,03-03-2025,Elective,105-26,Discharged,FALSE,3
408451,102203,2004,101,04-05-2026,09-05-2026,Elective,101-42,Discharged,FALSE,5
408452,106690,2026,102,17-03-2026,27-03-2026,Elective,102-27,Under Treatment,FALSE,10
408453,103429,2013,105,22-02-2025,24-02-2025,Elective,105-09,Discharged,FALSE,2
408454,102665,2053,105,29-03-2026,02-04-2026,Referral,105-43,Discharged,FALSE,4
408455,110668,2032,101,16-01-2026,21-01-2026,Emergency,101-44,Discharged,FALSE,5
408456,110891,2051,108,31-07-2025,01-08-2025,Elective,108-19,Discharged,FALSE,1
408457,105216,2073,101,09-10-2025,13-10-2025,Referral,101-28,Discharged,FALSE,4
408458,102295,2017,106,09-09-2025,18-09-2025,Emergency,106-49,Transferred,FALSE,9
408459,102751,2007,106,18-06-2026,01-07-2026,Elective,106-01,Discharged,TRUE,13
408460,104114,2030,105,06-02-2025,08-02-2025,Referral,105-31,Discharged,FALSE,2
408461,103644,2024,108,17-04-2026,19-04-2026,Elective,108-38,Discharged,FALSE,2
408462,106536,2075,104,26-01-2025,29-01-2025,Elective,104-15,Discharged,TRUE,3
408463,108378,2049,106,12-02-2026,13-02-2026,Elective,106-18,Discharged,FALSE,1
408464,103731,2007,106,05-04-2025,08-04-2025,Emergency,106-39,Discharged,FALSE,3
408465,110020,2068,101,08-11-2025,09-11-2025,Elective,101-48,Discharged,FALSE,1
408466,107677,2019,101,22-05-2026,23-05-2026,Elective,101-43,Discharged,FALSE,1
408467,104301,2066,102,10-02-2026,16-02-2026,Elective,102-22,Discharged,FALSE,6
408468,105684,2012,106,13-10-2025,18-10-2025,Elective,106-17,Transferred,FALSE,5
408469,108819,2032,101,27-01-2025,29-01-2025,Emergency,101-11,Discharged,FALSE,2
408470,103008,2027,101,15-11-2025,16-11-2025,Elective,101-16,Transferred,FALSE,1
408471,110093,2059,104,30-05-2025,06-06-2025,Emergency,104-20,Discharged,FALSE,7
408472,102141,2007,106,18-03-2025,22-03-2025,Elective,106-47,Discharged,FALSE,4
408473,101201,2069,106,10-02-2025,11-02-2025,Elective,106-11,Discharged,TRUE,1
408474,107883,2029,102,19-05-2025,23-05-2025,Elective,102-10,Discharged,FALSE,4
408475,104151,2013,105,22-05-2025,25-05-2025,Emergency,105-23,Discharged,TRUE,3
408476,101536,2044,106,18-06-2026,20-06-2026,Emergency,106-31,Transferred,FALSE,2
408477,110226,2059,104,25-01-2026,26-01-2026,Elective,104-36,Discharged,FALSE,1
408478,110019,2049,106,19-02-2026,21-02-2026,Emergency,106-23,Discharged,FALSE,2
408479,109788,2048,101,29-05-2026,31-05-2026,Emergency,101-27,Discharged,FALSE,2
408480,104628,2079,104,21-02-2026,22-02-2026,Emergency,104-39,Discharged,FALSE,1
408481,107836,2056,102,28-01-2026,06-02-2026,Elective,102-46,Discharged,TRUE,9
408482,104472,2049,106,04-02-2026,10-02-2026,Elective,106-38,Discharged,FALSE,6
408483,104938,2025,105,08-04-2025,13-04-2025,Emergency,105-38,Discharged,FALSE,5
408484,104597,2066,102,28-04-2025,07-05-2025,Emergency,102-38,Discharged,FALSE,9
408485,103356,2070,106,08-05-2025,10-05-2025,Elective,106-50,Discharged,FALSE,2
408486,103589,2078,105,29-10-2025,30-10-2025,Elective,105-42,Discharged,FALSE,1
408487,107835,2069,106,30-03-2026,02-04-2026,Emergency,106-32,Transferred,FALSE,3
408488,100280,2071,103,30-05-2026,02-06-2026,Emergency,103-02,Discharged,FALSE,3
408489,104682,2015,103,10-12-2025,22-12-2025,Emergency,103-17,Discharged,TRUE,12
408490,104112,2071,103,18-06-2026,19-06-2026,Elective,103-50,Under Treatment,FALSE,1
408491,109604,2007,106,03-03-2025,05-03-2025,Elective,106-11,Discharged,FALSE,2
408492,101044,2062,101,26-02-2025,28-02-2025,Emergency,101-49,Discharged,FALSE,2
408493,103421,2004,101,03-03-2026,08-03-2026,Elective,101-48,Discharged,FALSE,5
408494,104821,2060,103,19-08-2025,27-08-2025,Elective,103-41,Discharged,FALSE,8
408495,102945,2044,106,09-03-2025,19-03-2025,Emergency,106-47,Discharged,FALSE,10
408496,107969,2065,104,12-05-2025,14-05-2025,Elective,104-09,Transferred,FALSE,2
408497,109936,2030,105,02-06-2026,03-06-2026,Emergency,105-02,Transferred,FALSE,1
408498,111878,2018,104,06-07-2025,07-07-2025,Elective,104-08,Transferred,FALSE,1
408499,106902,2029,102,28-06-2025,01-07-2025,Elective,102-06,Discharged,FALSE,3
408500,107199,2040,106,06-02-2025,09-02-2025,Elective,106-31,Discharged,FALSE,3
408501,110200,2053,105,15-08-2025,02-09-2025,Referral,105-03,Discharged,FALSE,18
408502,100542,2034,102,21-01-2025,30-01-2025,Elective,102-43,Transferred,FALSE,9
408503,109480,2074,108,19-04-2026,21-04-2026,Elective,108-13,Discharged,FALSE,2
408504,100445,2023,108,09-03-2026,15-03-2026,Elective,108-06,Under Treatment,FALSE,6
408505,106761,2015,103,31-12-2025,03-01-2026,Elective,103-47,Discharged,FALSE,3
408506,111796,2072,107,09-04-2025,11-04-2025,Elective,107-06,Discharged,FALSE,2
408507,106435,2049,106,21-10-2025,23-10-2025,Referral,106-47,Discharged,FALSE,2
408508,106122,2006,106,03-04-2025,05-04-2025,Emergency,106-26,Discharged,FALSE,2
408509,108608,2051,108,12-05-2026,13-05-2026,Elective,108-28,Discharged,FALSE,1
408510,104485,2040,106,23-01-2025,27-01-2025,Referral,106-04,Discharged,FALSE,4
408511,110921,2008,105,01-01-2025,03-01-2025,Elective,105-43,Discharged,FALSE,2
408512,101078,2005,106,08-02-2025,11-02-2025,Elective,106-27,Discharged,TRUE,3
408513,109471,2064,108,20-06-2026,22-06-2026,Referral,108-28,Discharged,FALSE,2
408514,104250,2070,106,17-03-2026,19-03-2026,Elective,106-36,Discharged,FALSE,2
408515,111119,2024,108,06-04-2026,10-04-2026,Emergency,108-04,Discharged,FALSE,4
408516,108365,2024,108,11-09-2025,14-09-2025,Elective,108-05,Discharged,FALSE,3
408517,105684,2046,107,30-04-2026,01-05-2026,Emergency,107-39,Discharged,FALSE,1
408518,106247,2033,105,12-10-2025,13-10-2025,Referral,105-18,Discharged,FALSE,1
408519,111762,2014,105,31-12-2025,02-01-2026,Elective,105-03,Discharged,FALSE,2
408520,107469,2033,105,14-06-2025,17-06-2025,Elective,105-02,Discharged,FALSE,3
408521,107466,2023,108,26-10-2025,29-10-2025,Elective,108-32,Transferred,TRUE,3
408522,103786,2028,107,11-09-2025,12-09-2025,Emergency,107-12,Discharged,FALSE,1
408523,104352,2012,106,11-02-2026,14-02-2026,Elective,106-42,Discharged,FALSE,3
408524,100234,2001,102,10-02-2026,15-02-2026,Elective,102-40,Discharged,FALSE,5
408525,106794,2029,102,29-05-2026,05-06-2026,Emergency,102-36,Discharged,FALSE,7
408526,106601,2008,105,02-10-2025,06-10-2025,Elective,105-28,Discharged,TRUE,4
408527,104184,2077,106,08-12-2025,13-12-2025,Elective,106-35,Discharged,FALSE,5
408528,102302,2078,105,13-03-2026,23-03-2026,Referral,105-15,Discharged,FALSE,10
408529,104540,2005,106,25-01-2026,28-01-2026,Elective,106-25,Discharged,FALSE,3
408530,104616,2058,102,16-02-2025,21-02-2025,Emergency,102-16,Discharged,FALSE,5
408531,107378,2048,101,03-08-2025,08-08-2025,Elective,101-24,Discharged,FALSE,5
408532,104242,2019,101,01-06-2026,02-06-2026,Elective,101-23,Discharged,FALSE,1
408533,111588,2037,105,04-11-2025,06-11-2025,Elective,105-19,Discharged,FALSE,2
408534,104205,2006,106,01-11-2025,02-11-2025,Elective,106-02,Discharged,FALSE,1
408535,100303,2016,107,02-05-2026,06-05-2026,Elective,107-23,Discharged,FALSE,4
408536,109134,2017,106,06-04-2025,18-04-2025,Emergency,106-07,Discharged,TRUE,12
408537,102359,2025,105,21-05-2025,23-05-2025,Elective,105-23,Discharged,FALSE,2
408538,111488,2075,104,03-11-2025,06-11-2025,Elective,104-47,Discharged,FALSE,3
408539,110964,2051,108,05-11-2025,07-11-2025,Elective,108-31,Discharged,TRUE,2
408540,105456,2052,104,17-04-2026,19-04-2026,Referral,104-50,Discharged,FALSE,2
408541,107382,2070,106,08-05-2025,11-05-2025,Referral,106-47,Discharged,FALSE,3
408542,102637,2063,108,19-03-2026,20-03-2026,Elective,108-23,Discharged,FALSE,1
408543,111864,2027,101,25-03-2025,26-03-2025,Emergency,101-32,Discharged,FALSE,1
408544,109713,2048,101,20-07-2025,26-07-2025,Emergency,101-42,Discharged,FALSE,6
408545,102918,2022,101,12-03-2026,13-03-2026,Elective,101-50,Discharged,FALSE,1
408546,102378,2067,107,22-03-2026,29-03-2026,Emergency,107-24,Discharged,FALSE,7
408547,105553,2046,107,14-05-2025,16-05-2025,Elective,107-30,Discharged,FALSE,2
408548,103177,2043,108,13-03-2025,18-03-2025,Referral,108-11,Under Treatment,FALSE,5
408549,111045,2020,102,18-02-2025,22-02-2025,Elective,102-08,Discharged,FALSE,4
408550,109878,2043,108,19-04-2025,03-05-2025,Elective,108-50,Discharged,FALSE,14
408551,105017,2079,104,13-02-2025,14-02-2025,Elective,104-47,Discharged,FALSE,1
408552,101798,2027,101,21-08-2025,24-08-2025,Elective,101-21,Discharged,FALSE,3
408553,103141,2010,104,03-10-2025,13-10-2025,Emergency,104-30,Discharged,FALSE,10
408554,102487,2043,108,04-06-2026,12-06-2026,Emergency,108-08,Discharged,FALSE,8
408555,106879,2011,108,14-06-2025,16-06-2025,Elective,108-38,Discharged,FALSE,2
408556,110339,2014,105,21-02-2025,23-02-2025,Emergency,105-28,Discharged,FALSE,2
408557,106377,2021,108,06-04-2026,07-04-2026,Elective,108-34,Discharged,FALSE,1
408558,105424,2025,105,06-02-2025,10-02-2025,Elective,105-35,Discharged,FALSE,4
408559,105228,2034,102,20-09-2025,23-09-2025,Referral,102-22,Discharged,FALSE,3
408560,110496,2074,108,10-03-2025,17-03-2025,Elective,108-12,Discharged,FALSE,7
408561,103960,2027,101,01-08-2025,03-08-2025,Elective,101-21,Discharged,TRUE,2
408562,100801,2008,105,18-10-2025,22-10-2025,Referral,105-31,Under Treatment,FALSE,4
408563,105317,2042,102,10-03-2025,19-03-2025,Elective,102-46,Under Treatment,FALSE,9
408564,109258,2053,105,03-03-2025,06-03-2025,Emergency,105-01,Discharged,FALSE,3
408565,101437,2015,103,01-03-2025,03-03-2025,Elective,103-29,Discharged,FALSE,2
408566,111762,2063,108,08-10-2025,15-10-2025,Elective,108-35,Discharged,TRUE,7
408567,104631,2056,102,01-05-2025,05-05-2025,Referral,102-36,Discharged,FALSE,4
408568,109498,2061,104,27-06-2025,04-07-2025,Emergency,104-44,Transferred,FALSE,7
408569,101864,2043,108,08-04-2025,11-04-2025,Elective,108-35,Discharged,FALSE,3
408570,111276,2052,104,29-09-2025,04-10-2025,Elective,104-10,Discharged,FALSE,5
408571,106107,2025,105,02-08-2025,07-08-2025,Emergency,105-18,Discharged,FALSE,5
408572,107105,2001,102,22-06-2025,24-06-2025,Elective,102-02,Discharged,FALSE,2
408573,100987,2065,104,02-06-2025,03-06-2025,Emergency,104-01,Discharged,FALSE,1
408574,105351,2017,106,25-10-2025,27-10-2025,Elective,106-34,Discharged,TRUE,2
408575,106458,2020,102,10-07-2025,15-07-2025,Referral,102-21,Discharged,FALSE,5
408576,105205,2078,105,19-02-2026,20-02-2026,Referral,105-31,Discharged,FALSE,1
408577,109353,2059,104,18-04-2026,24-04-2026,Elective,104-27,Discharged,FALSE,6
408578,107101,2037,105,10-08-2025,22-08-2025,Elective,105-06,Discharged,FALSE,12
408579,102850,2051,108,07-03-2025,09-03-2025,Referral,108-23,Discharged,FALSE,2
408580,106021,2077,106,14-02-2026,15-02-2026,Emergency,106-16,Discharged,FALSE,1
408581,107398,2008,105,22-01-2026,01-02-2026,Elective,105-30,Discharged,TRUE,10
408582,105387,2037,105,14-09-2025,16-09-2025,Elective,105-06,Discharged,FALSE,2
408583,102391,2007,106,04-07-2025,05-07-2025,Referral,106-34,Transferred,TRUE,1
408584,107064,2025,105,18-05-2025,03-06-2025,Elective,105-19,Discharged,FALSE,16
408585,102583,2020,102,23-08-2025,29-08-2025,Referral,102-19,Discharged,FALSE,6
408586,112000,2015,103,13-01-2026,15-01-2026,Emergency,103-14,Discharged,FALSE,2
408587,107648,2042,102,30-01-2026,01-02-2026,Emergency,102-39,Discharged,FALSE,2
408588,109512,2035,103,11-03-2026,13-03-2026,Emergency,103-47,Discharged,FALSE,2
408589,109837,2067,107,10-10-2025,15-10-2025,Emergency,107-15,Under Treatment,FALSE,5
408590,106697,2002,107,08-11-2025,14-11-2025,Elective,107-04,Transferred,FALSE,6
408591,106375,2071,103,18-02-2025,19-02-2025,Referral,103-38,Discharged,FALSE,1
408592,106700,2013,105,03-05-2026,05-05-2026,Elective,105-39,Discharged,FALSE,2
408593,106658,2066,102,26-02-2025,01-03-2025,Emergency,102-05,Discharged,FALSE,3
408594,105593,2024,108,10-03-2025,12-03-2025,Elective,108-33,Discharged,FALSE,2
408595,103174,2045,107,01-05-2025,02-05-2025,Emergency,107-05,Discharged,FALSE,1
408596,107608,2017,106,11-03-2026,15-03-2026,Elective,106-29,Under Treatment,FALSE,4
408597,108971,2019,101,16-05-2025,21-05-2025,Referral,101-22,Discharged,FALSE,5
408598,111858,2017,106,01-08-2025,06-08-2025,Emergency,106-44,Transferred,FALSE,5
408599,106336,2069,106,11-06-2025,13-06-2025,Emergency,106-35,Discharged,FALSE,2
408600,105943,2046,107,18-11-2025,22-11-2025,Elective,107-36,Transferred,FALSE,4
408601,109613,2067,107,03-06-2026,07-06-2026,Elective,107-50,Discharged,FALSE,4
408602,108060,2004,101,16-09-2025,21-09-2025,Elective,101-23,Discharged,FALSE,5
408603,105373,2003,103,24-11-2025,27-11-2025,Elective,103-11,Discharged,FALSE,3
408604,104551,2072,107,24-12-2025,26-12-2025,Emergency,107-29,Discharged,FALSE,2
408605,102648,2043,108,27-03-2025,28-03-2025,Elective,108-01,Discharged,FALSE,1
408606,107356,2051,108,23-04-2025,24-04-2025,Elective,108-25,Discharged,FALSE,1
408607,109166,2024,108,27-04-2025,30-04-2025,Emergency,108-10,Under Treatment,FALSE,3
408608,103512,2013,105,12-01-2025,19-01-2025,Elective,105-48,Discharged,FALSE,7
408609,106521,2048,101,01-05-2025,05-05-2025,Referral,101-08,Discharged,FALSE,4
408610,103295,2068,101,17-03-2026,23-03-2026,Elective,101-02,Under Treatment,TRUE,6
408611,102878,2027,101,24-04-2025,26-04-2025,Elective,101-43,Discharged,FALSE,2
408612,103018,2078,105,15-02-2026,19-02-2026,Emergency,105-19,Transferred,TRUE,4
408613,109355,2045,107,07-10-2025,08-10-2025,Referral,107-36,Discharged,FALSE,1
408614,107240,2070,106,21-02-2026,26-02-2026,Elective,106-27,Under Treatment,FALSE,5
408615,106530,2007,106,07-09-2025,10-09-2025,Elective,106-20,Discharged,FALSE,3
408616,110529,2046,107,08-02-2025,18-02-2025,Referral,107-21,Discharged,TRUE,10
408617,106228,2073,101,18-05-2026,20-05-2026,Elective,101-10,Discharged,TRUE,2
408618,111149,2076,104,29-10-2025,02-11-2025,Emergency,104-06,Discharged,FALSE,4
408619,105076,2004,101,09-01-2026,10-01-2026,Elective,101-29,Discharged,FALSE,1
408620,106739,2055,106,03-04-2026,08-04-2026,Elective,106-21,Discharged,FALSE,5
408621,103146,2017,106,17-05-2025,24-05-2025,Elective,106-21,Under Treatment,FALSE,7
408622,102139,2003,103,01-12-2025,07-12-2025,Elective,103-13,Discharged,FALSE,6
408623,103243,2072,107,20-02-2025,24-02-2025,Elective,107-29,Discharged,FALSE,4
408624,101880,2069,106,26-11-2025,28-11-2025,Emergency,106-17,Discharged,FALSE,2
408625,111010,2059,104,06-08-2025,11-08-2025,Elective,104-49,Discharged,FALSE,5
408626,110914,2058,102,02-10-2025,05-10-2025,Elective,102-41,Transferred,TRUE,3
408627,104189,2014,105,05-11-2025,07-11-2025,Emergency,105-18,Discharged,FALSE,2
408628,105686,2045,107,03-03-2026,05-03-2026,Elective,107-34,Discharged,FALSE,2
408629,102537,2021,108,01-05-2026,02-05-2026,Elective,108-46,Discharged,FALSE,1
408630,110829,2038,108,05-08-2025,11-08-2025,Emergency,108-22,Discharged,FALSE,6
408631,105593,2022,101,13-07-2025,17-07-2025,Elective,101-49,Discharged,FALSE,4
408632,105979,2002,107,07-02-2025,10-02-2025,Elective,107-19,Discharged,FALSE,3
408633,106133,2059,104,06-08-2025,10-08-2025,Emergency,104-43,Transferred,FALSE,4
408634,105429,2027,101,31-12-2025,04-01-2026,Elective,101-32,Discharged,FALSE,4
408635,111129,2052,104,14-11-2025,19-11-2025,Emergency,104-12,Under Treatment,FALSE,5
408636,111315,2071,103,17-05-2025,21-05-2025,Emergency,103-18,Discharged,FALSE,4
408637,110924,2049,106,19-06-2026,20-06-2026,Elective,106-31,Discharged,FALSE,1
408638,111254,2018,104,13-05-2026,20-05-2026,Emergency,104-08,Discharged,FALSE,7
408639,103409,2043,108,17-02-2026,24-02-2026,Elective,108-45,Under Treatment,TRUE,7
408640,110244,2014,105,02-07-2025,05-07-2025,Emergency,105-36,Discharged,FALSE,3
408641,108299,2056,102,09-02-2025,11-02-2025,Elective,102-42,Discharged,FALSE,2
408642,101377,2052,104,08-01-2026,13-01-2026,Referral,104-14,Discharged,FALSE,5
408643,109561,2040,106,02-10-2025,03-10-2025,Emergency,106-11,Discharged,FALSE,1
408644,107724,2031,104,27-05-2026,31-05-2026,Referral,104-26,Discharged,FALSE,4
408645,108847,2034,102,02-01-2026,04-01-2026,Elective,102-14,Under Treatment,FALSE,2
408646,106144,2029,102,05-05-2026,06-05-2026,Emergency,102-46,Discharged,TRUE,1
408647,101425,2014,105,19-03-2025,30-03-2025,Elective,105-46,Discharged,FALSE,11
408648,110987,2035,103,04-01-2026,13-01-2026,Elective,103-13,Discharged,FALSE,9
408649,106415,2004,101,08-04-2026,10-04-2026,Referral,101-09,Discharged,FALSE,2
408650,110229,2070,106,22-10-2025,23-10-2025,Emergency,106-16,Discharged,FALSE,1
408651,106680,2060,103,04-06-2025,05-06-2025,Emergency,103-11,Discharged,FALSE,1
408652,102930,2066,102,08-07-2025,12-07-2025,Emergency,102-03,Discharged,FALSE,4
408653,104709,2073,101,23-01-2026,27-01-2026,Elective,101-31,Discharged,FALSE,4
408654,103787,2029,102,04-04-2026,06-04-2026,Elective,102-04,Discharged,FALSE,2
408655,107510,2051,108,21-08-2025,05-09-2025,Emergency,108-47,Discharged,TRUE,15
408656,110151,2030,105,24-01-2025,27-01-2025,Elective,105-04,Discharged,FALSE,3
408657,101594,2067,107,11-06-2025,14-06-2025,Emergency,107-35,Discharged,FALSE,3
408658,102619,2020,102,11-06-2026,15-06-2026,Elective,102-40,Discharged,FALSE,4
408659,105760,2005,106,29-03-2026,01-04-2026,Elective,106-43,Discharged,FALSE,3
408660,106395,2020,102,21-02-2026,23-02-2026,Elective,102-21,Discharged,FALSE,2
408661,102506,2050,101,17-08-2025,18-08-2025,Elective,101-42,Discharged,FALSE,1
408662,111407,2071,103,06-02-2026,07-02-2026,Elective,103-36,Discharged,FALSE,1
408663,101969,2016,107,31-03-2025,05-04-2025,Elective,107-02,Discharged,FALSE,5
408664,103209,2078,105,03-03-2025,10-03-2025,Elective,105-50,Discharged,FALSE,7
408665,109536,2068,101,18-06-2026,21-06-2026,Elective,101-10,Discharged,FALSE,3
408666,111898,2028,107,23-01-2025,30-01-2025,Elective,107-46,Discharged,TRUE,7
408667,106415,2006,106,22-04-2026,26-04-2026,Referral,106-38,Discharged,FALSE,4
408668,105480,2072,107,13-07-2025,16-07-2025,Referral,107-24,Discharged,FALSE,3
408669,105106,2053,105,23-05-2025,28-05-2025,Emergency,105-35,Discharged,FALSE,5
408670,104704,2065,104,09-12-2025,10-12-2025,Elective,104-43,Discharged,FALSE,1
408671,101577,2011,108,06-06-2025,08-06-2025,Elective,108-11,Discharged,FALSE,2
408672,103514,2065,104,12-08-2025,14-08-2025,Elective,104-26,Discharged,FALSE,2
408673,103524,2031,104,22-09-2025,23-09-2025,Elective,104-24,Discharged,FALSE,1
408674,102218,2061,104,30-03-2025,05-04-2025,Elective,104-25,Discharged,FALSE,6
408675,108138,2074,108,17-02-2025,22-02-2025,Emergency,108-44,Discharged,FALSE,5
408676,106725,2078,105,26-10-2025,27-10-2025,Elective,105-50,Transferred,FALSE,1
408677,109793,2068,101,28-09-2025,29-09-2025,Referral,101-32,Discharged,FALSE,1
408678,110042,2035,103,05-06-2026,09-06-2026,Emergency,103-45,Discharged,TRUE,4
408679,109080,2075,104,12-07-2025,15-07-2025,Elective,104-10,Discharged,FALSE,3
408680,109000,2030,105,30-01-2026,31-01-2026,Referral,105-22,Discharged,FALSE,1
408681,107285,2074,108,22-09-2025,24-09-2025,Referral,108-39,Under Treatment,FALSE,2
408682,106544,2042,102,09-09-2025,13-09-2025,Emergency,102-33,Discharged,TRUE,4
408683,103885,2074,108,17-06-2026,07-07-2026,Referral,108-13,Discharged,FALSE,20
408684,110785,2001,102,08-01-2025,10-01-2025,Referral,102-23,Discharged,FALSE,2
408685,102802,2023,108,31-12-2025,07-01-2026,Emergency,108-24,Discharged,FALSE,7
408686,111881,2037,105,30-05-2025,05-06-2025,Elective,105-39,Discharged,TRUE,6
408687,101144,2043,108,07-09-2025,09-09-2025,Elective,108-42,Discharged,FALSE,2
408688,100231,2069,106,23-10-2025,29-10-2025,Emergency,106-15,Discharged,FALSE,6
408689,103705,2080,107,27-05-2025,01-06-2025,Elective,107-18,Discharged,TRUE,5
408690,105155,2060,103,14-01-2026,15-01-2026,Elective,103-29,Discharged,FALSE,1
408691,102749,2065,104,19-05-2025,26-05-2025,Elective,104-08,Discharged,FALSE,7
408692,101625,2065,104,02-04-2026,13-04-2026,Elective,104-47,Discharged,FALSE,11
408693,103701,2032,101,15-10-2025,17-10-2025,Elective,101-17,Discharged,FALSE,2
408694,107281,2005,106,24-04-2026,05-05-2026,Elective,106-35,Discharged,FALSE,11
408695,111538,2071,103,07-05-2025,09-05-2025,Emergency,103-49,Under Treatment,FALSE,2
408696,109411,2044,106,21-04-2026,22-04-2026,Elective,106-05,Discharged,FALSE,1
408697,106875,2056,102,13-01-2026,16-01-2026,Elective,102-02,Discharged,FALSE,3
408698,110221,2007,106,20-02-2026,24-02-2026,Elective,106-38,Transferred,FALSE,4
408699,103274,2024,108,18-01-2026,21-01-2026,Elective,108-08,Discharged,FALSE,3
408700,106945,2034,102,15-12-2025,16-12-2025,Elective,102-06,Discharged,FALSE,1
408701,103643,2021,108,06-04-2026,09-04-2026,Emergency,108-18,Discharged,FALSE,3
408702,102134,2038,108,14-03-2025,16-03-2025,Emergency,108-41,Transferred,FALSE,2
408703,102032,2021,108,24-04-2025,27-04-2025,Elective,108-45,Discharged,TRUE,3
408704,109790,2060,103,29-07-2025,31-07-2025,Elective,103-04,Discharged,FALSE,2
408705,109235,2018,104,30-01-2025,31-01-2025,Elective,104-08,Discharged,FALSE,1
408706,109928,2038,108,22-01-2026,01-02-2026,Elective,108-29,Discharged,FALSE,10
408707,105663,2003,103,03-02-2026,10-02-2026,Emergency,103-28,Discharged,FALSE,7
408708,102717,2042,102,25-03-2026,31-03-2026,Elective,102-31,Discharged,FALSE,6
408709,106761,2015,103,16-05-2026,20-05-2026,Elective,103-20,Under Treatment,FALSE,4
408710,103807,2043,108,23-05-2026,28-05-2026,Emergency,108-28,Discharged,FALSE,5
408711,102907,2022,101,14-05-2025,16-05-2025,Emergency,101-28,Discharged,FALSE,2
408712,102745,2044,106,02-04-2026,05-04-2026,Referral,106-33,Discharged,FALSE,3
408713,103922,2054,102,26-04-2025,27-04-2025,Referral,102-49,Discharged,FALSE,1
408714,109123,2040,106,18-04-2025,23-04-2025,Elective,106-11,Discharged,FALSE,5
408715,106775,2012,106,08-02-2026,23-02-2026,Elective,106-13,Discharged,FALSE,15
408716,108213,2024,108,24-11-2025,25-11-2025,Elective,108-19,Discharged,FALSE,1
408717,107492,2078,105,06-07-2025,09-07-2025,Referral,105-05,Discharged,TRUE,3
408718,108601,2059,104,03-12-2025,05-12-2025,Emergency,104-01,Discharged,FALSE,2
408719,109580,2009,105,31-08-2025,04-09-2025,Emergency,105-39,Discharged,FALSE,4
408720,101300,2004,101,20-10-2025,21-10-2025,Elective,101-43,Discharged,FALSE,1
408721,100600,2070,106,12-06-2025,17-06-2025,Elective,106-40,Discharged,FALSE,5
408722,102755,2076,104,12-03-2025,14-03-2025,Elective,104-44,Discharged,FALSE,2
408723,107271,2046,107,18-01-2026,26-01-2026,Emergency,107-30,Discharged,FALSE,8
408724,108697,2033,105,17-11-2025,21-11-2025,Emergency,105-08,Discharged,FALSE,4
408725,102769,2067,107,20-02-2025,03-03-2025,Elective,107-34,Discharged,FALSE,11
408726,111527,2070,106,07-06-2025,16-06-2025,Elective,106-14,Discharged,FALSE,9
408727,102576,2066,102,26-02-2026,06-03-2026,Referral,102-29,Discharged,FALSE,8
408728,107368,2067,107,13-12-2025,14-12-2025,Elective,107-50,Discharged,FALSE,1
408729,100809,2069,106,29-01-2025,30-01-2025,Emergency,106-09,Discharged,FALSE,1
408730,105504,2021,108,17-11-2025,21-11-2025,Elective,108-07,Discharged,FALSE,4
408731,105484,2017,106,23-04-2025,25-04-2025,Emergency,106-34,Discharged,TRUE,2
408732,110727,2018,104,12-06-2025,14-06-2025,Emergency,104-25,Discharged,FALSE,2
408733,105299,2065,104,24-05-2026,03-06-2026,Elective,104-40,Discharged,FALSE,10
408734,111472,2069,106,27-10-2025,28-10-2025,Emergency,106-39,Under Treatment,FALSE,1
408735,107842,2009,105,02-04-2025,06-04-2025,Emergency,105-41,Discharged,FALSE,4
408736,100756,2070,106,06-10-2025,10-10-2025,Elective,106-43,Under Treatment,FALSE,4
408737,108914,2056,102,02-04-2025,08-04-2025,Elective,102-39,Discharged,FALSE,6
408738,102268,2057,101,09-10-2025,20-10-2025,Elective,101-43,Discharged,FALSE,11
408739,106964,2039,108,27-10-2025,01-11-2025,Emergency,108-46,Discharged,FALSE,5
408740,103792,2043,108,15-02-2025,17-02-2025,Elective,108-22,Discharged,FALSE,2
408741,100025,2045,107,14-01-2025,23-01-2025,Elective,107-31,Discharged,FALSE,9
408742,104915,2068,101,12-02-2025,18-02-2025,Emergency,101-08,Transferred,FALSE,6
408743,101904,2072,107,20-03-2026,25-03-2026,Elective,107-02,Discharged,FALSE,5
408744,102038,2078,105,21-01-2025,29-01-2025,Elective,105-35,Discharged,FALSE,8
408745,105054,2038,108,31-08-2025,07-09-2025,Elective,108-12,Transferred,FALSE,7
408746,109495,2010,104,07-01-2026,08-01-2026,Emergency,104-33,Discharged,FALSE,1
408747,105841,2073,101,17-05-2026,18-05-2026,Emergency,101-03,Discharged,FALSE,1
408748,111619,2078,105,18-06-2026,21-06-2026,Elective,105-34,Discharged,FALSE,3
408749,110214,2051,108,19-08-2025,26-08-2025,Elective,108-34,Discharged,FALSE,7
408750,100777,2007,106,28-05-2025,02-06-2025,Elective,106-22,Discharged,FALSE,5
408751,100638,2062,101,12-12-2025,15-12-2025,Elective,101-34,Discharged,TRUE,3
408752,106650,2029,102,05-09-2025,17-09-2025,Elective,102-18,Discharged,FALSE,12
408753,105111,2047,102,27-01-2026,08-02-2026,Elective,102-21,Discharged,FALSE,12
408754,110755,2037,105,07-03-2025,11-03-2025,Emergency,105-40,Discharged,FALSE,4
408755,103497,2011,108,19-03-2026,20-03-2026,Elective,108-19,Discharged,FALSE,1
408756,104090,2052,104,02-07-2025,03-07-2025,Elective,104-41,Discharged,FALSE,1
408757,103584,2003,103,04-02-2026,06-02-2026,Elective,103-29,Discharged,TRUE,2
408758,101228,2017,106,03-09-2025,09-09-2025,Elective,106-46,Transferred,FALSE,6
408759,105881,2043,108,27-09-2025,05-10-2025,Emergency,108-22,Under Treatment,FALSE,8
408760,103774,2002,107,13-11-2025,17-11-2025,Elective,107-21,Under Treatment,TRUE,4
408761,101702,2060,103,17-02-2026,23-02-2026,Elective,103-04,Discharged,FALSE,6
408762,107630,2075,104,10-05-2026,14-05-2026,Elective,104-05,Discharged,FALSE,4
408763,107265,2025,105,05-10-2025,13-10-2025,Elective,105-32,Under Treatment,FALSE,8
408764,103815,2040,106,15-09-2025,17-09-2025,Elective,106-01,Discharged,FALSE,2
408765,108775,2010,104,11-01-2026,13-01-2026,Referral,104-40,Discharged,TRUE,2
408766,107912,2013,105,01-08-2025,06-08-2025,Emergency,105-13,Discharged,FALSE,5
408767,101772,2027,101,09-01-2025,13-01-2025,Elective,101-25,Under Treatment,FALSE,4
408768,103219,2043,108,15-07-2025,21-07-2025,Elective,108-33,Discharged,FALSE,6
408769,102512,2051,108,02-10-2025,08-10-2025,Emergency,108-37,Discharged,FALSE,6
408770,111049,2006,106,25-05-2025,26-05-2025,Elective,106-42,Discharged,FALSE,1
408771,103539,2046,107,27-10-2025,28-10-2025,Elective,107-11,Discharged,FALSE,1
408772,110126,2054,102,31-05-2025,03-06-2025,Emergency,102-17,Transferred,FALSE,3
408773,111767,2041,105,21-05-2025,22-05-2025,Emergency,105-09,Discharged,FALSE,1
408774,105832,2069,106,18-01-2026,23-01-2026,Elective,106-40,Discharged,FALSE,5
408775,111133,2030,105,26-04-2026,28-04-2026,Elective,105-24,Discharged,FALSE,2
408776,100532,2039,108,06-01-2026,09-01-2026,Emergency,108-08,Discharged,FALSE,3
408777,105170,2029,102,08-11-2025,11-11-2025,Referral,102-20,Discharged,FALSE,3
408778,102323,2035,103,07-06-2025,08-06-2025,Elective,103-02,Discharged,FALSE,1
408779,100980,2039,108,22-02-2026,28-02-2026,Referral,108-07,Under Treatment,FALSE,6
408780,111362,2006,106,19-06-2026,24-06-2026,Elective,106-23,Under Treatment,FALSE,5
408781,108202,2025,105,17-04-2025,20-04-2025,Elective,105-20,Discharged,FALSE,3
408782,102701,2006,106,22-07-2025,25-07-2025,Elective,106-30,Transferred,FALSE,3
408783,110127,2079,104,24-02-2026,28-02-2026,Elective,104-25,Discharged,FALSE,4
408784,101529,2039,108,14-02-2025,19-02-2025,Elective,108-05,Discharged,FALSE,5
408785,109623,2058,102,28-02-2026,03-03-2026,Referral,102-38,Discharged,FALSE,3
408786,104260,2003,103,28-05-2025,01-06-2025,Elective,103-16,Discharged,FALSE,4
408787,110400,2036,102,27-07-2025,31-07-2025,Emergency,102-47,Discharged,FALSE,4
408788,103268,2034,102,29-03-2025,03-04-2025,Elective,102-12,Discharged,FALSE,5
408789,108233,2017,106,10-01-2026,13-01-2026,Emergency,106-42,Discharged,FALSE,3
408790,107883,2046,107,18-03-2025,19-03-2025,Elective,107-35,Discharged,FALSE,1
408791,101431,2011,108,09-05-2025,21-05-2025,Elective,108-27,Under Treatment,FALSE,12
408792,100024,2024,108,04-08-2025,11-08-2025,Elective,108-50,Discharged,FALSE,7
408793,103414,2039,108,03-04-2025,06-04-2025,Referral,108-19,Discharged,FALSE,3
408794,100319,2001,102,23-05-2026,01-06-2026,Emergency,102-28,Discharged,FALSE,9
408795,103175,2022,101,03-06-2025,06-06-2025,Emergency,101-02,Discharged,FALSE,3
408796,107024,2012,106,02-05-2025,03-05-2025,Emergency,106-06,Under Treatment,FALSE,1
408797,104795,2051,108,28-01-2025,29-01-2025,Emergency,108-42,Discharged,FALSE,1
408798,107168,2007,106,30-10-2025,03-11-2025,Elective,106-04,Discharged,FALSE,4
408799,109308,2048,101,15-09-2025,20-09-2025,Referral,101-03,Transferred,FALSE,5
408800,108588,2019,101,16-07-2025,19-07-2025,Emergency,101-47,Discharged,FALSE,3
408801,102509,2025,105,03-03-2026,07-03-2026,Elective,105-32,Discharged,FALSE,4
408802,105698,2027,101,21-11-2025,30-11-2025,Elective,101-19,Transferred,FALSE,9
408803,105275,2004,101,10-10-2025,13-10-2025,Elective,101-48,Discharged,FALSE,3
408804,110956,2052,104,14-03-2026,15-03-2026,Emergency,104-31,Transferred,FALSE,1
408805,101126,2043,108,05-09-2025,07-09-2025,Emergency,108-31,Discharged,FALSE,2
408806,101720,2021,108,07-03-2026,10-03-2026,Elective,108-03,Discharged,FALSE,3
408807,103085,2072,107,18-04-2025,20-04-2025,Emergency,107-03,Discharged,FALSE,2
408808,101279,2004,101,22-07-2025,29-07-2025,Referral,101-20,Discharged,TRUE,7
408809,110391,2072,107,21-10-2025,25-10-2025,Elective,107-29,Discharged,FALSE,4
408810,108352,2011,108,11-05-2026,13-05-2026,Elective,108-23,Discharged,FALSE,2
408811,102555,2078,105,03-03-2026,04-03-2026,Elective,105-06,Transferred,FALSE,1
408812,106043,2004,101,01-05-2026,03-05-2026,Referral,101-47,Discharged,FALSE,2
408813,107191,2021,108,01-02-2025,03-02-2025,Elective,108-04,Discharged,FALSE,2
408814,101858,2050,101,24-07-2025,25-07-2025,Elective,101-04,Discharged,FALSE,1
408815,108785,2028,107,08-05-2026,14-05-2026,Elective,107-49,Discharged,FALSE,6
408816,108710,2025,105,09-07-2025,16-07-2025,Emergency,105-08,Discharged,FALSE,7
408817,100400,2061,104,21-07-2025,31-07-2025,Emergency,104-41,Discharged,FALSE,10
408818,108816,2019,101,04-01-2025,10-01-2025,Emergency,101-06,Discharged,FALSE,6
408819,105655,2050,101,07-07-2025,09-07-2025,Emergency,101-27,Discharged,FALSE,2
408820,105982,2002,107,22-06-2025,24-06-2025,Elective,107-44,Under Treatment,FALSE,2
408821,102087,2065,104,24-04-2026,03-05-2026,Elective,104-27,Discharged,FALSE,9
408822,106354,2048,101,04-12-2025,06-12-2025,Elective,101-43,Transferred,FALSE,2
408823,105727,2050,101,01-05-2026,08-05-2026,Referral,101-26,Discharged,FALSE,7
408824,104895,2079,104,12-01-2025,18-01-2025,Emergency,104-43,Under Treatment,FALSE,6
408825,105245,2065,104,20-02-2026,21-02-2026,Emergency,104-18,Under Treatment,FALSE,1
408826,103260,2011,108,15-11-2025,17-11-2025,Elective,108-27,Discharged,FALSE,2
408827,103787,2066,102,22-12-2025,24-12-2025,Elective,102-29,Discharged,FALSE,2
408828,108396,2029,102,10-10-2025,12-10-2025,Emergency,102-17,Discharged,FALSE,2
408829,104577,2020,102,16-01-2025,17-01-2025,Emergency,102-46,Under Treatment,FALSE,1
408830,110323,2007,106,04-06-2026,06-06-2026,Elective,106-26,Transferred,FALSE,2
408831,110887,2010,104,16-02-2026,20-02-2026,Elective,104-28,Discharged,FALSE,4
408832,107797,2043,108,07-11-2025,09-11-2025,Elective,108-01,Discharged,TRUE,2
408833,106536,2062,101,01-05-2026,06-05-2026,Referral,101-10,Discharged,FALSE,5
408834,108778,2038,108,18-06-2026,24-06-2026,Elective,108-43,Discharged,FALSE,6
408835,108593,2043,108,23-03-2025,24-03-2025,Emergency,108-08,Discharged,FALSE,1
408836,103365,2050,101,19-02-2025,22-02-2025,Elective,101-30,Discharged,FALSE,3
408837,105066,2024,108,13-04-2025,17-04-2025,Elective,108-41,Discharged,TRUE,4
408838,111199,2060,103,07-06-2026,09-06-2026,Elective,103-14,Discharged,FALSE,2
408839,109448,2054,102,21-04-2025,30-04-2025,Emergency,102-21,Discharged,FALSE,9
408840,109044,2033,105,02-11-2025,07-11-2025,Emergency,105-11,Discharged,FALSE,5
408841,108129,2048,101,22-08-2025,24-08-2025,Emergency,101-26,Under Treatment,FALSE,2
408842,104697,2017,106,10-05-2026,20-05-2026,Emergency,106-13,Discharged,FALSE,10
408843,108710,2052,104,15-01-2026,18-01-2026,Elective,104-16,Transferred,FALSE,3
408844,107674,2072,107,31-03-2026,08-04-2026,Elective,107-12,Discharged,FALSE,8
408845,108745,2075,104,16-04-2025,18-04-2025,Emergency,104-27,Discharged,FALSE,2
408846,106207,2014,105,06-06-2025,07-06-2025,Elective,105-44,Transferred,TRUE,1
408847,104218,2077,106,17-05-2025,23-05-2025,Elective,106-28,Discharged,FALSE,6
408848,111049,2017,106,07-06-2025,14-06-2025,Elective,106-25,Discharged,FALSE,7
408849,103414,2034,102,26-05-2025,10-06-2025,Elective,102-06,Discharged,FALSE,15
408850,104545,2028,107,08-10-2025,15-10-2025,Emergency,107-31,Discharged,FALSE,7
408851,109436,2070,106,19-01-2026,21-01-2026,Referral,106-25,Discharged,FALSE,2
408852,108107,2058,102,26-02-2025,28-02-2025,Emergency,102-44,Discharged,FALSE,2
408853,107188,2060,103,10-05-2026,17-05-2026,Elective,103-12,Discharged,FALSE,7
408854,107811,2025,105,26-05-2026,29-05-2026,Elective,105-50,Discharged,TRUE,3
408855,104021,2031,104,22-07-2025,25-07-2025,Referral,104-08,Discharged,FALSE,3
408856,105929,2005,106,25-04-2026,26-04-2026,Emergency,106-27,Transferred,FALSE,1
408857,103089,2076,104,13-12-2025,15-12-2025,Elective,104-29,Transferred,FALSE,2
408858,111588,2052,104,17-01-2025,22-01-2025,Referral,104-38,Transferred,FALSE,5
408859,101202,2068,101,13-04-2025,17-04-2025,Referral,101-44,Discharged,FALSE,4
408860,102347,2049,106,06-01-2025,07-01-2025,Emergency,106-24,Discharged,FALSE,1
408861,104287,2007,106,01-09-2025,03-09-2025,Elective,106-45,Discharged,FALSE,2
408862,101179,2049,106,22-10-2025,23-10-2025,Elective,106-22,Discharged,FALSE,1
408863,100622,2074,108,17-03-2026,22-03-2026,Elective,108-09,Discharged,FALSE,5
408864,108032,2044,106,15-04-2026,17-04-2026,Referral,106-35,Discharged,FALSE,2
408865,110349,2012,106,13-11-2025,20-11-2025,Elective,106-38,Transferred,FALSE,7
408866,107406,2005,106,23-03-2026,27-03-2026,Emergency,106-47,Discharged,FALSE,4
408867,102085,2069,106,01-12-2025,03-12-2025,Referral,106-47,Discharged,TRUE,2
408868,110697,2068,101,12-03-2025,13-03-2025,Elective,101-47,Discharged,FALSE,1
408869,105849,2012,106,08-10-2025,12-10-2025,Emergency,106-33,Transferred,FALSE,4
408870,109483,2040,106,09-07-2025,13-07-2025,Elective,106-03,Discharged,FALSE,4
408871,107049,2030,105,04-03-2025,08-03-2025,Emergency,105-33,Transferred,FALSE,4
408872,107438,2063,108,09-01-2026,11-01-2026,Elective,108-24,Discharged,FALSE,2
408873,105765,2013,105,27-04-2026,01-05-2026,Elective,105-34,Transferred,FALSE,4
408874,103965,2013,105,22-03-2026,26-03-2026,Emergency,105-27,Discharged,FALSE,4
408875,105510,2005,106,29-11-2025,05-12-2025,Emergency,106-08,Discharged,FALSE,6
408876,102392,2047,102,20-03-2026,21-03-2026,Elective,102-11,Discharged,FALSE,1
408877,101242,2063,108,09-10-2025,22-10-2025,Elective,108-38,Discharged,TRUE,13
408878,104613,2059,104,27-01-2025,31-01-2025,Elective,104-43,Discharged,FALSE,4
408879,105343,2048,101,24-12-2025,26-12-2025,Emergency,101-44,Discharged,FALSE,2
408880,107353,2048,101,22-07-2025,23-07-2025,Elective,101-28,Discharged,FALSE,1
408881,109177,2030,105,17-01-2026,18-01-2026,Referral,105-34,Discharged,TRUE,1
408882,105684,2067,107,06-08-2025,08-08-2025,Elective,107-14,Discharged,FALSE,2
408883,110265,2067,107,17-04-2026,29-04-2026,Elective,107-49,Discharged,FALSE,12
408884,108653,2012,106,29-03-2026,31-03-2026,Emergency,106-11,Discharged,FALSE,2
408885,105339,2053,105,25-03-2025,29-03-2025,Referral,105-49,Discharged,FALSE,4
408886,111812,2003,103,03-07-2025,05-07-2025,Elective,103-11,Discharged,FALSE,2
408887,102559,2058,102,08-04-2026,15-04-2026,Emergency,102-46,Discharged,FALSE,7
408888,107200,2029,102,03-02-2026,15-02-2026,Elective,102-38,Transferred,FALSE,12
408889,109314,2042,102,02-11-2025,04-11-2025,Elective,102-30,Discharged,FALSE,2
408890,110133,2036,102,25-03-2026,27-03-2026,Emergency,102-22,Discharged,FALSE,2
408891,100127,2072,107,29-10-2025,02-11-2025,Elective,107-50,Discharged,TRUE,4
408892,102801,2019,101,27-06-2025,29-06-2025,Elective,101-22,Under Treatment,FALSE,2
408893,106500,2027,101,03-04-2025,05-04-2025,Elective,101-23,Discharged,TRUE,2
408894,102381,2049,106,27-01-2026,01-02-2026,Referral,106-45,Discharged,FALSE,5
408895,107400,2022,101,23-10-2025,24-10-2025,Elective,101-34,Discharged,FALSE,1
408896,110121,2075,104,01-04-2025,06-04-2025,Emergency,104-25,Discharged,TRUE,5
408897,107544,2023,108,13-02-2025,18-02-2025,Emergency,108-11,Discharged,FALSE,5
408898,106056,2025,105,23-11-2025,26-11-2025,Emergency,105-16,Discharged,FALSE,3
408899,109716,2009,105,25-07-2025,27-07-2025,Referral,105-44,Discharged,FALSE,2
408900,100733,2062,101,08-05-2026,11-05-2026,Elective,101-50,Discharged,FALSE,3
408901,110768,2040,106,12-12-2025,13-12-2025,Elective,106-40,Discharged,FALSE,1
408902,107499,2054,102,29-07-2025,03-08-2025,Emergency,102-20,Discharged,FALSE,5
408903,106335,2072,107,31-07-2025,02-08-2025,Elective,107-30,Discharged,FALSE,2
408904,108004,2064,108,29-03-2026,30-03-2026,Elective,108-28,Discharged,FALSE,1
408905,100559,2021,108,04-09-2025,08-09-2025,Referral,108-15,Discharged,FALSE,4
408906,108703,2002,107,06-03-2025,07-03-2025,Elective,107-04,Discharged,TRUE,1
408907,105765,2050,101,23-09-2025,26-09-2025,Elective,101-35,Discharged,FALSE,3
408908,108361,2034,102,18-03-2026,19-03-2026,Emergency,102-45,Discharged,FALSE,1
408909,109508,2015,103,16-01-2025,18-01-2025,Emergency,103-24,Under Treatment,TRUE,2
408910,104729,2052,104,14-08-2025,17-08-2025,Elective,104-11,Discharged,FALSE,3
408911,111828,2062,101,27-07-2025,01-08-2025,Elective,101-30,Discharged,FALSE,5
408912,103406,2053,105,22-01-2026,28-01-2026,Emergency,105-12,Discharged,TRUE,6
408913,108790,2060,103,20-06-2025,26-06-2025,Elective,103-20,Under Treatment,FALSE,6
408914,103032,2075,104,26-06-2025,08-07-2025,Emergency,104-46,Discharged,FALSE,12
408915,100469,2058,102,27-03-2025,30-03-2025,Elective,102-32,Discharged,TRUE,3
408916,108494,2049,106,07-06-2025,08-06-2025,Elective,106-13,Discharged,FALSE,1
408917,101199,2072,107,12-06-2025,20-06-2025,Referral,107-42,Discharged,FALSE,8
408918,101293,2066,102,30-09-2025,02-10-2025,Elective,102-12,Discharged,FALSE,2
408919,105679,2056,102,02-02-2026,06-02-2026,Emergency,102-42,Discharged,FALSE,4
408920,108799,2042,102,12-07-2025,16-07-2025,Emergency,102-12,Discharged,FALSE,4
408921,110362,2003,103,23-09-2025,25-09-2025,Emergency,103-24,Under Treatment,FALSE,2
408922,111924,2006,106,31-01-2026,02-02-2026,Elective,106-24,Discharged,FALSE,2
408923,106995,2017,106,18-03-2026,22-03-2026,Elective,106-09,Discharged,FALSE,4
408924,104920,2046,107,12-04-2026,13-04-2026,Elective,107-31,Discharged,FALSE,1
408925,101874,2079,104,10-06-2025,11-06-2025,Elective,104-06,Under Treatment,FALSE,1
408926,108588,2038,108,21-04-2025,24-04-2025,Elective,108-27,Discharged,FALSE,3
408927,101976,2066,102,02-08-2025,10-08-2025,Elective,102-38,Transferred,FALSE,8
408928,111247,2024,108,17-07-2025,26-07-2025,Elective,108-50,Discharged,FALSE,9
408929,109228,2025,105,15-01-2026,17-01-2026,Emergency,105-38,Discharged,FALSE,2
408930,110497,2023,108,05-01-2026,06-01-2026,Elective,108-22,Discharged,FALSE,1
408931,106347,2003,103,16-04-2025,21-04-2025,Referral,103-40,Discharged,FALSE,5
408932,109686,2013,105,16-10-2025,20-10-2025,Referral,105-06,Discharged,FALSE,4
408933,106485,2054,102,31-03-2025,06-04-2025,Elective,102-04,Discharged,FALSE,6
408934,107885,2071,103,31-10-2025,03-11-2025,Emergency,103-24,Discharged,FALSE,3
408935,107730,2019,101,21-03-2025,27-03-2025,Elective,101-03,Discharged,FALSE,6
408936,101255,2064,108,03-12-2025,08-12-2025,Emergency,108-04,Discharged,FALSE,5
408937,108267,2050,101,31-01-2025,01-02-2025,Elective,101-13,Discharged,FALSE,1
408938,106888,2071,103,28-03-2026,06-04-2026,Emergency,103-43,Discharged,FALSE,9
408939,103111,2051,108,27-01-2025,31-01-2025,Elective,108-39,Discharged,FALSE,4
408940,100716,2044,106,17-08-2025,21-08-2025,Elective,106-26,Discharged,FALSE,4
408941,109054,2035,103,10-06-2026,12-06-2026,Elective,103-09,Discharged,FALSE,2
408942,111681,2069,106,25-04-2025,29-04-2025,Elective,106-07,Discharged,FALSE,4
408943,103615,2080,107,04-12-2025,08-12-2025,Elective,107-18,Discharged,TRUE,4
408944,110727,2073,101,26-03-2025,27-03-2025,Elective,101-42,Discharged,FALSE,1
408945,102093,2009,105,24-04-2025,26-04-2025,Elective,105-08,Under Treatment,FALSE,2
408946,110216,2008,105,28-06-2025,07-07-2025,Elective,105-38,Discharged,FALSE,9
408947,100760,2064,108,11-04-2026,14-04-2026,Elective,108-29,Discharged,FALSE,3
408948,108177,2049,106,24-06-2025,02-07-2025,Referral,106-50,Discharged,FALSE,8
408949,107131,2060,103,06-01-2025,10-01-2025,Elective,103-30,Discharged,FALSE,4
408950,109338,2023,108,19-02-2026,20-02-2026,Elective,108-22,Discharged,FALSE,1
408951,107613,2033,105,15-04-2026,17-04-2026,Emergency,105-36,Discharged,FALSE,2
408952,106127,2033,105,26-07-2025,29-07-2025,Emergency,105-45,Discharged,FALSE,3
408953,109831,2030,105,02-03-2025,03-03-2025,Elective,105-36,Under Treatment,FALSE,1
408954,105790,2042,102,07-04-2025,11-04-2025,Emergency,102-23,Discharged,FALSE,4
408955,100860,2067,107,26-06-2025,27-06-2025,Elective,107-26,Discharged,FALSE,1
408956,103095,2027,101,22-08-2025,28-08-2025,Elective,101-13,Discharged,FALSE,6
408957,110799,2066,102,13-05-2025,15-05-2025,Elective,102-41,Discharged,FALSE,2
408958,101929,2074,108,08-06-2026,12-06-2026,Elective,108-01,Discharged,FALSE,4
408959,109990,2023,108,09-05-2026,11-05-2026,Elective,108-10,Discharged,TRUE,2
408960,109077,2052,104,07-02-2025,18-02-2025,Emergency,104-19,Discharged,FALSE,11
408961,108986,2070,106,08-04-2025,09-04-2025,Elective,106-31,Transferred,TRUE,1
408962,105686,2034,102,02-01-2025,09-01-2025,Elective,102-50,Discharged,FALSE,7
408963,109972,2023,108,27-01-2026,31-01-2026,Elective,108-38,Transferred,FALSE,4
408964,106114,2054,102,24-12-2025,29-12-2025,Elective,102-37,Discharged,FALSE,5
408965,102543,2042,102,16-04-2025,23-04-2025,Emergency,102-01,Discharged,FALSE,7
408966,111355,2049,106,07-05-2026,08-05-2026,Elective,106-06,Transferred,FALSE,1
408967,111836,2018,104,26-03-2025,30-03-2025,Emergency,104-18,Discharged,FALSE,4
408968,104569,2022,101,10-06-2025,13-06-2025,Elective,101-38,Discharged,FALSE,3
408969,105275,2011,108,06-02-2025,08-02-2025,Elective,108-30,Discharged,FALSE,2
408970,107558,2075,104,06-02-2026,10-02-2026,Emergency,104-01,Discharged,FALSE,4
408971,101555,2004,101,22-04-2025,26-04-2025,Elective,101-05,Discharged,TRUE,4
408972,111568,2071,103,08-11-2025,17-11-2025,Elective,103-14,Discharged,FALSE,9
408973,104232,2073,101,12-07-2025,13-07-2025,Referral,101-34,Discharged,FALSE,1
408974,105263,2040,106,23-03-2025,27-03-2025,Elective,106-50,Discharged,FALSE,4
408975,103535,2046,107,17-03-2025,18-03-2025,Elective,107-02,Discharged,FALSE,1
408976,108501,2056,102,10-05-2026,16-05-2026,Emergency,102-02,Discharged,FALSE,6
408977,102481,2012,106,07-12-2025,11-12-2025,Elective,106-45,Discharged,FALSE,4
408978,100171,2034,102,25-05-2025,04-06-2025,Elective,102-34,Transferred,FALSE,10
408979,108658,2020,102,29-01-2026,01-02-2026,Emergency,102-40,Discharged,FALSE,3
408980,108169,2036,102,25-12-2025,30-12-2025,Emergency,102-16,Discharged,FALSE,5
408981,100013,2016,107,26-08-2025,29-08-2025,Emergency,107-50,Discharged,FALSE,3
408982,106533,2015,103,13-12-2025,16-12-2025,Elective,103-41,Discharged,FALSE,3
408983,108361,2060,103,08-03-2026,09-03-2026,Emergency,103-17,Under Treatment,FALSE,1
408984,107274,2042,102,28-02-2025,01-03-2025,Elective,102-33,Under Treatment,FALSE,1
408985,102471,2077,106,04-08-2025,05-08-2025,Elective,106-46,Discharged,FALSE,1
408986,105907,2059,104,16-05-2026,19-05-2026,Referral,104-13,Discharged,TRUE,3
408987,100981,2053,105,05-10-2025,07-10-2025,Emergency,105-28,Discharged,FALSE,2
408988,108784,2028,107,13-06-2025,18-06-2025,Emergency,107-40,Discharged,FALSE,5
408989,100337,2072,107,04-04-2026,09-04-2026,Elective,107-14,Discharged,FALSE,5
408990,108095,2032,101,10-06-2025,11-06-2025,Emergency,101-10,Discharged,FALSE,1
408991,110535,2019,101,29-06-2025,05-07-2025,Emergency,101-20,Discharged,FALSE,6
408992,100878,2032,101,29-09-2025,02-10-2025,Elective,101-03,Transferred,FALSE,3
408993,100964,2013,105,05-01-2025,11-01-2025,Elective,105-37,Under Treatment,TRUE,6
408994,100950,2007,106,01-06-2026,05-06-2026,Elective,106-48,Discharged,TRUE,4
408995,102195,2038,108,06-06-2025,07-06-2025,Elective,108-08,Discharged,FALSE,1
408996,110674,2032,101,29-09-2025,04-10-2025,Referral,101-50,Discharged,FALSE,5
408997,102656,2076,104,20-06-2025,23-06-2025,Elective,104-47,Discharged,FALSE,3
408998,110621,2053,105,19-11-2025,21-11-2025,Elective,105-07,Discharged,FALSE,2
408999,103789,2056,102,24-01-2025,29-01-2025,Elective,102-04,Under Treatment,FALSE,5
409000,110922,2007,106,27-03-2025,29-03-2025,Elective,106-43,Discharged,FALSE,2
